{
  "cameraPoseARFrame" : [
    -0.50262701511383057,
    0.3356202244758606,
    -0.79669660329818726,
    -0.23793645203113556,
    -0.84450364112854004,
    0.0064633148722350597,
    0.53551071882247925,
    0.20157110691070557,
    0.18487752974033356,
    0.94197535514831543,
    0.28018391132354736,
    0.07052130252122879,
    0,
    0,
    0,
    1
  ],
  "averageVelocity" : 0.07636009156703949,
  "averageAngularVelocity" : 0.071799054741859436,
  "frame_index" : 27,
  "projectionMatrix" : [
    1.5128804445266724,
    0,
    -0.0080101490020751953,
    0,
    0,
    2.0171740055084229,
    -0.0057034492492675781,
    0,
    0,
    0,
    -0.9999997615814209,
    -0.00099999981466680765,
    0,
    0,
    -1,
    0
  ],
  "motionQuality" : 0.97818285226821899,
  "cameraGrain" : 0,
  "exposureDuration" : 0.01666666753590107,
  "intrinsics" : [
    1452.365234375,
    0,
    967.18975830078125,
    0,
    1452.365234375,
    715.3935546875,
    0,
    0,
    1
  ],
  "time" : 972542.7630048336
}