{
  "frame_index" : 14,
  "averageVelocity" : 0.15909062325954437,
  "cameraPoseARFrame" : [
    0.37223950028419495,
    -0.75990867614746094,
    0.53289490938186646,
    0.082368217408657074,
    -0.85899293422698975,
    -0.064608752727508545,
    0.50789451599121094,
    0.19428086280822754,
    -0.35152378678321838,
    -0.64681130647659302,
    -0.67680615186691284,
    -0.17013108730316162,
    0,
    0,
    0,
    1
  ],
  "cameraGrain" : 0,
  "exposureDuration" : 0.01666666753590107,
  "motionQuality" : 0.8957781195640564,
  "projectionMatrix" : [
    1.5182383060455322,
    0,
    -0.0080611705780029297,
    0,
    0,
    2.024317741394043,
    -0.0063971281051635742,
    0,
    0,
    0,
    -0.9999997615814209,
    -0.00099999981466680765,
    0,
    0,
    -1,
    0
  ],
  "time" : 972535.89783325023,
  "intrinsics" : [
    1457.5087890625,
    0,
    967.23876953125,
    0,
    1457.5087890625,
    714.89404296875,
    0,
    0,
    1
  ],
  "averageAngularVelocity" : 0.36477658152580261
}