{
  "cameraPoseARFrame" : [
    -0.46673581004142761,
    -0.14478592574596405,
    -0.87246501445770264,
    -0.25250262022018433,
    -0.88339179754257202,
    0.029307903721928596,
    0.46771764755249023,
    0.21358382701873779,
    -0.042148813605308533,
    0.98902904987335205,
    -0.14158171415328979,
    -0.060797557234764099,
    0,
    0,
    0,
    0.99999994039535522
  ],
  "averageVelocity" : 0,
  "averageAngularVelocity" : 0.1909756064414978,
  "frame_index" : 24,
  "projectionMatrix" : [
    1.508402943611145,
    0,
    -0.0082372426986694336,
    0,
    0,
    2.0112037658691406,
    -0.0060508251190185547,
    0,
    0,
    0,
    -0.9999997615814209,
    -0.00099999981466680765,
    0,
    0,
    -1,
    0
  ],
  "motionQuality" : 0.94543552398681641,
  "cameraGrain" : 0,
  "exposureDuration" : 0.01666666753590107,
  "intrinsics" : [
    1448.0667724609375,
    0,
    967.40771484375,
    0,
    1448.0667724609375,
    715.1434326171875,
    0,
    0,
    1
  ],
  "time" : 972541.19642420858
}