{
  "frame_index" : 34,
  "averageVelocity" : 0,
  "cameraPoseARFrame" : [
    -0.9826430082321167,
    0.18260654807090759,
    0.032678578048944473,
    -0.023144127801060677,
    0.044624447822570801,
    0.06169658899307251,
    0.99709689617156982,
    0.23384140431880951,
    0.18006029725074768,
    0.98124855756759644,
    -0.068774454295635223,
    -0.019392415881156921,
    0,
    0,
    0,
    1.0000001192092896
  ],
  "cameraGrain" : 0,
  "exposureDuration" : 0.01666666753590107,
  "intrinsics" : [
    1480.798583984375,
    0,
    960.73419189453125,
    0,
    1480.798583984375,
    715.56378173828125,
    0,
    0,
    1
  ],
  "time" : 972546.46493854187,
  "projectionMatrix" : [
    1.5424984693527222,
    0,
    -0.0012856721878051758,
    0,
    0,
    2.0566647052764893,
    -0.0054669380187988281,
    0,
    0,
    0,
    -0.9999997615814209,
    -0.00099999981466680765,
    0,
    0,
    -1,
    0
  ],
  "motionQuality" : 0.99406158924102783,
  "averageAngularVelocity" : 0.020784338936209679
}