{
  "cameraPoseARFrame" : [
    0.51622676849365234,
    0.11885747313499451,
    0.84816467761993408,
    0.17328450083732605,
    -0.84986883401870728,
    -0.051462169736623764,
    0.52447563409805298,
    0.17871999740600586,
    0.10598623007535934,
    -0.99157696962356567,
    0.074447095394134521,
    0.039926234632730484,
    0,
    0,
    0,
    1
  ],
  "averageVelocity" : 0.14064954221248627,
  "averageAngularVelocity" : 0.33911356329917908,
  "frame_index" : 10,
  "projectionMatrix" : [
    1.5322129726409912,
    0,
    -0.0080990791320800781,
    0,
    0,
    2.0429506301879883,
    -0.0064942836761474609,
    0,
    0,
    0,
    -0.9999997615814209,
    -0.00099999981466680765,
    0,
    0,
    -1,
    0
  ],
  "motionQuality" : 0.90311038494110107,
  "cameraGrain" : 0,
  "exposureDuration" : 0.01666666753590107,
  "time" : 972533.79682820849,
  "intrinsics" : [
    1470.9244384765625,
    0,
    967.27508544921875,
    0,
    1470.9244384765625,
    714.82415771484375,
    0,
    0,
    1
  ]
}