{
  "frame_index" : 33,
  "averageVelocity" : 0.051119439303874969,
  "cameraPoseARFrame" : [
    -0.98319095373153687,
    0.17628435790538788,
    0.047535516321659088,
    -0.023244969546794891,
    0.054784614592790604,
    0.036482598632574081,
    0.99783146381378174,
    0.22711861133575439,
    0.17416791617870331,
    0.98366308212280273,
    -0.045527044683694839,
    -0.0078745149075984955,
    0,
    0,
    0,
    1
  ],
  "cameraGrain" : 0,
  "exposureDuration" : 0.01666666753590107,
  "intrinsics" : [
    1480.1943359375,
    0,
    961.69805908203125,
    0,
    1480.1943359375,
    715.4210205078125,
    0,
    0,
    1
  ],
  "projectionMatrix" : [
    1.541869044303894,
    0,
    -0.0022896528244018555,
    0,
    0,
    2.0558254718780518,
    -0.0056653022766113281,
    0,
    0,
    0,
    -0.9999997615814209,
    -0.00099999981466680765,
    0,
    0,
    -1,
    0
  ],
  "motionQuality" : 0.92812067270278931,
  "time" : 972545.93153812527,
  "averageAngularVelocity" : 0.25157764554023743
}