{
  "time" : 972549.63010125025,
  "cameraPoseARFrame" : [
    -0.98729842901229858,
    0.15878939628601074,
    0.0053075733594596386,
    -0.033666566014289856,
    0.0099911307916045189,
    0.028711678460240364,
    0.9995378851890564,
    0.17752797901630402,
    0.15856370329856873,
    0.98689520359039307,
    -0.02993348054587841,
    0.0035841125063598156,
    0,
    0,
    0,
    1.0000001192092896
  ],
  "motionQuality" : 0.99450337886810303,
  "cameraGrain" : 0,
  "exposureDuration" : 0.01666666753590107,
  "averageVelocity" : 0,
  "projectionMatrix" : [
    1.5783230066299438,
    0,
    -0.0014539957046508789,
    0,
    0,
    2.1044306755065918,
    -0.0056309700012207031,
    0,
    0,
    0,
    -0.9999997615814209,
    -0.00099999981466680765,
    0,
    0,
    -1,
    0
  ],
  "intrinsics" : [
    1515.1900634765625,
    0,
    960.8958740234375,
    0,
    1515.1900634765625,
    715.4456787109375,
    0,
    0,
    1
  ],
  "frame_index" : 40,
  "averageAngularVelocity" : 0.019238252192735672
}