{
  "cameraPoseARFrame" : [
    -0.23691542446613312,
    -0.86789149045944214,
    -0.43661844730377197,
    -0.14305894076824188,
    -0.86828303337097168,
    -0.012461081147193909,
    0.49591246247291565,
    0.19242900609970093,
    -0.4358389675617218,
    0.49659773707389832,
    -0.75062334537506104,
    -0.18490083515644073,
    0,
    0,
    0,
    1
  ],
  "averageVelocity" : 0.062092643231153488,
  "averageAngularVelocity" : 0.23761804401874542,
  "frame_index" : 21,
  "projectionMatrix" : [
    1.515178918838501,
    0,
    -0.0082594156265258789,
    0,
    0,
    2.0202386379241943,
    -0.0062667131423950195,
    0,
    0,
    0,
    -0.9999997615814209,
    -0.00099999981466680765,
    0,
    0,
    -1,
    0
  ],
  "motionQuality" : 0.93210911750793457,
  "cameraGrain" : 0,
  "exposureDuration" : 0.01666666753590107,
  "intrinsics" : [
    1454.57177734375,
    0,
    967.4290771484375,
    0,
    1454.57177734375,
    714.98797607421875,
    0,
    0,
    1
  ],
  "time" : 972539.59625100018
}