{
  "cameraPoseARFrame" : [
    -0.15224899351596832,
    -0.92782020568847656,
    -0.34054386615753174,
    -0.11806340515613556,
    -0.86302083730697632,
    -0.043122582137584686,
    0.50332438945770264,
    0.18949776887893677,
    -0.48167970776557922,
    0.37052717804908752,
    -0.79416286945343018,
    -0.18751828372478485,
    0,
    0,
    0,
    1
  ],
  "averageVelocity" : 0.044778123497962952,
  "averageAngularVelocity" : 0.083433248102664948,
  "frame_index" : 20,
  "projectionMatrix" : [
    1.5145775079727173,
    0,
    -0.0081740617752075195,
    0,
    0,
    2.0194365978240967,
    -0.0063250064849853516,
    0,
    0,
    0,
    -0.9999997615814209,
    -0.00099999981466680765,
    0,
    0,
    -1,
    0
  ],
  "motionQuality" : 0.97616195678710938,
  "cameraGrain" : 0,
  "exposureDuration" : 0.01666666753590107,
  "time" : 972539.06458475022,
  "intrinsics" : [
    1453.994384765625,
    0,
    967.3470458984375,
    0,
    1453.994384765625,
    714.94598388671875,
    0,
    0,
    1
  ]
}