{
  "time" : 972549.09695887519,
  "cameraPoseARFrame" : [
    -0.98742759227752686,
    0.15805833041667938,
    -0.002141276840120554,
    -0.031466402113437653,
    0.003927233163267374,
    0.038071803748607635,
    0.99926728010177612,
    0.17845827341079712,
    0.15802404284477234,
    0.98669570684432983,
    -0.03821389377117157,
    0.0044617326930165291,
    0,
    0,
    0,
    1
  ],
  "motionQuality" : 0.98857289552688599,
  "cameraGrain" : 0,
  "exposureDuration" : 0.01666666753590107,
  "averageVelocity" : 0,
  "projectionMatrix" : [
    1.5775901079177856,
    0,
    -0.0015212297439575195,
    0,
    0,
    2.1034533977508545,
    -0.0055776834487915039,
    0,
    0,
    0,
    -0.9999997615814209,
    -0.00099999981466680765,
    0,
    0,
    -1,
    0
  ],
  "intrinsics" : [
    1514.4864501953125,
    0,
    960.9603271484375,
    0,
    1514.4864501953125,
    715.48406982421875,
    0,
    0,
    1
  ],
  "frame_index" : 39,
  "averageAngularVelocity" : 0.039994854480028152
}