{
  "cameraPoseARFrame" : [
    0.47735545039176941,
    -0.55927783250808716,
    0.67774665355682373,
    0.11940287053585052,
    -0.84072661399841309,
    -0.066372014582157135,
    0.53737640380859375,
    0.17529316246509552,
    -0.25555935502052307,
    -0.82631921768188477,
    -0.50188285112380981,
    -0.092666633427143097,
    0,
    0,
    0,
    1.0000001192092896
  ],
  "averageVelocity" : 0.12757441401481628,
  "averageAngularVelocity" : 0.65765291452407837,
  "frame_index" : 13,
  "projectionMatrix" : [
    1.52045738697052,
    0,
    -0.0080876350402832031,
    0,
    0,
    2.0272765159606934,
    -0.0063407421112060547,
    0,
    0,
    0,
    -0.9999997615814209,
    -0.00099999981466680765,
    0,
    0,
    -1,
    0
  ],
  "motionQuality" : 0.8120991587638855,
  "cameraGrain" : 0,
  "exposureDuration" : 0.01666666753590107,
  "time" : 972535.39608925022,
  "intrinsics" : [
    1459.6390380859375,
    0,
    967.26409912109375,
    0,
    1459.6390380859375,
    714.9346923828125,
    0,
    0,
    1
  ]
}