{
  "frame_index" : 35,
  "intrinsics" : [
    1480.1715087890625,
    0,
    960.734130859375,
    0,
    1480.1715087890625,
    715.63214111328125,
    0,
    0,
    1
  ],
  "projectionMatrix" : [
    1.5418453216552734,
    0,
    -0.001285552978515625,
    0,
    0,
    2.0557937622070312,
    -0.0053720474243164062,
    0,
    0,
    0,
    -0.9999997615814209,
    -0.00099999981466680765,
    0,
    0,
    -1,
    0
  ],
  "time" : 972546.99654600024,
  "averageVelocity" : 0,
  "averageAngularVelocity" : 0.047282937914133072,
  "exposureDuration" : 0.01666666753590107,
  "cameraPoseARFrame" : [
    -0.98213386535644531,
    0.18640248477458954,
    0.025833884254097939,
    -0.028192760422825813,
    0.038622599095106125,
    0.065305739641189575,
    0.99711751937866211,
    0.23482239246368408,
    0.18417811393737793,
    0.98030078411102295,
    -0.071338333189487457,
    -0.016506336629390717,
    0,
    0,
    0,
    1
  ],
  "motionQuality" : 0.98649060726165771,
  "cameraGrain" : 0
}