{
  "cameraPoseARFrame" : [
    0.01445668563246727,
    -0.9998784065246582,
    0.0058676125481724739,
    -0.02399010956287384,
    -0.83081614971160889,
    -0.0087467152625322342,
    0.55647814273834229,
    0.18581438064575195,
    -0.55635923147201538,
    -0.012919709086418152,
    -0.83084166049957275,
    -0.1574166864156723,
    0,
    0,
    0,
    1
  ],
  "averageVelocity" : 0,
  "averageAngularVelocity" : 0.38579928874969482,
  "frame_index" : 17,
  "projectionMatrix" : [
    1.5186924934387207,
    0,
    -0.0080062150955200195,
    0,
    0,
    2.0249233245849609,
    -0.0061793327331542969,
    0,
    0,
    0,
    -0.9999997615814209,
    -0.00099999981466680765,
    0,
    0,
    -1,
    0
  ],
  "motionQuality" : 0.88977164030075073,
  "cameraGrain" : 0,
  "exposureDuration" : 0.01666666753590107,
  "time" : 972537.49725558353,
  "intrinsics" : [
    1457.94482421875,
    0,
    967.1859130859375,
    0,
    1457.94482421875,
    715.05084228515625,
    0,
    0,
    1
  ]
}