{
  "frame_index" : 5,
  "time" : 972531.19725720852,
  "cameraGrain" : 0,
  "motionQuality" : 0.85677546262741089,
  "projectionMatrix" : [
    1.5483266115188599,
    0,
    -0.0082440376281738281,
    0,
    0,
    2.0644354820251465,
    -0.0054879188537597656,
    0,
    0,
    0,
    -0.9999997615814209,
    -0.00099999981466680765,
    0,
    0,
    -1,
    0
  ],
  "intrinsics" : [
    1486.3935546875,
    0,
    967.41424560546875,
    0,
    1486.3935546875,
    715.5487060546875,
    0,
    0,
    1
  ],
  "averageAngularVelocity" : 0.50128591060638428,
  "exposureDuration" : 0.01666666753590107,
  "cameraPoseARFrame" : [
    0.091424606740474701,
    0.98603188991546631,
    0.13922227919101715,
    0.0033618379384279251,
    -0.86096870899200439,
    0.00801800936460495,
    0.50859463214874268,
    0.12148254364728928,
    0.50037431716918945,
    -0.16636411845684052,
    0.84967577457427979,
    0.18550065159797668,
    0,
    0,
    0,
    1
  ],
  "averageVelocity" : 0.13420829176902771
}