{
  "cameraPoseARFrame" : [
    -0.52747821807861328,
    0.25035613775253296,
    -0.81184291839599609,
    -0.24138547480106354,
    -0.8325730562210083,
    0.037853125482797623,
    0.5526202917098999,
    0.20630669593811035,
    0.16908271610736847,
    0.96741372346878052,
    0.18847306072711945,
    0.022234657779335976,
    0,
    0,
    0,
    1
  ],
  "averageVelocity" : 0.11283775418996811,
  "averageAngularVelocity" : 0.47860264778137207,
  "frame_index" : 26,
  "projectionMatrix" : [
    1.5110560655593872,
    0,
    -0.0081450939178466797,
    0,
    0,
    2.0147414207458496,
    -0.0055626630783081055,
    0,
    0,
    0,
    -0.9999997615814209,
    -0.00099999981466680765,
    0,
    0,
    -1,
    0
  ],
  "motionQuality" : 0.86325639486312866,
  "cameraGrain" : 0,
  "exposureDuration" : 0.01666666753590107,
  "intrinsics" : [
    1450.61376953125,
    0,
    967.3193359375,
    0,
    1450.61376953125,
    715.494873046875,
    0,
    0,
    1
  ],
  "time" : 972542.23124925024
}