{
  "cameraPoseARFrame" : [
    -0.6157301664352417,
    0.36418679356575012,
    -0.69874507188796997,
    -0.21950133144855499,
    -0.74925529956817627,
    0.0038951958995312452,
    0.6622697114944458,
    0.22699230909347534,
    0.24391168355941772,
    0.93131792545318604,
    0.27047049999237061,
    0.073766469955444336,
    0,
    0,
    0,
    1
  ],
  "averageVelocity" : 0.10634449869394302,
  "averageAngularVelocity" : 0.30956467986106873,
  "frame_index" : 28,
  "projectionMatrix" : [
    1.5169914960861206,
    0,
    -0.008147120475769043,
    0,
    0,
    2.0226554870605469,
    -0.0060039758682250977,
    0,
    0,
    0,
    -0.9999997615814209,
    -0.00099999981466680765,
    0,
    0,
    -1,
    0
  ],
  "motionQuality" : 0.91155296564102173,
  "cameraGrain" : 0,
  "exposureDuration" : 0.01666666753590107,
  "intrinsics" : [
    1456.3118896484375,
    0,
    967.3212890625,
    0,
    1456.3118896484375,
    715.1771240234375,
    0,
    0,
    1
  ],
  "time" : 972543.29785029183
}