{
  "frame_index" : 4,
  "time" : 972530.66368708352,
  "cameraGrain" : 0,
  "motionQuality" : 0.96567666530609131,
  "projectionMatrix" : [
    1.5512663125991821,
    0,
    -0.0083142518997192383,
    0,
    0,
    2.0683550834655762,
    -0.0055499076843261719,
    0,
    0,
    0,
    -0.9999997615814209,
    -0.00099999981466680765,
    0,
    0,
    -1,
    0
  ],
  "intrinsics" : [
    1489.2156982421875,
    0,
    967.48162841796875,
    0,
    1489.2156982421875,
    715.50408935546875,
    0,
    0,
    1
  ],
  "averageAngularVelocity" : 0.12013174593448639,
  "exposureDuration" : 0.01666666753590107,
  "cameraPoseARFrame" : [
    0.017783237621188164,
    0.99942845106124878,
    -0.028753390535712242,
    -0.03690672293305397,
    -0.87518775463104248,
    0.029465053230524063,
    0.48288515210151672,
    0.11571472138166428,
    0.48345643281936646,
    0.016577268019318581,
    0.87521171569824219,
    0.18902738392353058,
    0,
    0,
    0,
    0.99999994039535522
  ],
  "averageVelocity" : 0
}