{
  "cameraPoseARFrame" : [
    0.15025070309638977,
    -0.97242456674575806,
    0.17836922407150269,
    0.013448787853121758,
    -0.85431545972824097,
    -0.036904908716678619,
    0.51844286918640137,
    0.18992239236831665,
    -0.49756389856338501,
    -0.23028004169464111,
    -0.83630245923995972,
    -0.15725782513618469,
    0,
    0,
    0,
    1
  ],
  "averageVelocity" : 0.10597503930330276,
  "averageAngularVelocity" : 0.49047401547431946,
  "frame_index" : 16,
  "projectionMatrix" : [
    1.5141034126281738,
    0,
    -0.0083919763565063477,
    0,
    0,
    2.0188045501708984,
    -0.0060374736785888672,
    0,
    0,
    0,
    -0.9999997615814209,
    -0.00099999981466680765,
    0,
    0,
    -1,
    0
  ],
  "motionQuality" : 0.85986459255218506,
  "cameraGrain" : 0,
  "exposureDuration" : 0.01666666753590107,
  "time" : 972536.96424962522,
  "intrinsics" : [
    1453.539306640625,
    0,
    967.5562744140625,
    0,
    1453.539306640625,
    715.15301513671875,
    0,
    0,
    1
  ]
}