{
  "frame_index" : 36,
  "intrinsics" : [
    1480.255615234375,
    0,
    960.80120849609375,
    0,
    1480.255615234375,
    715.72125244140625,
    0,
    0,
    1
  ],
  "projectionMatrix" : [
    1.5419329404830933,
    0,
    -0.0013554096221923828,
    0,
    0,
    2.055910587310791,
    -0.0052483081817626953,
    0,
    0,
    0,
    -0.9999997615814209,
    -0.00099999981466680765,
    0,
    0,
    -1,
    0
  ],
  "time" : 972547.4984700419,
  "averageVelocity" : 0.015440140850841999,
  "averageAngularVelocity" : 0,
  "exposureDuration" : 0.01666666753590107,
  "cameraPoseARFrame" : [
    -0.98303776979446411,
    0.18199488520622253,
    0.0226898193359375,
    -0.026643753051757812,
    0.03427528589963913,
    0.060767512768507004,
    0.99756330251693726,
    0.23581600189208984,
    0.18017259240150452,
    0.98142009973526001,
    -0.065974697470664978,
    -0.011046860367059708,
    0,
    0,
    0,
    0.99999988079071045
  ],
  "motionQuality" : 0.98256242275238037,
  "cameraGrain" : 0
}