{
  "cameraPoseARFrame" : [
    0.2466961145401001,
    -0.89176571369171143,
    0.37933537364006042,
    0.068485744297504425,
    -0.87276417016983032,
    -0.034309443086385727,
    0.48693469166755676,
    0.19124090671539307,
    -0.42121687531471252,
    -0.45119518041610718,
    -0.78676527738571167,
    -0.17965811491012573,
    0,
    0,
    0,
    1
  ],
  "averageVelocity" : 0.071991704404354095,
  "averageAngularVelocity" : 0.35096257925033569,
  "frame_index" : 15,
  "projectionMatrix" : [
    1.5139679908752441,
    0,
    -0.008177638053894043,
    0,
    0,
    2.0186240673065186,
    -0.0067712068557739258,
    0,
    0,
    0,
    -0.9999997615814209,
    -0.00099999981466680765,
    0,
    0,
    -1,
    0
  ],
  "motionQuality" : 0.89972496032714844,
  "cameraGrain" : 0,
  "exposureDuration" : 0.01666666753590107,
  "time" : 972536.4312310419,
  "intrinsics" : [
    1453.4093017578125,
    0,
    967.3505859375,
    0,
    1453.4093017578125,
    714.62469482421875,
    0,
    0,
    1
  ]
}