{
  "cameraPoseARFrame" : [
    -0.11770051717758179,
    -0.94781070947647095,
    -0.29631331562995911,
    -0.10530335456132889,
    -0.86307740211486816,
    -0.049947939813137054,
    0.50259572267532349,
    0.19059336185455322,
    -0.49116599559783936,
    0.31489720940589905,
    -0.81215524673461914,
    -0.18334634602069855,
    0,
    0,
    0,
    1
  ],
  "averageVelocity" : 0.018367806449532509,
  "averageAngularVelocity" : 0.21844622492790222,
  "frame_index" : 19,
  "projectionMatrix" : [
    1.5152547359466553,
    0,
    -0.0081841945648193359,
    0,
    0,
    2.0203397274017334,
    -0.0064098834991455078,
    0,
    0,
    0,
    -0.9999997615814209,
    -0.00099999981466680765,
    0,
    0,
    -1,
    0
  ],
  "motionQuality" : 0.93758678436279297,
  "cameraGrain" : 0,
  "exposureDuration" : 0.01666666753590107,
  "time" : 972538.56430012523,
  "intrinsics" : [
    1454.64453125,
    0,
    967.3568115234375,
    0,
    1454.64453125,
    714.8848876953125,
    0,
    0,
    1
  ]
}