{
  "cameraPoseARFrame" : [
    -0.087691307067871094,
    -0.97739839553833008,
    -0.19236081838607788,
    -0.083746910095214844,
    -0.85823488235473633,
    -0.023903923109173775,
    0.51270002126693726,
    0.19091683626174927,
    -0.50571048259735107,
    0.21005013585090637,
    -0.83674138784408569,
    -0.17674291133880615,
    0,
    0,
    0,
    1
  ],
  "averageVelocity" : 0,
  "averageAngularVelocity" : 0.26342490315437317,
  "frame_index" : 18,
  "projectionMatrix" : [
    1.5176408290863037,
    0,
    -0.0079327821731567383,
    0,
    0,
    2.0235211849212646,
    -0.005985260009765625,
    0,
    0,
    0,
    -0.9999997615814209,
    -0.00099999981466680765,
    0,
    0,
    -1,
    0
  ],
  "motionQuality" : 0.92473572492599487,
  "cameraGrain" : 0,
  "exposureDuration" : 0.01666666753590107,
  "time" : 972538.03027058358,
  "intrinsics" : [
    1456.9351806640625,
    0,
    967.11541748046875,
    0,
    1456.9351806640625,
    715.19061279296875,
    0,
    0,
    1
  ]
}