{
  "cameraPoseARFrame" : [
    -0.93263095617294312,
    0.28207176923751831,
    -0.22502303123474121,
    -0.079788833856582642,
    -0.21738621592521667,
    0.058515626937150955,
    0.97433012723922729,
    0.25216501951217651,
    0.28799837827682495,
    0.95760726928710938,
    0.0067450241185724735,
    0.0100912069901824,
    0,
    0,
    0,
    1
  ],
  "averageVelocity" : 0,
  "averageAngularVelocity" : 0.29960700869560242,
  "frame_index" : 31,
  "projectionMatrix" : [
    1.5291495323181152,
    0,
    -0.0042449235916137695,
    0,
    0,
    2.0388660430908203,
    -0.0052342414855957031,
    0,
    0,
    0,
    -0.9999997615814209,
    -0.00099999981466680765,
    0,
    0,
    -1,
    0
  ],
  "motionQuality" : 0.91439801454544067,
  "cameraGrain" : 0,
  "exposureDuration" : 0.01666666753590107,
  "time" : 972544.8647894169,
  "intrinsics" : [
    1467.9835205078125,
    0,
    963.57513427734375,
    0,
    1467.9835205078125,
    715.7313232421875,
    0,
    0,
    1
  ]
}