{
  "cameraPoseARFrame" : [
    0.48586192727088928,
    0.38398194313049316,
    0.78517287969589233,
    0.13525216281414032,
    -0.83537542819976807,
    -0.060209684073925018,
    0.5463721752166748,
    0.15197926759719849,
    0.25707203149795532,
    -0.92137551307678223,
    0.2915155291557312,
    0.080818556249141693,
    0,
    0,
    0,
    1
  ],
  "averageVelocity" : 0.10749073326587677,
  "averageAngularVelocity" : 0.56315457820892334,
  "frame_index" : 9,
  "projectionMatrix" : [
    1.5373556613922119,
    0,
    -0.0079675912857055664,
    0,
    0,
    2.0498075485229492,
    -0.0061980485916137695,
    0,
    0,
    0,
    -0.9999997615814209,
    -0.00099999981466680765,
    0,
    0,
    -1,
    0
  ],
  "motionQuality" : 0.83909869194030762,
  "cameraGrain" : 0,
  "exposureDuration" : 0.01666666753590107,
  "time" : 972533.2954185002,
  "intrinsics" : [
    1475.8614501953125,
    0,
    967.14892578125,
    0,
    1475.8614501953125,
    715.03741455078125,
    0,
    0,
    1
  ]
}