{
  "projectionMatrix" : [
    1.5372402667999268,
    0,
    -0.0077935457229614258,
    0,
    0,
    2.0496535301208496,
    -0.0058249235153198242,
    0,
    0,
    0,
    -0.9999997615814209,
    -0.00099999981466680765,
    0,
    0,
    -1,
    0
  ],
  "averageVelocity" : 0,
  "frame_index" : 9,
  "cameraPoseARFrame" : [
    -0.28169941902160645,
    0.84335166215896606,
    -0.45760577917098999,
    -0.1318126767873764,
    -0.8083566427230835,
    0.048338096588850021,
    0.58670508861541748,
    0.1259431391954422,
    0.5169185996055603,
    0.53518319129943848,
    0.66811221837997437,
    0.20082521438598633,
    0,
    0,
    0,
    1.0000001192092896
  ],
  "intrinsics" : [
    1475.7506103515625,
    0,
    966.98175048828125,
    0,
    1475.7506103515625,
    715.30609130859375,
    0,
    0,
    1
  ],
  "motionQuality" : 0.86089861392974854,
  "averageAngularVelocity" : 0.48685476183891296,
  "exposureDuration" : 0.01666666753590107,
  "cameraGrain" : 0,
  "time" : 972481.6023649585
}