{
  "cameraPoseARFrame" : [
    0.5307992696762085,
    0.058072235435247421,
    0.84550541639328003,
    0.20688524842262268,
    -0.84725344181060791,
    0.012424035929143429,
    0.53104323148727417,
    0.13254494965076447,
    0.020334275439381599,
    -0.99823498725891113,
    0.055796578526496887,
    0.050943214446306229,
    0,
    0,
    0,
    0.99999994039535522
  ],
  "projectionMatrix" : [
    1.5384552478790283,
    0,
    -0.0080045461654663086,
    0,
    0,
    2.0512735843658447,
    -0.0057901144027709961,
    0,
    0,
    0,
    -0.9999997615814209,
    -0.00099999981466680765,
    0,
    0,
    -1,
    0
  ],
  "averageAngularVelocity" : 0.31171524524688721,
  "cameraGrain" : 0,
  "time" : 972491.46912725025,
  "motionQuality" : 0.91093850135803223,
  "frame_index" : 28,
  "exposureDuration" : 0.01666666753590107,
  "intrinsics" : [
    1476.9169921875,
    0,
    967.184326171875,
    0,
    1476.9169921875,
    715.33111572265625,
    0,
    0,
    1
  ],
  "averageVelocity" : 0.10932649672031403
}