{
  "cameraPoseARFrame" : [
    0.013469431549310684,
    0.99987626075744629,
    -0.0080997971817851067,
    0.015207639895379543,
    -0.87725013494491577,
    0.015704089775681496,
    0.47977641224861145,
    0.076361380517482758,
    0.47984433174133301,
    0.00064320903038606048,
    0.87735342979431152,
    0.2220686674118042,
    0,
    0,
    0,
    1
  ],
  "averageAngularVelocity" : 0.29029563069343567,
  "frame_index" : 6,
  "time" : 972480.00045683351,
  "motionQuality" : 0.91705840826034546,
  "cameraGrain" : 0,
  "intrinsics" : [
    1488.6343994140625,
    0,
    967.61639404296875,
    0,
    1488.6343994140625,
    715.26068115234375,
    0,
    0,
    1
  ],
  "averageVelocity" : 0,
  "exposureDuration" : 0.01666666753590107,
  "projectionMatrix" : [
    1.5506608486175537,
    0,
    -0.0084545612335205078,
    0,
    0,
    2.0675477981567383,
    -0.0058879852294921875,
    0,
    0,
    0,
    -0.9999997615814209,
    -0.00099999981466680765,
    0,
    0,
    -1,
    0
  ]
}