{
  "motionQuality" : 0.87731254100799561,
  "cameraPoseARFrame" : [
    -0.23556825518608093,
    -0.94587439298629761,
    -0.22322377562522888,
    -0.071272924542427063,
    -0.73523646593093872,
    0.023241857066750526,
    0.67741203308105469,
    0.13671804964542389,
    -0.63555872440338135,
    0.32369905710220337,
    -0.70091670751571655,
    -0.11523548513650894,
    0,
    0,
    0,
    1
  ],
  "averageAngularVelocity" : 0.42940607666969299,
  "averageVelocity" : 0.0650738924741745,
  "time" : 972486.26806979184,
  "frame_index" : 18,
  "intrinsics" : [
    1473.536376953125,
    0,
    966.70806884765625,
    0,
    1473.536376953125,
    715.208740234375,
    0,
    0,
    1
  ],
  "cameraGrain" : 0,
  "projectionMatrix" : [
    1.5349336862564087,
    0,
    -0.007508397102355957,
    0,
    0,
    2.0465784072875977,
    -0.0059601068496704102,
    0,
    0,
    0,
    -0.9999997615814209,
    -0.00099999981466680765,
    0,
    0,
    -1,
    0
  ],
  "exposureDuration" : 0.01666666753590107
}