{
  "motionQuality" : 0.83176064491271973,
  "averageAngularVelocity" : 0.58883780241012573,
  "averageVelocity" : 0.14318285882472992,
  "projectionMatrix" : [
    1.5349336862564087,
    0,
    -0.0081543922424316406,
    0,
    0,
    2.0465784072875977,
    -0.0059027671813964844,
    0,
    0,
    0,
    -0.9999997615814209,
    -0.00099999981466680765,
    0,
    0,
    -1,
    0
  ],
  "intrinsics" : [
    1473.536376953125,
    0,
    967.32818603515625,
    0,
    1473.536376953125,
    715.25,
    0,
    0,
    1
  ],
  "time" : 972490.93628104182,
  "cameraGrain" : 0,
  "exposureDuration" : 0.01666666753590107,
  "cameraPoseARFrame" : [
    0.50753724575042725,
    -0.25169757008552551,
    0.82404744625091553,
    0.17924125492572784,
    -0.84655994176864624,
    0.032419595867395401,
    0.53130513429641724,
    0.13315530121326447,
    -0.16044352948665619,
    -0.96726274490356445,
    -0.19662299752235413,
    -0.032065659761428833,
    0,
    0,
    0,
    1
  ],
  "frame_index" : 27
}