{
  "intrinsics" : [
    1466.385009765625,
    0,
    967.45245361328125,
    0,
    1466.385009765625,
    715.27496337890625,
    0,
    0,
    1
  ],
  "averageAngularVelocity" : 0.21932375431060791,
  "cameraGrain" : 0,
  "cameraPoseARFrame" : [
    0.56564778089523315,
    0.21831925213336945,
    0.79522275924682617,
    0.20697081089019775,
    -0.81617558002471924,
    0.010346259921789169,
    0.57771122455596924,
    0.17255301773548126,
    0.11789792031049728,
    -0.97582250833511353,
    0.18403920531272888,
    0.067054815590381622,
    0,
    0,
    0,
    1
  ],
  "averageVelocity" : 0.072319664061069489,
  "exposureDuration" : 0.01666666753590107,
  "projectionMatrix" : [
    1.5274844169616699,
    0,
    -0.0082838535308837891,
    0,
    0,
    2.0366458892822266,
    -0.005868077278137207,
    0,
    0,
    0,
    -0.9999997615814209,
    -0.00099999981466680765,
    0,
    0,
    -1,
    0
  ],
  "time" : 972493.58600366686,
  "motionQuality" : 0.93733608722686768,
  "frame_index" : 32
}