{
  "cameraGrain" : 0,
  "intrinsics" : [
    1515.259033203125,
    0,
    962.1229248046875,
    0,
    1515.259033203125,
    715.20196533203125,
    0,
    0,
    1
  ],
  "motionQuality" : 0.9771653413772583,
  "cameraPoseARFrame" : [
    0.98109710216522217,
    0.14250372350215912,
    0.13092321157455444,
    0.0019729561172425747,
    -0.13414740562438965,
    0.013216163963079453,
    0.99087327718734741,
    0.14646740257740021,
    0.1394728422164917,
    -0.98970597982406616,
    0.032082855701446533,
    0.031434718519449234,
    0,
    0,
    0,
    1
  ],
  "averageAngularVelocity" : 0.079921208322048187,
  "exposureDuration" : 0.01666666753590107,
  "averageVelocity" : 0.01455931831151247,
  "frame_index" : 47,
  "time" : 972501.45074362517,
  "projectionMatrix" : [
    1.5783947706222534,
    0,
    -0.0027321577072143555,
    0,
    0,
    2.1045265197753906,
    -0.0059695243835449219,
    0,
    0,
    0,
    -0.9999997615814209,
    -0.00099999981466680765,
    0,
    0,
    -1,
    0
  ]
}