{
  "projectionMatrix" : [
    1.5320456027984619,
    0,
    -0.0074726343154907227,
    0,
    0,
    2.0427274703979492,
    -0.0057456493377685547,
    0,
    0,
    0,
    -0.9999997615814209,
    -0.00099999981466680765,
    0,
    0,
    -1,
    0
  ],
  "time" : 972485.73612975026,
  "averageVelocity" : 0.085361957550048828,
  "motionQuality" : 0.92513746023178101,
  "frame_index" : 17,
  "cameraPoseARFrame" : [
    -0.34740802645683289,
    -0.83536744117736816,
    -0.4259914755821228,
    -0.10346963256597519,
    -0.77267652750015259,
    -0.0023742550984025002,
    0.6347954273223877,
    0.16113997995853424,
    -0.5312989354133606,
    0.54968661069869995,
    -0.64464408159255981,
    -0.12696745991706848,
    0,
    0,
    0,
    1.0000001192092896
  ],
  "cameraGrain" : 0,
  "averageAngularVelocity" : 0.26201888918876648,
  "exposureDuration" : 0.01666666753590107,
  "intrinsics" : [
    1470.7637939453125,
    0,
    966.6737060546875,
    0,
    1470.7637939453125,
    715.3631591796875,
    0,
    0,
    1
  ]
}