{
  "cameraPoseARFrame" : [
    -0.59377235174179077,
    -0.51601588726043701,
    -0.61738300323486328,
    -0.13660165667533875,
    -0.74241971969604492,
    0.055510289967060089,
    0.66763126850128174,
    0.1531151682138443,
    -0.31023731827735901,
    0.85477840900421143,
    -0.41606095433235168,
    -0.050474181771278381,
    0,
    0,
    0,
    1
  ],
  "exposureDuration" : 0.01666666753590107,
  "frame_index" : 15,
  "averageVelocity" : 0.15284480154514313,
  "averageAngularVelocity" : 0.46523559093475342,
  "cameraGrain" : 0,
  "time" : 972484.70236779191,
  "intrinsics" : [
    1475.30322265625,
    0,
    966.37493896484375,
    0,
    1475.30322265625,
    715.252685546875,
    0,
    0,
    1
  ],
  "motionQuality" : 0.86707556247711182,
  "projectionMatrix" : [
    1.5367741584777832,
    0,
    -0.0071613788604736328,
    0,
    0,
    2.0490322113037109,
    -0.0058990716934204102,
    0,
    0,
    0,
    -0.9999997615814209,
    -0.00099999981466680765,
    0,
    0,
    -1,
    0
  ]
}