{
  "cameraGrain" : 0,
  "intrinsics" : [
    1489.1890869140625,
    0,
    962.5380859375,
    0,
    1489.1890869140625,
    715.1400146484375,
    0,
    0,
    1
  ],
  "motionQuality" : 0.95079022645950317,
  "cameraPoseARFrame" : [
    0.97850602865219116,
    0.15467321872711182,
    0.13638903200626373,
    0.0089778313413262367,
    -0.1408267617225647,
    0.018054157495498657,
    0.98986965417861938,
    0.15604843199253082,
    0.15064392983913422,
    -0.98780077695846558,
    0.039448238909244537,
    0.024333272129297256,
    0,
    0,
    0,
    1
  ],
  "averageAngularVelocity" : 0.17223414778709412,
  "exposureDuration" : 0.01666666753590107,
  "averageVelocity" : 0.12183834612369537,
  "time" : 972500.91836408351,
  "frame_index" : 46,
  "projectionMatrix" : [
    1.5512386560440063,
    0,
    -0.0031646490097045898,
    0,
    0,
    2.0683181285858154,
    -0.0060555934906005859,
    0,
    0,
    0,
    -0.9999997615814209,
    -0.00099999981466680765,
    0,
    0,
    -1,
    0
  ]
}