{
  "motionQuality" : 0.91690027713775635,
  "intrinsics" : [
    1471.826904296875,
    0,
    966.927490234375,
    0,
    1471.826904296875,
    715.5650634765625,
    0,
    0,
    1
  ],
  "averageVelocity" : 0.10884895175695419,
  "time" : 972482.13586754189,
  "cameraGrain" : 0,
  "frame_index" : 10,
  "exposureDuration" : 0.01666666753590107,
  "averageAngularVelocity" : 0.29084897041320801,
  "projectionMatrix" : [
    1.5331530570983887,
    0,
    -0.0077369213104248047,
    0,
    0,
    2.0442039966583252,
    -0.0054651498794555664,
    0,
    0,
    0,
    -0.9999997615814209,
    -0.00099999981466680765,
    0,
    0,
    -1,
    0
  ],
  "cameraPoseARFrame" : [
    -0.43915164470672607,
    0.67898303270339966,
    -0.588326096534729,
    -0.15224356949329376,
    -0.78349655866622925,
    0.031008444726467133,
    0.62062186002731323,
    0.11911214888095856,
    0.43963482975959778,
    0.73349869251251221,
    0.5183635950088501,
    0.16151563823223114,
    0,
    0,
    0,
    1
  ]
}