{
  "motionQuality" : 0.94824868440628052,
  "averageVelocity" : 0,
  "averageAngularVelocity" : 0.18112958967685699,
  "projectionMatrix" : [
    1.5246878862380981,
    0,
    -0.003935694694519043,
    0,
    0,
    2.0329170227050781,
    -0.0059474706649780273,
    0,
    0,
    0,
    -0.9999997615814209,
    -0.00099999981466680765,
    0,
    0,
    -1,
    0
  ],
  "exposureDuration" : 0.01666666753590107,
  "intrinsics" : [
    1463.7003173828125,
    0,
    963.2783203125,
    0,
    1463.7003173828125,
    715.21783447265625,
    0,
    0,
    1
  ],
  "cameraPoseARFrame" : [
    0.89508277177810669,
    0.37216588854789734,
    0.24559985101222992,
    0.055718846619129181,
    -0.26848098635673523,
    0.010057252831757069,
    0.96323245763778687,
    0.25699514150619507,
    0.35601222515106201,
    -0.928111732006073,
    0.10892155766487122,
    0.050964388996362686,
    0,
    0,
    0,
    1
  ],
  "time" : 972496.2516497086,
  "frame_index" : 37,
  "cameraGrain" : 0
}