{
  "cameraPoseARFrame" : [
    0.31397444009780884,
    -0.77260720729827881,
    0.55181324481964111,
    0.15223290026187897,
    -0.85089951753616333,
    0.028844138607382774,
    0.52453595399856567,
    0.12531830370426178,
    -0.42117694020271301,
    -0.63422852754592896,
    -0.64835500717163086,
    -0.13252486288547516,
    0,
    0,
    0,
    1
  ],
  "projectionMatrix" : [
    1.5390647649765015,
    0,
    -0.0079553127288818359,
    0,
    0,
    2.052086353302002,
    -0.0058025121688842773,
    0,
    0,
    0,
    -0.9999997615814209,
    -0.00099999981466680765,
    0,
    0,
    -1,
    0
  ],
  "averageAngularVelocity" : 0.52680426836013794,
  "cameraGrain" : 0,
  "time" : 972489.90285554191,
  "motionQuality" : 0.84948450326919556,
  "frame_index" : 25,
  "exposureDuration" : 0.01666666753590107,
  "intrinsics" : [
    1477.502197265625,
    0,
    967.13714599609375,
    0,
    1477.502197265625,
    715.32220458984375,
    0,
    0,
    1
  ],
  "averageVelocity" : 0.15165489912033081
}