{
  "averageVelocity" : 0,
  "exposureDuration" : 0.01666666753590107,
  "cameraPoseARFrame" : [
    0.029909495264291763,
    0.99912554025650024,
    0.029212923720479012,
    0.014541935175657272,
    -0.90440666675567627,
    0.014606107026338577,
    0.42642137408256531,
    0.071268521249294281,
    0.42562183737754822,
    -0.039174403995275497,
    0.904052734375,
    0.22194473445415497,
    0,
    0,
    0,
    1
  ],
  "projectionMatrix" : [
    1.5523658990859985,
    0,
    -0.0084136724472045898,
    0,
    0,
    2.0698211193084717,
    -0.005977630615234375,
    0,
    0,
    0,
    -0.9999997615814209,
    -0.00099999981466680765,
    0,
    0,
    -1,
    0
  ],
  "cameraGrain" : 0,
  "averageAngularVelocity" : 0.034907367080450058,
  "time" : 972479.46924441692,
  "intrinsics" : [
    1490.271240234375,
    0,
    967.5771484375,
    0,
    1490.271240234375,
    715.19610595703125,
    0,
    0,
    1
  ],
  "motionQuality" : 0.99002647399902344,
  "frame_index" : 5
}