{
  "time" : 972487.83441191691,
  "frame_index" : 21,
  "averageAngularVelocity" : 0.21546143293380737,
  "motionQuality" : 0.93843960762023926,
  "exposureDuration" : 0.01666666753590107,
  "cameraGrain" : 0,
  "intrinsics" : [
    1481.2269287109375,
    0,
    967.046630859375,
    0,
    1481.2269287109375,
    715.33282470703125,
    0,
    0,
    1
  ],
  "averageVelocity" : 0.06841142475605011,
  "cameraPoseARFrame" : [
    0.0063293548300862312,
    -0.99679732322692871,
    0.079716041684150696,
    0.017943236976861954,
    -0.86715787649154663,
    0.034228429198265076,
    0.49685561656951904,
    0.080190323293209076,
    -0.49799305200576782,
    -0.072271153330802917,
    -0.86416429281234741,
    -0.14491938054561615,
    0,
    0,
    0,
    1
  ],
  "projectionMatrix" : [
    1.5429446697235107,
    0,
    -0.007861018180847168,
    0,
    0,
    2.0572595596313477,
    -0.0057877302169799805,
    0,
    0,
    0,
    -0.9999997615814209,
    -0.00099999981466680765,
    0,
    0,
    -1,
    0
  ]
}