{
  "projectionMatrix" : [
    1.537893533706665,
    0,
    -0.0072535276412963867,
    0,
    0,
    2.0505247116088867,
    -0.0054330825805664062,
    0,
    0,
    0,
    -0.9999997615814209,
    -0.00099999981466680765,
    0,
    0,
    -1,
    0
  ],
  "time" : 972485.20267091691,
  "averageVelocity" : 0.062431361526250839,
  "motionQuality" : 0.95089924335479736,
  "frame_index" : 16,
  "cameraPoseARFrame" : [
    -0.4434388279914856,
    -0.74024426937103271,
    -0.50537121295928955,
    -0.12362075597047806,
    -0.76591378450393677,
    0.020087271928787231,
    0.64262932538986206,
    0.15401406586170197,
    -0.46555125713348389,
    0.67203766107559204,
    -0.57587087154388428,
    -0.094906792044639587,
    0,
    0,
    0,
    1
  ],
  "cameraGrain" : 0,
  "averageAngularVelocity" : 0.17185257375240326,
  "exposureDuration" : 0.01666666753590107,
  "intrinsics" : [
    1476.3778076171875,
    0,
    966.46337890625,
    0,
    1476.3778076171875,
    715.58819580078125,
    0,
    0,
    1
  ]
}