{
  "time" : 972502.51779079193,
  "averageAngularVelocity" : 0.035601984709501266,
  "cameraGrain" : 0,
  "projectionMatrix" : [
    1.5782153606414795,
    0,
    -0.0024100542068481445,
    0,
    0,
    2.1042871475219727,
    -0.0059145689010620117,
    0,
    0,
    0,
    -0.9999997615814209,
    -0.00099999981466680765,
    0,
    0,
    -1,
    0
  ],
  "frame_index" : 49,
  "intrinsics" : [
    1515.0867919921875,
    0,
    961.8135986328125,
    0,
    1515.0867919921875,
    715.24151611328125,
    0,
    0,
    1
  ],
  "exposureDuration" : 0.01666666753590107,
  "cameraPoseARFrame" : [
    0.98400437831878662,
    0.137381911277771,
    0.11340798437595367,
    0.019172826781868935,
    -0.11734186857938766,
    0.020856106653809547,
    0.99287253618240356,
    0.14692218601703644,
    0.13403749465942383,
    -0.9902985692024231,
    0.03664315864443779,
    0.033538840711116791,
    0,
    0,
    0,
    1
  ],
  "motionQuality" : 0.98982799053192139,
  "averageVelocity" : 0.0058406000025570393
}