{
  "averageVelocity" : 0,
  "exposureDuration" : 0.01666666753590107,
  "cameraPoseARFrame" : [
    0.044158175587654114,
    0.9988054633140564,
    0.020910033956170082,
    0.014553132466971874,
    -0.94606971740722656,
    0.035084381699562073,
    0.32205760478973389,
    0.073309317231178284,
    0.32093939185142517,
    -0.034003846347332001,
    0.94648927450180054,
    0.20940344035625458,
    0,
    0,
    0,
    1.0000001192092896
  ],
  "projectionMatrix" : [
    1.5573652982711792,
    0,
    -0.0087379217147827148,
    0,
    0,
    2.0764870643615723,
    -0.0059128999710083008,
    0,
    0,
    0,
    -0.9999997615814209,
    -0.00099999981466680765,
    0,
    0,
    -1,
    0
  ],
  "cameraGrain" : 0,
  "averageAngularVelocity" : 0,
  "frame_index" : 0,
  "intrinsics" : [
    1495.0706787109375,
    0,
    967.888427734375,
    0,
    1495.0706787109375,
    715.24273681640625,
    0,
    0,
    1
  ],
  "motionQuality" : 1,
  "time" : 972476.83531737525
}