{
  "cameraGrain" : 0,
  "exposureDuration" : 0.01666666753590107,
  "intrinsics" : [
    1466.87060546875,
    0,
    967.4163818359375,
    0,
    1466.87060546875,
    715.26104736328125,
    0,
    0,
    1
  ],
  "motionQuality" : 0.97723877429962158,
  "cameraPoseARFrame" : [
    0.48417624831199646,
    0.19650071859359741,
    0.85261988639831543,
    0.22922199964523315,
    -0.86985856294631958,
    0.0029209349304437637,
    0.4932924211025238,
    0.14565344154834747,
    0.094441883265972137,
    -0.98049932718276978,
    0.17234213650226593,
    0.06592840701341629,
    0,
    0,
    0,
    1
  ],
  "time" : 972492.51962837519,
  "frame_index" : 30,
  "projectionMatrix" : [
    1.5279902219772339,
    0,
    -0.0082461833953857422,
    0,
    0,
    2.0373203754425049,
    -0.0058873891830444336,
    0,
    0,
    0,
    -0.9999997615814209,
    -0.00099999981466680765,
    0,
    0,
    -1,
    0
  ],
  "averageVelocity" : 0.017904289066791534,
  "averageAngularVelocity" : 0.079664357006549835
}