{
  "intrinsics" : [
    1465.0732421875,
    0,
    962.791259765625,
    0,
    1465.0732421875,
    715.27252197265625,
    0,
    0,
    1
  ],
  "projectionMatrix" : [
    1.5261179208755493,
    0,
    -0.003428339958190918,
    0,
    0,
    2.0348238945007324,
    -0.0058715343475341797,
    0,
    0,
    0,
    -0.9999997615814209,
    -0.00099999981466680765,
    0,
    0,
    -1,
    0
  ],
  "averageAngularVelocity" : 0,
  "motionQuality" : 0.98788607120513916,
  "cameraPoseARFrame" : [
    0.96432703733444214,
    0.14385345578193665,
    0.2222147136926651,
    0.022538866847753525,
    -0.22586236894130707,
    0.0093332966789603233,
    0.97411447763442993,
    0.24844563007354736,
    0.13805577158927917,
    -0.98955494165420532,
    0.041491441428661346,
    0.028360296040773392,
    0,
    0,
    0,
    1
  ],
  "time" : 972499.88678308355,
  "cameraGrain" : 0,
  "exposureDuration" : 0.01666666753590107,
  "frame_index" : 44,
  "averageVelocity" : 0.016547899693250656
}