{
  "cameraPoseARFrame" : [
    -0.64083284139633179,
    -0.08012082427740097,
    -0.76348793506622314,
    -0.19032113254070282,
    -0.76722526550292969,
    0.032602764666080475,
    0.6405484676361084,
    0.16171844303607941,
    -0.026429459452629089,
    0.99625176191329956,
    -0.08236367255449295,
    0.011958487331867218,
    0,
    0,
    0,
    1
  ],
  "exposureDuration" : 0.01666666753590107,
  "frame_index" : 13,
  "averageVelocity" : 0.11849168688058853,
  "averageAngularVelocity" : 0.15344890952110291,
  "cameraGrain" : 0,
  "time" : 972483.66932070849,
  "intrinsics" : [
    1471.3106689453125,
    0,
    966.4984130859375,
    0,
    1471.3106689453125,
    715.380615234375,
    0,
    0,
    1
  ],
  "motionQuality" : 0.95615744590759277,
  "projectionMatrix" : [
    1.5326153039932251,
    0,
    -0.0072900056838989258,
    0,
    0,
    2.0434870719909668,
    -0.0057213306427001953,
    0,
    0,
    0,
    -0.9999997615814209,
    -0.00099999981466680765,
    0,
    0,
    -1,
    0
  ]
}