{
  "intrinsics" : [
    1464.6065673828125,
    0,
    962.724853515625,
    0,
    1464.6065673828125,
    715.16864013671875,
    0,
    0,
    1
  ],
  "cameraGrain" : 0,
  "averageVelocity" : 0,
  "averageAngularVelocity" : 0,
  "exposureDuration" : 0.01666666753590107,
  "projectionMatrix" : [
    1.5256317853927612,
    0,
    -0.0033591985702514648,
    0,
    0,
    2.0341758728027344,
    -0.006015777587890625,
    0,
    0,
    0,
    -0.9999997615814209,
    -0.00099999981466680765,
    0,
    0,
    -1,
    0
  ],
  "frame_index" : 41,
  "motionQuality" : 0.99369007349014282,
  "time" : 972498.31834350026,
  "cameraPoseARFrame" : [
    0.96456372737884521,
    0.14356552064418793,
    0.22137191891670227,
    0.021781338378787041,
    -0.22439567744731903,
    0.0050172950141131878,
    0.97448521852493286,
    0.24739372730255127,
    0.13879179954528809,
    -0.9896281361579895,
    0.037054989486932755,
    0.024621663615107536,
    0,
    0,
    0,
    1
  ]
}