{
  "intrinsics" : [
    1455.1722412109375,
    0,
    965.266845703125,
    0,
    1455.1722412109375,
    715.05523681640625,
    0,
    0,
    1
  ],
  "averageAngularVelocity" : 0.31372040510177612,
  "cameraGrain" : 0,
  "cameraPoseARFrame" : [
    0.87266576290130615,
    0.18911422789096832,
    0.45021119713783264,
    0.12608499825000763,
    -0.45592096447944641,
    -0.014678677543997765,
    0.88989913463592529,
    0.28419578075408936,
    0.17490112781524658,
    -0.98184537887573242,
    0.073411576449871063,
    0.013433129526674747,
    0,
    0,
    0,
    1
  ],
  "averageVelocity" : 0.083986960351467133,
  "exposureDuration" : 0.01666666753590107,
  "projectionMatrix" : [
    1.5158044099807739,
    0,
    -0.006007075309753418,
    0,
    0,
    2.0210726261138916,
    -0.006173253059387207,
    0,
    0,
    0,
    -0.9999997615814209,
    -0.00099999981466680765,
    0,
    0,
    -1,
    0
  ],
  "time" : 972495.18472775025,
  "motionQuality" : 0.91036558151245117,
  "frame_index" : 35
}