{
  "motionQuality" : 0.89407724142074585,
  "cameraPoseARFrame" : [
    0.06965339183807373,
    -0.99258607625961304,
    0.099603749811649323,
    -0.0092451497912406921,
    -0.82182765007019043,
    -0.00049896218115463853,
    0.56973588466644287,
    0.1271720677614212,
    -0.56546223163604736,
    -0.12154116481542587,
    -0.81576967239379883,
    -0.14529713988304138,
    0,
    0,
    0,
    0.99999994039535522
  ],
  "averageAngularVelocity" : 0.3707297146320343,
  "averageVelocity" : 0,
  "frame_index" : 20,
  "time" : 972487.30176441686,
  "intrinsics" : [
    1472.9932861328125,
    0,
    966.576416015625,
    0,
    1472.9932861328125,
    715.25347900390625,
    0,
    0,
    1
  ],
  "cameraGrain" : 0,
  "projectionMatrix" : [
    1.5343680381774902,
    0,
    -0.0073713064193725586,
    0,
    0,
    2.0458240509033203,
    -0.0058979988098144531,
    0,
    0,
    0,
    -0.9999997615814209,
    -0.00099999981466680765,
    0,
    0,
    -1,
    0
  ],
  "exposureDuration" : 0.01666666753590107
}