{
  "averageVelocity" : 0,
  "exposureDuration" : 0.01666666753590107,
  "cameraPoseARFrame" : [
    0.024871360510587692,
    0.99949449300765991,
    0.019796181470155716,
    0.016305692493915558,
    -0.94347065687179565,
    0.016920948401093483,
    0.33102363348007202,
    0.073256820440292358,
    0.33052137494087219,
    -0.026910139247775078,
    0.94341474771499634,
    0.20693877339363098,
    0,
    0,
    0,
    0.99999994039535522
  ],
  "projectionMatrix" : [
    1.5581222772598267,
    0,
    -0.0087382793426513672,
    0,
    0,
    2.0774962902069092,
    -0.0059084892272949219,
    0,
    0,
    0,
    -0.9999997615814209,
    -0.00099999981466680765,
    0,
    0,
    -1,
    0
  ],
  "cameraGrain" : 0,
  "averageAngularVelocity" : 0.063354030251502991,
  "time" : 972477.36904629192,
  "motionQuality" : 0.98189884424209595,
  "intrinsics" : [
    1495.79736328125,
    0,
    967.88873291015625,
    0,
    1495.79736328125,
    715.245849609375,
    0,
    0,
    1
  ],
  "frame_index" : 1
}