{
  "cameraGrain" : 0,
  "averageVelocity" : 0,
  "motionQuality" : 0.94089138507843018,
  "cameraPoseARFrame" : [
    0.033679284155368805,
    0.99916046857833862,
    0.023316092789173126,
    0.017381053417921066,
    -0.93179160356521606,
    0.02295469306409359,
    0.3622671365737915,
    0.069832883775234222,
    0.36142784357070923,
    -0.03392665833234787,
    0.93178266286849976,
    0.21115130186080933,
    0,
    0,
    0,
    1
  ],
  "intrinsics" : [
    1495.8240966796875,
    0,
    967.83074951171875,
    0,
    1495.8240966796875,
    715.263916015625,
    0,
    0,
    1
  ],
  "averageAngularVelocity" : 0.20688022673130035,
  "time" : 972477.87038854184,
  "frame_index" : 2,
  "projectionMatrix" : [
    1.558150053024292,
    0,
    -0.0086778402328491211,
    0,
    0,
    2.077533483505249,
    -0.0058834552764892578,
    0,
    0,
    0,
    -0.9999997615814209,
    -0.00099999981466680765,
    0,
    0,
    -1,
    0
  ],
  "exposureDuration" : 0.01666666753590107
}