{
  "motionQuality" : 0.78366714715957642,
  "averageAngularVelocity" : 0.75716501474380493,
  "cameraGrain" : 0,
  "projectionMatrix" : [
    1.5475976467132568,
    0,
    -0.0082134008407592773,
    0,
    0,
    2.0634634494781494,
    -0.0060622692108154297,
    0,
    0,
    0,
    -0.9999997615814209,
    -0.00099999981466680765,
    0,
    0,
    -1,
    0
  ],
  "cameraPoseARFrame" : [
    0.12586028873920441,
    -0.96009117364883423,
    0.24976804852485657,
    0.051970254629850388,
    -0.83330792188644409,
    0.034296434372663498,
    0.55174428224563599,
    0.11278004944324493,
    -0.53829097747802734,
    -0.27757635712623596,
    -0.79573518037796021,
    -0.14932869374752045,
    0,
    0,
    0,
    1
  ],
  "time" : 972489.36981691688,
  "intrinsics" : [
    1485.6937255859375,
    0,
    967.38482666015625,
    0,
    1485.6937255859375,
    715.13519287109375,
    0,
    0,
    1
  ],
  "frame_index" : 24,
  "exposureDuration" : 0.01666666753590107,
  "averageVelocity" : 0.16665549576282501
}