{
  "cameraPoseARFrame" : [
    -0.66024994850158691,
    -0.26094779372215271,
    -0.70425570011138916,
    -0.16197256743907928,
    -0.72743433713912964,
    -0.01108501385897398,
    0.68608766794204712,
    0.1509898453950882,
    -0.18683977425098419,
    0.96528923511505127,
    -0.18250356614589691,
    -0.0081107877194881439,
    0,
    0,
    0,
    1
  ],
  "exposureDuration" : 0.01666666753590107,
  "frame_index" : 14,
  "averageVelocity" : 0.043809227645397186,
  "averageAngularVelocity" : 0.32020387053489685,
  "cameraGrain" : 0,
  "time" : 972484.2007934585,
  "intrinsics" : [
    1473.5706787109375,
    0,
    966.64031982421875,
    0,
    1473.5706787109375,
    715.62451171875,
    0,
    0,
    1
  ],
  "motionQuality" : 0.90851318836212158,
  "projectionMatrix" : [
    1.5349694490432739,
    0,
    -0.0074378252029418945,
    0,
    0,
    2.0466258525848389,
    -0.0053826570510864258,
    0,
    0,
    0,
    -0.9999997615814209,
    -0.00099999981466680765,
    0,
    0,
    -1,
    0
  ]
}