{
  "intrinsics" : [
    1466.8094482421875,
    0,
    962.80487060546875,
    0,
    1466.8094482421875,
    715.2310791015625,
    0,
    0,
    1
  ],
  "averageVelocity" : 0,
  "cameraPoseARFrame" : [
    0.96134191751480103,
    0.17320004105567932,
    0.21406362950801849,
    0.021308403462171555,
    -0.21561035513877869,
    -0.010059774853289127,
    0.97642767429351807,
    0.24513077735900879,
    0.17127077281475067,
    -0.98483520746231079,
    0.027672845870256424,
    0.017786199226975441,
    0,
    0,
    0,
    1
  ],
  "time" : 972497.31743412523,
  "cameraGrain" : 0,
  "averageAngularVelocity" : 0.044070031493902206,
  "exposureDuration" : 0.01666666753590107,
  "frame_index" : 39,
  "projectionMatrix" : [
    1.5279265642166138,
    0,
    -0.0034425258636474609,
    0,
    0,
    2.0372352600097656,
    -0.005929112434387207,
    0,
    0,
    0,
    -0.9999997615814209,
    -0.00099999981466680765,
    0,
    0,
    -1,
    0
  ],
  "motionQuality" : 0.98740857839584351
}