{
  "frame_index" : 22,
  "cameraPoseARFrame" : [
    0.020074997097253799,
    -0.99487894773483276,
    0.099058300256729126,
    0.01351886335760355,
    -0.87255775928497314,
    0.030935745686292648,
    0.48753035068511963,
    0.077738426625728607,
    -0.48809817433357239,
    -0.096221268177032471,
    -0.86746853590011597,
    -0.14941836893558502,
    0,
    0,
    0,
    1
  ],
  "averageVelocity" : 0,
  "intrinsics" : [
    1487.4603271484375,
    0,
    967.4913330078125,
    0,
    1487.4603271484375,
    715.3023681640625,
    0,
    0,
    1
  ],
  "time" : 972488.33611466689,
  "cameraGrain" : 0,
  "exposureDuration" : 0.01666666753590107,
  "projectionMatrix" : [
    1.5494378805160522,
    0,
    -0.0083242654800415039,
    0,
    0,
    2.0659170150756836,
    -0.0058300495147705078,
    0,
    0,
    0,
    -0.9999997615814209,
    -0.00099999981466680765,
    0,
    0,
    -1,
    0
  ],
  "averageAngularVelocity" : 0.05468471348285675,
  "motionQuality" : 0.98437577486038208
}