{
  "cameraPoseARFrame" : [
    0.49664264917373657,
    0.1965162605047226,
    0.84541547298431396,
    0.21869219839572906,
    -0.86411839723587036,
    0.020468544214963913,
    0.50287193059921265,
    0.13801892101764679,
    0.081518113613128662,
    -0.98028689622879028,
    0.17997893691062927,
    0.061323679983615875,
    0,
    0,
    0,
    1
  ],
  "projectionMatrix" : [
    1.5329858064651489,
    0,
    -0.0081876516342163086,
    0,
    0,
    2.0439810752868652,
    -0.0056291818618774414,
    0,
    0,
    0,
    -0.9999997615814209,
    -0.00099999981466680765,
    0,
    0,
    -1,
    0
  ],
  "averageAngularVelocity" : 0.090776480734348297,
  "cameraGrain" : 0,
  "time" : 972492.00081066682,
  "motionQuality" : 0.97406387329101562,
  "frame_index" : 29,
  "exposureDuration" : 0.01666666753590107,
  "intrinsics" : [
    1471.6663818359375,
    0,
    967.36016845703125,
    0,
    1471.6663818359375,
    715.44696044921875,
    0,
    0,
    1
  ],
  "averageVelocity" : 0
}