{
  "cameraPoseARFrame" : [
    0.9628831148147583,
    0.1585836261510849,
    0.21841967105865479,
    0.021612061187624931,
    -0.22062645852565765,
    -0.0037730531767010689,
    0.97535103559494019,
    0.24636238813400269,
    0.15549883246421814,
    -0.9873383641242981,
    0.031354743987321854,
    0.019114864990115166,
    0,
    0,
    0,
    1
  ],
  "cameraGrain" : 0,
  "averageVelocity" : 0.016493745148181915,
  "averageAngularVelocity" : 0,
  "exposureDuration" : 0.01666666753590107,
  "projectionMatrix" : [
    1.5256000757217407,
    0,
    -0.0033184289932250977,
    0,
    0,
    2.0341334342956543,
    -0.0061877965927124023,
    0,
    0,
    0,
    -0.9999997615814209,
    -0.00099999981466680765,
    0,
    0,
    -1,
    0
  ],
  "frame_index" : 40,
  "time" : 972497.81783229182,
  "motionQuality" : 0.99116015434265137,
  "intrinsics" : [
    1464.5760498046875,
    0,
    962.68572998046875,
    0,
    1464.5760498046875,
    715.0447998046875,
    0,
    0,
    1
  ]
}