{
  "averageVelocity" : 0.013365911319851875,
  "exposureDuration" : 0.01666666753590107,
  "cameraPoseARFrame" : [
    0.028159737586975098,
    0.99915343523025513,
    0.029984639957547188,
    0.017203887924551964,
    -0.90600645542144775,
    0.012838205322623253,
    0.42306900024414062,
    0.068820260465145111,
    0.42232599854469299,
    -0.039079785346984863,
    0.90560120344161987,
    0.22158856689929962,
    0,
    0,
    0,
    1
  ],
  "projectionMatrix" : [
    1.5536924600601196,
    0,
    -0.0084978342056274414,
    0,
    0,
    2.0715899467468262,
    -0.0059837102890014648,
    0,
    0,
    0,
    -0.9999997615814209,
    -0.00099999981466680765,
    0,
    0,
    -1,
    0
  ],
  "cameraGrain" : 0,
  "averageAngularVelocity" : 0.022249968722462654,
  "intrinsics" : [
    1491.5447998046875,
    0,
    967.65789794921875,
    0,
    1491.5447998046875,
    715.19171142578125,
    0,
    0,
    1
  ],
  "time" : 972478.93570316688,
  "frame_index" : 4,
  "motionQuality" : 0.99364286661148071
}