{
  "exposureDuration" : 0.01666666753590107,
  "cameraGrain" : 0,
  "frame_index" : 42,
  "motionQuality" : 0.99144166707992554,
  "projectionMatrix" : [
    1.525675892829895,
    0,
    -0.0033651590347290039,
    0,
    0,
    2.0342345237731934,
    -0.0059496164321899414,
    0,
    0,
    0,
    -0.9999997615814209,
    -0.00099999981466680765,
    0,
    0,
    -1,
    0
  ],
  "cameraPoseARFrame" : [
    0.96520853042602539,
    0.14379443228244781,
    0.21839319169521332,
    0.022452937439084053,
    -0.22204695641994476,
    0.0096728233620524406,
    0.97498798370361328,
    0.24782818555831909,
    0.13808539509773254,
    -0.98956024646759033,
    0.041265416890382767,
    0.026118097826838493,
    0,
    0,
    0,
    1
  ],
  "averageAngularVelocity" : 0.029954120516777039,
  "intrinsics" : [
    1464.6488037109375,
    0,
    962.7305908203125,
    0,
    1464.6488037109375,
    715.21630859375,
    0,
    0,
    1
  ],
  "time" : 972498.85151583352,
  "averageVelocity" : 0
}