{
  "cameraPoseARFrame" : [
    0.46185505390167236,
    -0.52060180902481079,
    0.71809715032577515,
    0.17196221649646759,
    -0.83909821510314941,
    0.0058888066560029984,
    0.54394793510437012,
    0.10699369013309479,
    -0.28740909695625305,
    -0.85377919673919678,
    -0.4341164231300354,
    -0.092026345431804657,
    0,
    0,
    0,
    1
  ],
  "projectionMatrix" : [
    1.5337544679641724,
    0,
    -0.0081169605255126953,
    0,
    0,
    2.0450060367584229,
    -0.0055810213088989258,
    0,
    0,
    0,
    -0.9999997615814209,
    -0.00099999981466680765,
    0,
    0,
    -1,
    0
  ],
  "averageAngularVelocity" : 0.72795426845550537,
  "cameraGrain" : 0,
  "time" : 972490.43599450018,
  "motionQuality" : 0.79201304912567139,
  "frame_index" : 26,
  "exposureDuration" : 0.01666666753590107,
  "intrinsics" : [
    1472.404296875,
    0,
    967.29229736328125,
    0,
    1472.404296875,
    715.481689453125,
    0,
    0,
    1
  ],
  "averageVelocity" : 0.10434896498918533
}