{
  "intrinsics" : [
    1464.6220703125,
    0,
    966.96630859375,
    0,
    1464.6220703125,
    715.248779296875,
    0,
    0,
    1
  ],
  "averageAngularVelocity" : 0.23199932277202606,
  "cameraGrain" : 0,
  "cameraPoseARFrame" : [
    0.68938165903091431,
    0.19537240266799927,
    0.69755458831787109,
    0.18734884262084961,
    -0.7101251482963562,
    -0.0079462546855211258,
    0.70403057336807251,
    0.210251584649086,
    0.1430911123752594,
    -0.98069697618484497,
    0.13326087594032288,
    0.05104585736989975,
    0,
    0,
    0,
    1
  ],
  "averageVelocity" : 0.10823681205511093,
  "exposureDuration" : 0.01666666753590107,
  "projectionMatrix" : [
    1.5256479978561401,
    0,
    -0.0077774524688720703,
    0,
    0,
    2.0341973304748535,
    -0.0059044361114501953,
    0,
    0,
    0,
    -0.9999997615814209,
    -0.00099999981466680765,
    0,
    0,
    -1,
    0
  ],
  "time" : 972494.11746945849,
  "motionQuality" : 0.93371450901031494,
  "frame_index" : 33
}