{
  "intrinsics" : [
    1455.7611083984375,
    0,
    964.322998046875,
    0,
    1455.7611083984375,
    714.8790283203125,
    0,
    0,
    1
  ],
  "averageAngularVelocity" : 0.19896748661994934,
  "cameraGrain" : 0,
  "cameraPoseARFrame" : [
    0.88718956708908081,
    0.3462100625038147,
    0.30501306056976318,
    0.068465068936347961,
    -0.31518268585205078,
    -0.028056638315320015,
    0.9486161470413208,
    0.26744693517684937,
    0.33697813749313354,
    -0.93773740530014038,
    0.084227882325649261,
    0.032597370445728302,
    0,
    0,
    0,
    1
  ],
  "averageVelocity" : 0.12355933338403702,
  "exposureDuration" : 0.01666666753590107,
  "projectionMatrix" : [
    1.5164178609848022,
    0,
    -0.005023956298828125,
    0,
    0,
    2.02189040184021,
    -0.0064179897308349609,
    0,
    0,
    0,
    -0.9999997615814209,
    -0.00099999981466680765,
    0,
    0,
    -1,
    0
  ],
  "time" : 972495.71839291684,
  "frame_index" : 36,
  "motionQuality" : 0.94315212965011597
}