{
  "averageAngularVelocity" : 0.13378885388374329,
  "frame_index" : 23,
  "time" : 972488.86737179186,
  "cameraGrain" : 0,
  "cameraPoseARFrame" : [
    0.025524472817778587,
    -0.99538111686706543,
    0.092544786632061005,
    0.019215548411011696,
    -0.86650580167770386,
    0.024135634303092957,
    0.49858313798904419,
    0.086068950593471527,
    -0.49851393699645996,
    -0.092916660010814667,
    -0.86188769340515137,
    -0.14732953906059265,
    0,
    0,
    0,
    1
  ],
  "exposureDuration" : 0.01666666753590107,
  "motionQuality" : 0.96177458763122559,
  "projectionMatrix" : [
    1.551131010055542,
    0,
    -0.0082671642303466797,
    0,
    0,
    2.0681748390197754,
    -0.0058134794235229492,
    0,
    0,
    0,
    -0.9999997615814209,
    -0.00099999981466680765,
    0,
    0,
    -1,
    0
  ],
  "intrinsics" : [
    1489.0858154296875,
    0,
    967.4365234375,
    0,
    1489.0858154296875,
    715.3143310546875,
    0,
    0,
    1
  ],
  "averageVelocity" : 0
}