{
  "motionQuality" : 0.8736717700958252,
  "intrinsics" : [
    1472.947509765625,
    0,
    966.87371826171875,
    0,
    1472.947509765625,
    715.59124755859375,
    0,
    0,
    1
  ],
  "averageVelocity" : 0,
  "time" : 972482.63620070857,
  "cameraGrain" : 0,
  "frame_index" : 11,
  "exposureDuration" : 0.01666666753590107,
  "averageAngularVelocity" : 0.44214892387390137,
  "projectionMatrix" : [
    1.5343203544616699,
    0,
    -0.0076810121536254883,
    0,
    0,
    2.0457603931427002,
    -0.0054287910461425781,
    0,
    0,
    0,
    -0.9999997615814209,
    -0.00099999981466680765,
    0,
    0,
    -1,
    0
  ],
  "cameraPoseARFrame" : [
    -0.55253112316131592,
    0.48423311114311218,
    -0.67840063571929932,
    -0.16494001448154449,
    -0.74904656410217285,
    0.068503051996231079,
    0.65896612405776978,
    0.15193875133991241,
    0.36556583642959595,
    0.8722531795501709,
    0.32486319541931152,
    0.12261547893285751,
    0,
    0,
    0,
    1
  ]
}