{
  "intrinsics" : [
    1466.3734130859375,
    0,
    963.18463134765625,
    0,
    1466.3734130859375,
    715.35223388671875,
    0,
    0,
    1
  ],
  "averageVelocity" : 0,
  "cameraPoseARFrame" : [
    0.95077943801879883,
    0.2071143239736557,
    0.23048166930675507,
    0.032366517931222916,
    -0.2386719137430191,
    0.015115708112716675,
    0.97098261117935181,
    0.25295275449752808,
    0.19762054085731506,
    -0.97819983959197998,
    0.063804090023040771,
    0.036628574132919312,
    0,
    0,
    0,
    1
  ],
  "time" : 972496.78404108353,
  "cameraGrain" : 0,
  "averageAngularVelocity" : 0.17528156936168671,
  "exposureDuration" : 0.01666666753590107,
  "projectionMatrix" : [
    1.5274722576141357,
    0,
    -0.0038381814956665039,
    0,
    0,
    2.0366296768188477,
    -0.0057607889175415039,
    0,
    0,
    0,
    -0.9999997615814209,
    -0.00099999981466680765,
    0,
    0,
    -1,
    0
  ],
  "frame_index" : 38,
  "motionQuality" : 0.94991958141326904
}