{
  "exposureDuration" : 0.01666666753590107,
  "cameraGrain" : 0,
  "frame_index" : 43,
  "motionQuality" : 0.98860400915145874,
  "cameraPoseARFrame" : [
    0.96491497755050659,
    0.14239290356636047,
    0.22059734165668488,
    0.02465561218559742,
    -0.22471502423286438,
    0.013311767019331455,
    0.97433358430862427,
    0.24779981374740601,
    0.13580164313316345,
    -0.98972070217132568,
    0.04484255239367485,
    0.028635729104280472,
    0,
    0,
    0,
    1
  ],
  "projectionMatrix" : [
    1.526201605796814,
    0,
    -0.0033906698226928711,
    0,
    0,
    2.034935474395752,
    -0.005968928337097168,
    0,
    0,
    0,
    -0.9999997615814209,
    -0.00099999981466680765,
    0,
    0,
    -1,
    0
  ],
  "averageAngularVelocity" : 0.039885889738798141,
  "intrinsics" : [
    1465.153564453125,
    0,
    962.7550048828125,
    0,
    1465.153564453125,
    715.20233154296875,
    0,
    0,
    1
  ],
  "time" : 972499.38542412524,
  "averageVelocity" : 0
}