{
  "motionQuality" : 0.91866409778594971,
  "intrinsics" : [
    1473.601318359375,
    0,
    966.4525146484375,
    0,
    1473.601318359375,
    715.4093017578125,
    0,
    0,
    1
  ],
  "averageVelocity" : 0.15337613224983215,
  "time" : 972483.16776629188,
  "cameraGrain" : 0,
  "frame_index" : 12,
  "exposureDuration" : 0.01666666753590107,
  "averageAngularVelocity" : 0.28467562794685364,
  "projectionMatrix" : [
    1.5350013971328735,
    0,
    -0.0072422027587890625,
    0,
    0,
    2.046668529510498,
    -0.0056815147399902344,
    0,
    0,
    0,
    -0.9999997615814209,
    -0.00099999981466680765,
    0,
    0,
    -1,
    0
  ],
  "cameraPoseARFrame" : [
    -0.66825294494628906,
    0.22676339745521545,
    -0.7085309624671936,
    -0.16785667836666107,
    -0.72660738229751587,
    0.0054051247425377369,
    0.68703156709671021,
    0.16010035574436188,
    0.15962335467338562,
    0.97393476963043213,
    0.16115601360797882,
    0.079232193529605865,
    0,
    0,
    0,
    1
  ]
}