{
  "intrinsics" : [
    1466.365966796875,
    0,
    962.7486572265625,
    0,
    1466.365966796875,
    715.2978515625,
    0,
    0,
    1
  ],
  "projectionMatrix" : [
    1.5274645090103149,
    0,
    -0.0033839941024780273,
    0,
    0,
    2.0366194248199463,
    -0.0058363676071166992,
    0,
    0,
    0,
    -0.9999997615814209,
    -0.00099999981466680765,
    0,
    0,
    -1,
    0
  ],
  "averageAngularVelocity" : 0.13697497546672821,
  "motionQuality" : 0.96086430549621582,
  "cameraPoseARFrame" : [
    0.96713936328887939,
    0.15558309853076935,
    0.20108488202095032,
    0.021028714254498482,
    -0.20239321887493134,
    -0.0075519983656704426,
    0.97927522659301758,
    0.23256832361221313,
    0.15387728810310364,
    -0.98779386281967163,
    0.024185135960578918,
    0.025636009871959686,
    0,
    0,
    0,
    1
  ],
  "time" : 972500.41739587521,
  "cameraGrain" : 0,
  "exposureDuration" : 0.01666666753590107,
  "frame_index" : 45,
  "averageVelocity" : 0.10183195024728775
}