{
  "motionQuality" : 0.87662345170974731,
  "cameraPoseARFrame" : [
    -0.14170646667480469,
    -0.98439317941665649,
    -0.10435023158788681,
    -0.047731336206197739,
    -0.75586944818496704,
    0.03953281044960022,
    0.65352761745452881,
    0.13931061327457428,
    -0.63920307159423828,
    0.17148430645465851,
    -0.74967503547668457,
    -0.11755376309156418,
    0,
    0,
    0,
    1
  ],
  "averageAngularVelocity" : 0.43181788921356201,
  "averageVelocity" : 0.061273083090782166,
  "time" : 972486.76930662524,
  "frame_index" : 19,
  "intrinsics" : [
    1477.9342041015625,
    0,
    966.41357421875,
    0,
    1477.9342041015625,
    715.24462890625,
    0,
    0,
    1
  ],
  "cameraGrain" : 0,
  "projectionMatrix" : [
    1.5395147800445557,
    0,
    -0.0072016716003417969,
    0,
    0,
    2.0526864528656006,
    -0.0059102773666381836,
    0,
    0,
    0,
    -0.9999997615814209,
    -0.00099999981466680765,
    0,
    0,
    -1,
    0
  ],
  "exposureDuration" : 0.01666666753590107
}