{
  "cameraGrain" : 0,
  "averageVelocity" : 0.019517140462994576,
  "motionQuality" : 0.98073458671569824,
  "cameraPoseARFrame" : [
    0.030049175024032593,
    0.99903899431228638,
    0.03190290555357933,
    0.017092067748308182,
    -0.90996688604354858,
    0.014135513454675674,
    0.41443982720375061,
    0.065915904939174652,
    0.4135906994342804,
    -0.041484162211418152,
    0.90951734781265259,
    0.21768634021282196,
    0,
    0,
    0,
    1
  ],
  "intrinsics" : [
    1494.619384765625,
    0,
    967.77752685546875,
    0,
    1494.619384765625,
    715.26080322265625,
    0,
    0,
    1
  ],
  "averageAngularVelocity" : 0.067428916692733765,
  "time" : 972478.40219575027,
  "frame_index" : 3,
  "projectionMatrix" : [
    1.5568951368331909,
    0,
    -0.0086224079132080078,
    0,
    0,
    2.0758602619171143,
    -0.0058877468109130859,
    0,
    0,
    0,
    -0.9999997615814209,
    -0.00099999981466680765,
    0,
    0,
    -1,
    0
  ],
  "exposureDuration" : 0.01666666753590107
}