{
  "time" : 972501.98503245856,
  "averageAngularVelocity" : 0,
  "cameraGrain" : 0,
  "intrinsics" : [
    1515.1710205078125,
    0,
    961.86639404296875,
    0,
    1515.1710205078125,
    715.2747802734375,
    0,
    0,
    1
  ],
  "frame_index" : 48,
  "projectionMatrix" : [
    1.5783030986785889,
    0,
    -0.0024650096893310547,
    0,
    0,
    2.1044042110443115,
    -0.0058683156967163086,
    0,
    0,
    0,
    -0.9999997615814209,
    -0.00099999981466680765,
    0,
    0,
    -1,
    0
  ],
  "exposureDuration" : 0.01666666753590107,
  "cameraPoseARFrame" : [
    0.98214316368103027,
    0.14861412346363068,
    0.11536204069852829,
    0.010095006786286831,
    -0.11895207315683365,
    0.015469025820493698,
    0.99277949333190918,
    0.14753223955631256,
    0.14575652778148651,
    -0.98877424001693726,
    0.032870762050151825,
    0.029390592128038406,
    0,
    0,
    0,
    1
  ],
  "motionQuality" : 0.98204606771469116,
  "averageVelocity" : 0.017493227496743202
}