{
  "cameraPoseARFrame" : [
    -0.010385698638856411,
    0.99994313716888428,
    -0.0023478514049202204,
    0.0038422425277531147,
    -0.83296865224838257,
    -0.0073523866012692451,
    0.55327117443084717,
    0.093053951859474182,
    0.55322253704071045,
    0.0077018016017973423,
    0.83299785852432251,
    0.21594196557998657,
    0,
    0,
    0,
    1
  ],
  "averageAngularVelocity" : 0.16855940222740173,
  "frame_index" : 7,
  "time" : 972480.53416058351,
  "motionQuality" : 0.95184016227722168,
  "cameraGrain" : 0,
  "intrinsics" : [
    1486.95947265625,
    0,
    967.39947509765625,
    0,
    1486.95947265625,
    715.1787109375,
    0,
    0,
    1
  ],
  "averageVelocity" : 0.024056315422058105,
  "exposureDuration" : 0.01666666753590107,
  "projectionMatrix" : [
    1.5489161014556885,
    0,
    -0.0082286596298217773,
    0,
    0,
    2.0652215480804443,
    -0.0060018301010131836,
    0,
    0,
    0,
    -0.9999997615814209,
    -0.00099999981466680765,
    0,
    0,
    -1,
    0
  ]
}