{
  "cameraGrain" : 0,
  "exposureDuration" : 0.01666666753590107,
  "intrinsics" : [
    1465.2261962890625,
    0,
    967.42718505859375,
    0,
    1465.2261962890625,
    715.25701904296875,
    0,
    0,
    1
  ],
  "motionQuality" : 0.97135078907012939,
  "time" : 972493.05238704185,
  "cameraPoseARFrame" : [
    0.48355469107627869,
    0.20071722567081451,
    0.85199016332626343,
    0.22342416644096375,
    -0.87025254964828491,
    0.0057184565812349319,
    0.49257254600524902,
    0.15086664259433746,
    0.093995735049247742,
    -0.97963249683380127,
    0.17743991315364838,
    0.067713931202888489,
    0,
    0,
    0,
    1
  ],
  "projectionMatrix" : [
    1.5262773036956787,
    0,
    -0.0082575082778930664,
    0,
    0,
    2.0350363254547119,
    -0.0058929920196533203,
    0,
    0,
    0,
    -0.9999997615814209,
    -0.00099999981466680765,
    0,
    0,
    -1,
    0
  ],
  "frame_index" : 31,
  "averageVelocity" : 0.0342281274497509,
  "averageAngularVelocity" : 0.10027223825454712
}