{
  "projectionMatrix" : [
    1.5482985973358154,
    0,
    -0.0078575611114501953,
    0,
    0,
    2.0643982887268066,
    -0.0062519311904907227,
    0,
    0,
    0,
    -0.9999997615814209,
    -0.00099999981466680765,
    0,
    0,
    -1,
    0
  ],
  "averageVelocity" : 0.15634632110595703,
  "frame_index" : 8,
  "cameraPoseARFrame" : [
    -0.15603208541870117,
    0.9534720778465271,
    -0.25796264410018921,
    -0.034055184572935104,
    -0.79804468154907227,
    0.032203447073698044,
    0.60173702239990234,
    0.10119129717350006,
    0.58204692602157593,
    0.29975602030754089,
    0.75588876008987427,
    0.21030233800411224,
    0,
    0,
    0,
    1
  ],
  "intrinsics" : [
    1486.36669921875,
    0,
    967.04327392578125,
    0,
    1486.36669921875,
    714.99859619140625,
    0,
    0,
    1
  ],
  "motionQuality" : 0.78472167253494263,
  "averageAngularVelocity" : 0.75347411632537842,
  "exposureDuration" : 0.01666666753590107,
  "cameraGrain" : 0,
  "time" : 972481.06910162524
}