{
  "cameraGrain" : 0,
  "exposureDuration" : 0.01666666753590107,
  "intrinsics" : [
    1457.3367919921875,
    0,
    966.2662353515625,
    0,
    1457.3367919921875,
    715.23370361328125,
    0,
    0,
    1
  ],
  "motionQuality" : 0.8601003885269165,
  "projectionMatrix" : [
    1.5180591344833374,
    0,
    -0.0070481300354003906,
    0,
    0,
    2.0240788459777832,
    -0.0059254169464111328,
    0,
    0,
    0,
    -0.9999997615814209,
    -0.00099999981466680765,
    0,
    0,
    -1,
    0
  ],
  "time" : 972494.65258737525,
  "frame_index" : 34,
  "cameraPoseARFrame" : [
    0.81534117460250854,
    0.10907407850027084,
    0.56861364841461182,
    0.15745578706264496,
    -0.57191836833953857,
    -0.0011969662737101316,
    0.82030963897705078,
    0.2591666579246521,
    0.090155132114887238,
    -0.99403291940689087,
    0.061405546963214874,
    0.032545782625675201,
    0,
    0,
    0,
    1.0000001192092896
  ],
  "averageVelocity" : 0.094243206083774567,
  "averageAngularVelocity" : 0.48964861035346985
}