{
  "time" : 322926.69959562505,
  "motionQuality" : 0.96593815088272095,
  "projectionMatrix" : [
    1.5726982355117798,
    0,
    -0.0047751665115356445,
    0,
    0,
    2.096930980682373,
    -0.0024713277816772461,
    0,
    0,
    0,
    -0.9999997615814209,
    -0.00099999981466680765,
    0,
    0,
    -1,
    0
  ],
  "averageAngularVelocity" : 0.11921647936105728,
  "averageVelocity" : 0.054965559393167496,
  "cameraGrain" : 0.11990280449390411,
  "frame_index" : 65,
  "intrinsics" : [
    1509.790283203125,
    0,
    964.0841064453125,
    0,
    1509.790283203125,
    717.72064208984375,
    0,
    0,
    1
  ],
  "cameraPoseARFrame" : [
    0.55678999423980713,
    0.77484720945358276,
    0.29932692646980286,
    0.056226290762424469,
    -0.66449421644210815,
    0.19926151633262634,
    0.72023767232894897,
    0.14272962510585785,
    0.49842986464500427,
    -0.5999220609664917,
    0.62582850456237793,
    0.14498941600322723,
    0,
    0,
    0,
    0.99999994039535522
  ],
  "exposureDuration" : 0.01666666753590107
}