{
  "exposureDuration" : 0.01666666753590107,
  "projectionMatrix" : [
    1.5557839870452881,
    0,
    -0.0049417018890380859,
    0,
    0,
    2.0743787288665771,
    -0.0019967555999755859,
    0,
    0,
    0,
    -0.9999997615814209,
    -0.00099999981466680765,
    0,
    0,
    -1,
    0
  ],
  "time" : 322922.53075466672,
  "intrinsics" : [
    1493.5526123046875,
    0,
    964.2440185546875,
    0,
    1493.5526123046875,
    718.0623779296875,
    0,
    0,
    1
  ],
  "averageVelocity" : 0,
  "averageAngularVelocity" : 0.149163618683815,
  "cameraGrain" : 0.053535241633653641,
  "motionQuality" : 0.95738184452056885,
  "frame_index" : 57,
  "cameraPoseARFrame" : [
    0.7872956395149231,
    0.18126973509788513,
    0.58932751417160034,
    0.128304123878479,
    -0.616080641746521,
    0.192980095744133,
    0.76367753744125366,
    0.15980051457881927,
    0.024703150615096092,
    -0.96431320905685425,
    0.26360920071601868,
    0.065339438617229462,
    0,
    0,
    0,
    1
  ]
}