{
  "averageVelocity" : 0,
  "exposureDuration" : 0.01666666753590107,
  "cameraGrain" : 0.054031316190958023,
  "motionQuality" : 0.91060161590576172,
  "averageAngularVelocity" : 0.31289434432983398,
  "projectionMatrix" : [
    1.5759727954864502,
    0,
    -0.0057084560394287109,
    0,
    0,
    2.1012969017028809,
    -0.0017828941345214844,
    0,
    0,
    0,
    -0.9999997615814209,
    -0.00099999981466680765,
    0,
    0,
    -1,
    0
  ],
  "intrinsics" : [
    1512.933837890625,
    0,
    964.9801025390625,
    0,
    1512.933837890625,
    718.21630859375,
    0,
    0,
    1
  ],
  "frame_index" : 21,
  "cameraPoseARFrame" : [
    -0.68272846937179565,
    -0.33877071738243103,
    -0.6473919153213501,
    -0.12426535040140152,
    -0.72957712411880493,
    0.26757696270942688,
    0.62938058376312256,
    0.13399432599544525,
    -0.03998858854174614,
    0.90201824903488159,
    -0.42984184622764587,
    -0.031828735023736954,
    0,
    0,
    0,
    1
  ],
  "time" : 322903.74613158341
}