{
  "frame_index" : 10,
  "time" : 322897.94528200006,
  "cameraGrain" : 0.13957966864109039,
  "exposureDuration" : 0.01666666753590107,
  "intrinsics" : [
    1494.74951171875,
    0,
    964.91009521484375,
    0,
    1494.74951171875,
    716.04510498046875,
    0,
    0,
    1
  ],
  "projectionMatrix" : [
    1.5570307970046997,
    0,
    -0.0056354999542236328,
    0,
    0,
    2.0760409832000732,
    -0.0047984123229980469,
    0,
    0,
    0,
    -0.9999997615814209,
    -0.00099999981466680765,
    0,
    0,
    -1,
    0
  ],
  "cameraPoseARFrame" : [
    -0.55804198980331421,
    0.6429518461227417,
    -0.52459722757339478,
    -0.10269027203321457,
    -0.69669359922409058,
    -0.019589347764849663,
    0.71710139513015747,
    0.14790032804012299,
    0.45078513026237488,
    0.76565611362457275,
    0.45887219905853271,
    0.13059248030185699,
    0,
    0,
    0,
    1.0000001192092896
  ],
  "averageVelocity" : 0,
  "motionQuality" : 0.90886354446411133,
  "averageAngularVelocity" : 0.31897756457328796
}