{
  "projectionMatrix" : [
    1.5615242719650269,
    0,
    -0.0057681798934936523,
    0,
    0,
    2.0820324420928955,
    -0.004901885986328125,
    0,
    0,
    0,
    -0.9999997615814209,
    -0.00099999981466680765,
    0,
    0,
    -1,
    0
  ],
  "averageVelocity" : 0,
  "time" : 322896.88002558338,
  "cameraPoseARFrame" : [
    -0.44500523805618286,
    0.75028491020202637,
    -0.48892030119895935,
    -0.092384099960327148,
    -0.78092867136001587,
    -0.057901736348867416,
    0.62193071842193604,
    0.13803301751613617,
    0.43831589818000793,
    0.65857428312301636,
    0.61168557405471802,
    0.14622649550437927,
    0,
    0,
    0,
    1
  ],
  "frame_index" : 8,
  "averageAngularVelocity" : 0.042786139994859695,
  "cameraGrain" : 0.14208389818668365,
  "motionQuality" : 0.98777538537979126,
  "exposureDuration" : 0.01666666753590107,
  "intrinsics" : [
    1499.0633544921875,
    0,
    965.0374755859375,
    0,
    1499.0633544921875,
    715.97064208984375,
    0,
    0,
    1
  ]
}