{
  "averageVelocity" : 0,
  "exposureDuration" : 0.01666666753590107,
  "time" : 322909.44644541672,
  "intrinsics" : [
    1488.64599609375,
    0,
    964.6439208984375,
    0,
    1488.64599609375,
    718.11810302734375,
    0,
    0,
    1
  ],
  "projectionMatrix" : [
    1.5506728887557983,
    0,
    -0.0053582191467285156,
    0,
    0,
    2.0675637722015381,
    -0.0019192695617675781,
    0,
    0,
    0,
    -0.9999997615814209,
    -0.00099999981466680765,
    0,
    0,
    -1,
    0
  ],
  "motionQuality" : 0.95026838779449463,
  "averageAngularVelocity" : 0.17406055331230164,
  "frame_index" : 32,
  "cameraPoseARFrame" : [
    -0.18796268105506897,
    -0.96986168622970581,
    0.15504232048988342,
    0.0016215834766626358,
    -0.69123035669326782,
    0.24276930093765259,
    0.68063473701477051,
    0.15032647550106049,
    -0.69776111841201782,
    0.020763907581567764,
    -0.7160295844078064,
    -0.13585981726646423,
    0,
    0,
    0,
    1
  ],
  "cameraGrain" : 0.04328504204750061
}