{
  "time" : 322935.5985077084,
  "frame_index" : 82,
  "cameraGrain" : 0.04966234415769577,
  "motionQuality" : 0.98804235458374023,
  "exposureDuration" : 0.01666666753590107,
  "intrinsics" : [
    1516.8040771484375,
    0,
    963.92218017578125,
    0,
    1516.8040771484375,
    717.62103271484375,
    0,
    0,
    1
  ],
  "projectionMatrix" : [
    1.5800042152404785,
    0,
    -0.0046064853668212891,
    0,
    0,
    2.1066722869873047,
    -0.0026097297668457031,
    0,
    0,
    0,
    -0.9999997615814209,
    -0.00099999981466680765,
    0,
    0,
    -1,
    0
  ],
  "averageVelocity" : 0.017295496538281441,
  "averageAngularVelocity" : 0,
  "cameraPoseARFrame" : [
    -0.11984957754611969,
    0.94015061855316162,
    -0.31898725032806396,
    -0.044623270630836487,
    -0.62003540992736816,
    0.18005460500717163,
    0.76363378763198853,
    0.14239285886287689,
    0.77536594867706299,
    0.28930458426475525,
    0.56134712696075439,
    0.14572648704051971,
    0,
    0,
    0,
    1
  ]
}