{
  "projectionMatrix" : [
    1.5744391679763794,
    0,
    -0.0049854516983032227,
    0,
    0,
    2.0992522239685059,
    -0.0021635293960571289,
    0,
    0,
    0,
    -0.9999997615814209,
    -0.00099999981466680765,
    0,
    0,
    -1,
    0
  ],
  "intrinsics" : [
    1511.4615478515625,
    0,
    964.28607177734375,
    0,
    1511.4615478515625,
    717.9422607421875,
    0,
    0,
    1
  ],
  "frame_index" : 78,
  "cameraGrain" : 0,
  "time" : 322933.49986779172,
  "averageAngularVelocity" : 0.2258339524269104,
  "averageVelocity" : 0.041849367320537567,
  "exposureDuration" : 0.01666666753590107,
  "motionQuality" : 0.93547600507736206,
  "cameraPoseARFrame" : [
    -0.07366478443145752,
    0.94469839334487915,
    -0.31956002116203308,
    -0.042610656470060349,
    -0.64056581258773804,
    0.20077131688594818,
    0.7411925196647644,
    0.15174673497676849,
    0.76436185836791992,
    0.25929903984069824,
    0.5903516411781311,
    0.13765949010848999,
    0,
    0,
    0,
    1
  ]
}