{
  "averageVelocity" : 0,
  "time" : 322924.06429312506,
  "motionQuality" : 0.97243964672088623,
  "frame_index" : 60,
  "projectionMatrix" : [
    1.574108362197876,
    0,
    -0.0037102699279785156,
    0,
    0,
    2.098811149597168,
    -0.002755284309387207,
    0,
    0,
    0,
    -0.9999997615814209,
    -0.00099999981466680765,
    0,
    0,
    -1,
    0
  ],
  "cameraPoseARFrame" : [
    0.85695028305053711,
    0.20157386362552643,
    0.4743461012840271,
    0.082819677889347076,
    -0.50375759601593018,
    0.13307909667491913,
    0.85353285074234009,
    0.18532930314540863,
    0.10892436653375626,
    -0.97039061784744263,
    0.21558655798435211,
    0.056319162249565125,
    0,
    0,
    0,
    0.99999994039535522
  ],
  "exposureDuration" : 0.01666666753590107,
  "cameraGrain" : 0.079738833010196686,
  "intrinsics" : [
    1511.14404296875,
    0,
    963.0618896484375,
    0,
    1511.14404296875,
    717.51617431640625,
    0,
    0,
    1
  ],
  "averageAngularVelocity" : 0
}