{
  "intrinsics" : [
    1514.7923583984375,
    0,
    964.16302490234375,
    0,
    1514.7923583984375,
    718.53082275390625,
    0,
    0,
    1
  ],
  "cameraPoseARFrame" : [
    -0.69440937042236328,
    0.006733420304954052,
    -0.71954882144927979,
    -0.12920273840427399,
    -0.68419045209884644,
    0.30355572700500488,
    0.66312706470489502,
    0.13779841363430023,
    0.22288820147514343,
    0.95278996229171753,
    -0.20618508756160736,
    -0.015921130776405334,
    0,
    0,
    0,
    1.0000001192092896
  ],
  "projectionMatrix" : [
    1.5779087543487549,
    0,
    -0.0048573017120361328,
    0,
    0,
    2.1038782596588135,
    -0.0013461112976074219,
    0,
    0,
    0,
    -0.9999997615814209,
    -0.00099999981466680765,
    0,
    0,
    -1,
    0
  ],
  "exposureDuration" : 0.01666666753590107,
  "averageVelocity" : 0,
  "cameraGrain" : 0.06328168511390686,
  "averageAngularVelocity" : 0.25998175144195557,
  "motionQuality" : 0.9257194995880127,
  "frame_index" : 18,
  "time" : 322902.14622237504
}