{
  "time" : 322935.06718741672,
  "cameraPoseARFrame" : [
    -0.12762735784053802,
    0.94117861986160278,
    -0.31288030743598938,
    -0.039775364100933075,
    -0.61848145723342896,
    0.17109142243862152,
    0.76694750785827637,
    0.15279398858547211,
    0.77536571025848389,
    0.29139417409896851,
    0.56026560068130493,
    0.13884821534156799,
    0,
    0,
    0,
    1
  ],
  "cameraGrain" : 0.055694799870252609,
  "motionQuality" : 0.98676168918609619,
  "exposureDuration" : 0.01666666753590107,
  "intrinsics" : [
    1511.125,
    0,
    963.74017333984375,
    0,
    1511.125,
    717.6239013671875,
    0,
    0,
    1
  ],
  "projectionMatrix" : [
    1.5740885734558105,
    0,
    -0.0044168233871459961,
    0,
    0,
    2.0987846851348877,
    -0.0026056766510009766,
    0,
    0,
    0,
    -0.9999997615814209,
    -0.00099999981466680765,
    0,
    0,
    -1,
    0
  ],
  "averageVelocity" : 0.046334031969308853,
  "averageAngularVelocity" : 0,
  "frame_index" : 81
}