{
  "motionQuality" : 0.94421565532684326,
  "time" : 322914.61587787507,
  "averageVelocity" : 0.099305815994739532,
  "exposureDuration" : 0.01666666753590107,
  "cameraGrain" : 0.064902275800704956,
  "frame_index" : 42,
  "projectionMatrix" : [
    1.5645198822021484,
    0,
    -0.0029767751693725586,
    0,
    0,
    2.0860264301300049,
    -0.0015355348587036133,
    0,
    0,
    0,
    -0.9999997615814209,
    -0.00099999981466680765,
    0,
    0,
    -1,
    0
  ],
  "cameraPoseARFrame" : [
    0.33592870831489563,
    -0.79744762182235718,
    0.50122761726379395,
    0.066766977310180664,
    -0.41087618470191956,
    0.35478153824806213,
    0.83982771635055542,
    0.18243001401424408,
    -0.8475450873374939,
    -0.48806479573249817,
    -0.20847095549106598,
    -0.030328594148159027,
    0,
    0,
    0,
    1
  ],
  "intrinsics" : [
    1501.9390869140625,
    0,
    962.35772705078125,
    0,
    1501.9390869140625,
    718.3944091796875,
    0,
    0,
    1
  ],
  "averageAngularVelocity" : 0.19524514675140381
}