{
  "projectionMatrix" : [
    1.5582060813903809,
    0,
    -0.0058332681655883789,
    0,
    0,
    2.0776081085205078,
    -0.0049610137939453125,
    0,
    0,
    0,
    -0.9999997615814209,
    -0.00099999981466680765,
    0,
    0,
    -1,
    0
  ],
  "averageVelocity" : 0.025082876905798912,
  "time" : 322897.41456966673,
  "cameraPoseARFrame" : [
    -0.47508883476257324,
    0.71307891607284546,
    -0.51556682586669922,
    -0.096818581223487854,
    -0.75987768173217773,
    -0.037023797631263733,
    0.64901095628738403,
    0.14276944100856781,
    0.44370770454406738,
    0.70010560750961304,
    0.55944234132766724,
    0.14998003840446472,
    0,
    0,
    0,
    1
  ],
  "frame_index" : 9,
  "averageAngularVelocity" : 0.25856736302375793,
  "cameraGrain" : 0.13896140456199646,
  "motionQuality" : 0.92612361907958984,
  "exposureDuration" : 0.01666666753590107,
  "intrinsics" : [
    1495.8778076171875,
    0,
    965.0999755859375,
    0,
    1495.8778076171875,
    715.92803955078125,
    0,
    0,
    1
  ]
}