{
  "averageVelocity" : 0.033705785870552063,
  "intrinsics" : [
    1497.3116455078125,
    0,
    962.50457763671875,
    0,
    1497.3116455078125,
    717.38787841796875,
    0,
    0,
    1
  ],
  "time" : 322912.07938245841,
  "motionQuality" : 0.96363371610641479,
  "projectionMatrix" : [
    1.5596996545791626,
    0,
    -0.0031297206878662109,
    0,
    0,
    2.0795996189117432,
    -0.002933502197265625,
    0,
    0,
    0,
    -0.9999997615814209,
    -0.00099999981466680765,
    0,
    0,
    -1,
    0
  ],
  "frame_index" : 37,
  "averageAngularVelocity" : 0.12728202342987061,
  "cameraPoseARFrame" : [
    0.035043206065893173,
    -0.98458957672119141,
    0.17133419215679169,
    0.0012554693967103958,
    -0.403810054063797,
    0.14287152886390686,
    0.90361791849136353,
    0.22207938134670258,
    -0.91417145729064941,
    -0.10085219889879227,
    -0.39258044958114624,
    -0.045869003981351852,
    0,
    0,
    0,
    1
  ],
  "cameraGrain" : 0,
  "exposureDuration" : 0.01666666753590107
}