{
  "time" : 322901.61493754172,
  "frame_index" : 17,
  "projectionMatrix" : [
    1.5709375143051147,
    0,
    -0.0050485134124755859,
    0,
    0,
    2.09458327293396,
    -0.0013811588287353516,
    0,
    0,
    0,
    -0.9999997615814209,
    -0.00099999981466680765,
    0,
    0,
    -1,
    0
  ],
  "averageAngularVelocity" : 0.35311436653137207,
  "cameraGrain" : 0,
  "motionQuality" : 0.89911019802093506,
  "intrinsics" : [
    1508.0999755859375,
    0,
    964.3465576171875,
    0,
    1508.0999755859375,
    718.50555419921875,
    0,
    0,
    1
  ],
  "averageVelocity" : 0.061214398592710495,
  "cameraPoseARFrame" : [
    -0.6513674259185791,
    0.21416738629341125,
    -0.72790998220443726,
    -0.11775513738393784,
    -0.66764307022094727,
    0.2940441370010376,
    0.68395233154296875,
    0.14632879197597504,
    0.36051791906356812,
    0.9314882755279541,
    -0.048543475568294525,
    0.0064787920564413071,
    0,
    0,
    0,
    0.99999994039535522
  ],
  "exposureDuration" : 0.01666666753590107
}