{
  "averageAngularVelocity" : 0.61560392379760742,
  "cameraGrain" : 0.14020101726055145,
  "averageVelocity" : 0.054005693644285202,
  "motionQuality" : 0.82411313056945801,
  "exposureDuration" : 0.01666666753590107,
  "frame_index" : 13,
  "cameraPoseARFrame" : [
    -0.61184322834014893,
    0.46759605407714844,
    -0.63796687126159668,
    -0.12976972758769989,
    -0.62618511915206909,
    0.20643387734889984,
    0.75184911489486694,
    0.1647106260061264,
    0.48325976729393005,
    0.85949909687042236,
    0.16649651527404785,
    0.052619330585002899,
    0,
    0,
    0,
    0.99999988079071045
  ],
  "intrinsics" : [
    1498.497314453125,
    0,
    964.1041259765625,
    0,
    1498.497314453125,
    716.971923828125,
    0,
    0,
    1
  ],
  "projectionMatrix" : [
    1.5609346628189087,
    0,
    -0.0047959089279174805,
    0,
    0,
    2.0812463760375977,
    -0.0035111904144287109,
    0,
    0,
    0,
    -0.9999997615814209,
    -0.00099999981466680765,
    0,
    0,
    -1,
    0
  ],
  "time" : 322899.51340920839
}