{
  "averageVelocity" : 0,
  "cameraGrain" : 0,
  "exposureDuration" : 0.01666666753590107,
  "averageAngularVelocity" : 0.23672430217266083,
  "time" : 322914.11554804177,
  "motionQuality" : 0.93236446380615234,
  "projectionMatrix" : [
    1.558249831199646,
    0,
    -0.0030189752578735352,
    0,
    0,
    2.0776662826538086,
    -0.0017820596694946289,
    0,
    0,
    0,
    -0.9999997615814209,
    -0.00099999981466680765,
    0,
    0,
    -1,
    0
  ],
  "cameraPoseARFrame" : [
    0.26547163724899292,
    -0.86713927984237671,
    0.4214194118976593,
    0.048453200608491898,
    -0.42383208870887756,
    0.28763824701309204,
    0.85885429382324219,
    0.21667121350765228,
    -0.86596262454986572,
    -0.4066125750541687,
    -0.29116165637969971,
    -0.02426442876458168,
    0,
    0,
    0,
    1
  ],
  "intrinsics" : [
    1495.9197998046875,
    0,
    962.39825439453125,
    0,
    1495.9197998046875,
    718.2169189453125,
    0,
    0,
    1
  ],
  "frame_index" : 41
}