{
  "averageAngularVelocity" : 0.16049547493457794,
  "motionQuality" : 0.95414412021636963,
  "averageVelocity" : 0.11469624191522598,
  "cameraGrain" : 0,
  "projectionMatrix" : [
    1.5638586282730103,
    0,
    -0.0050865411758422852,
    0,
    0,
    2.0851449966430664,
    -0.0017375946044921875,
    0,
    0,
    0,
    -0.9999997615814209,
    -0.00099999981466680765,
    0,
    0,
    -1,
    0
  ],
  "exposureDuration" : 0.01666666753590107,
  "time" : 322920.41622108343,
  "frame_index" : 53,
  "cameraPoseARFrame" : [
    0.6667667031288147,
    -0.055304635316133499,
    0.74321174621582031,
    0.14288444817066193,
    -0.71032017469406128,
    0.25463411211967468,
    0.65620642900466919,
    0.16517303884029388,
    -0.22553823888301849,
    -0.96545475721359253,
    0.13049755990505219,
    0.063132233917713165,
    0,
    0,
    0,
    1
  ],
  "intrinsics" : [
    1501.3043212890625,
    0,
    964.383056640625,
    0,
    1501.3043212890625,
    718.2489013671875,
    0,
    0,
    1
  ]
}