{
  "time" : 322901.07983787509,
  "frame_index" : 16,
  "projectionMatrix" : [
    1.5679099559783936,
    0,
    -0.0051133632659912109,
    0,
    0,
    2.0905466079711914,
    -0.0012725591659545898,
    0,
    0,
    0,
    -0.9999997615814209,
    -0.00099999981466680765,
    0,
    0,
    -1,
    0
  ],
  "averageAngularVelocity" : 0.10990311950445175,
  "cameraGrain" : 0.10026092827320099,
  "motionQuality" : 0.96859908103942871,
  "intrinsics" : [
    1505.193603515625,
    0,
    964.40887451171875,
    0,
    1505.193603515625,
    718.583740234375,
    0,
    0,
    1
  ],
  "averageVelocity" : 0,
  "cameraPoseARFrame" : [
    -0.60241562128067017,
    0.28590807318687439,
    -0.74521946907043457,
    -0.13452541828155518,
    -0.67869210243225098,
    0.30789977312088013,
    0.66676443815231323,
    0.14438091218471527,
    0.42008626461029053,
    0.9074438214302063,
    0.0085599301382899284,
    0.016882304102182388,
    0,
    0,
    0,
    1
  ],
  "exposureDuration" : 0.01666666753590107
}