{
  "averageAngularVelocity" : 0.13339969515800476,
  "cameraGrain" : 0.13712491095066071,
  "averageVelocity" : 0,
  "motionQuality" : 0.96188580989837646,
  "exposureDuration" : 0.01666666753590107,
  "frame_index" : 12,
  "cameraPoseARFrame" : [
    -0.61502194404602051,
    0.53357583284378052,
    -0.58055579662322998,
    -0.1227315291762352,
    -0.64221936464309692,
    0.088219933211803436,
    0.76142734289169312,
    0.16438053548336029,
    0.45749574899673462,
    0.84113860130310059,
    0.28841552138328552,
    0.080851748585700989,
    0,
    0,
    0,
    1
  ],
  "intrinsics" : [
    1498.608154296875,
    0,
    964.3988037109375,
    0,
    1498.608154296875,
    716.66424560546875,
    0,
    0,
    1
  ],
  "projectionMatrix" : [
    1.5610501766204834,
    0,
    -0.0051028728485107422,
    0,
    0,
    2.0814001560211182,
    -0.0039385557174682617,
    0,
    0,
    0,
    -0.9999997615814209,
    -0.00099999981466680765,
    0,
    0,
    -1,
    0
  ],
  "time" : 322899.01172220841
}