{
  "averageVelocity" : 0.07342122495174408,
  "cameraGrain" : 0.12901207804679871,
  "time" : 322930.39978079172,
  "exposureDuration" : 0.01666666753590107,
  "cameraPoseARFrame" : [
    0.35037651658058167,
    0.93510621786117554,
    0.053033482283353806,
    0.022961709648370743,
    -0.68156522512435913,
    0.21572032570838928,
    0.69923794269561768,
    0.17623935639858246,
    0.64242136478424072,
    -0.28114226460456848,
    0.71291917562484741,
    0.15030345320701599,
    0,
    0,
    0,
    1
  ],
  "frame_index" : 72,
  "projectionMatrix" : [
    1.562579870223999,
    0,
    -0.0047456026077270508,
    0,
    0,
    2.083439826965332,
    -0.0014820098876953125,
    0,
    0,
    0,
    -0.9999997615814209,
    -0.00099999981466680765,
    0,
    0,
    -1,
    0
  ],
  "intrinsics" : [
    1500.07666015625,
    0,
    964.0557861328125,
    0,
    1500.07666015625,
    718.43292236328125,
    0,
    0,
    1
  ],
  "averageAngularVelocity" : 0.18260662257671356,
  "motionQuality" : 0.94782668352127075
}