{
  "time" : 322905.31276433339,
  "frame_index" : 24,
  "intrinsics" : [
    1515.3087158203125,
    0,
    964.3907470703125,
    0,
    1515.3087158203125,
    718.1473388671875,
    0,
    0,
    1
  ],
  "projectionMatrix" : [
    1.578446626663208,
    0,
    -0.0050945281982421875,
    0,
    0,
    2.104595422744751,
    -0.0018787384033203125,
    0,
    0,
    0,
    -0.9999997615814209,
    -0.00099999981466680765,
    0,
    0,
    -1,
    0
  ],
  "exposureDuration" : 0.01666666753590107,
  "motionQuality" : 0.96420043706893921,
  "cameraPoseARFrame" : [
    -0.61222696304321289,
    -0.69435471296310425,
    -0.37821924686431885,
    -0.079439766705036163,
    -0.69574934244155884,
    0.24583031237125397,
    0.67490774393081665,
    0.13369415700435638,
    -0.37564757466316223,
    0.6763424277305603,
    -0.63360083103179932,
    -0.076675780117511749,
    0,
    0,
    0,
    1.0000001192092896
  ],
  "averageVelocity" : 0.039582550525665283,
  "cameraGrain" : 0,
  "averageAngularVelocity" : 0.12529845535755157
}