{
  "averageVelocity" : 0.044720299541950226,
  "exposureDuration" : 0.01666666753590107,
  "cameraGrain" : 0.034726716578006744,
  "motionQuality" : 0.88922268152236938,
  "averageAngularVelocity" : 0.38772067427635193,
  "projectionMatrix" : [
    1.5779764652252197,
    0,
    -0.0052785873413085938,
    0,
    0,
    2.103968620300293,
    -0.0018607378005981445,
    0,
    0,
    0,
    -0.9999997615814209,
    -0.00099999981466680765,
    0,
    0,
    -1,
    0
  ],
  "time" : 322904.27923512505,
  "intrinsics" : [
    1514.857421875,
    0,
    964.56744384765625,
    0,
    1514.857421875,
    718.1602783203125,
    0,
    0,
    1
  ],
  "cameraPoseARFrame" : [
    -0.67804306745529175,
    -0.51186078786849976,
    -0.52749979496002197,
    -0.11371133476495743,
    -0.69614171981811523,
    0.21688425540924072,
    0.68435949087142944,
    0.12656854093074799,
    -0.23589043319225311,
    0.83123970031738281,
    -0.50338464975357056,
    -0.036077897995710373,
    0,
    0,
    0,
    1
  ],
  "frame_index" : 22
}