{
  "time" : 322894.24680341675,
  "projectionMatrix" : [
    1.5703359842300415,
    0,
    -0.0036044120788574219,
    0,
    0,
    2.0937814712524414,
    -0.0052864551544189453,
    0,
    0,
    0,
    -0.9999997615814209,
    -0.00099999981466680765,
    0,
    0,
    -1,
    0
  ],
  "cameraGrain" : 0.14593745768070221,
  "averageVelocity" : 0,
  "motionQuality" : 0.9898485541343689,
  "frame_index" : 3,
  "averageAngularVelocity" : 0.035530094057321548,
  "intrinsics" : [
    1507.5225830078125,
    0,
    962.96026611328125,
    0,
    1507.5225830078125,
    715.6937255859375,
    0,
    0,
    1
  ],
  "cameraPoseARFrame" : [
    -0.63959968090057373,
    0.70910650491714478,
    -0.29678314924240112,
    -0.058677438646554947,
    -0.50791007280349731,
    -0.10003707557916641,
    0.85558170080184937,
    0.18555234372615814,
    0.57700908184051514,
    0.69796890020370483,
    0.42414605617523193,
    0.10643407702445984,
    0,
    0,
    0,
    1
  ],
  "exposureDuration" : 0.01666666753590107
}