{
  "cameraGrain" : 0,
  "projectionMatrix" : [
    1.5698698759078979,
    0,
    -0.0051703453063964844,
    0,
    0,
    2.0931599140167236,
    -0.0018937587738037109,
    0,
    0,
    0,
    -0.9999997615814209,
    -0.00099999981466680765,
    0,
    0,
    -1,
    0
  ],
  "frame_index" : 27,
  "cameraPoseARFrame" : [
    -0.5279233455657959,
    -0.82463681697845459,
    -0.20315280556678772,
    -0.046676363795995712,
    -0.69041413068771362,
    0.27740281820297241,
    0.66811370849609375,
    0.15531133115291595,
    -0.49459606409072876,
    0.49297234416007996,
    -0.71578842401504517,
    -0.095773704349994659,
    0,
    0,
    0,
    1
  ],
  "intrinsics" : [
    1507.0750732421875,
    0,
    964.4635009765625,
    0,
    1507.0750732421875,
    718.136474609375,
    0,
    0,
    1
  ],
  "time" : 322906.84521375009,
  "averageAngularVelocity" : 0.12307588756084442,
  "averageVelocity" : 0,
  "motionQuality" : 0.96483546495437622,
  "exposureDuration" : 0.01666666753590107
}