{
  "projectionMatrix" : [
    1.5822627544403076,
    0,
    -0.0034496784210205078,
    0,
    0,
    2.1096837520599365,
    -2.9444694519042969e-05,
    0,
    0,
    0,
    -0.9999997615814209,
    -0.00099999981466680765,
    0,
    0,
    -1,
    0
  ],
  "exposureDuration" : 0.01666666753590107,
  "motionQuality" : 0.96626800298690796,
  "intrinsics" : [
    1518.9722900390625,
    0,
    962.8116455078125,
    0,
    1518.9722900390625,
    719.478759765625,
    0,
    0,
    1
  ],
  "cameraPoseARFrame" : [
    0.49185299873352051,
    -0.59050196409225464,
    0.63983440399169922,
    0.11280890554189682,
    -0.54280239343643188,
    0.36662021279335022,
    0.75561577081680298,
    0.12671326100826263,
    -0.68076878786087036,
    -0.71895551681518555,
    -0.14020255208015442,
    -0.0041442299261689186,
    0,
    0,
    0,
    1
  ],
  "time" : 322916.21410262509,
  "averageVelocity" : 0.05014379695057869,
  "averageAngularVelocity" : 0.11806193739175797,
  "cameraGrain" : 0,
  "frame_index" : 45
}