{
  "cameraPoseARFrame" : [
    -0.40783131122589111,
    -0.91018819808959961,
    -0.072326906025409698,
    -0.037894967943429947,
    -0.6893761157989502,
    0.25501221418380737,
    0.67803353071212769,
    0.1485133022069931,
    -0.59869384765625,
    0.32638368010520935,
    -0.73146402835845947,
    -0.11906277388334274,
    0,
    0,
    0,
    1
  ],
  "intrinsics" : [
    1508.09228515625,
    0,
    964.2796630859375,
    0,
    1508.09228515625,
    718.18695068359375,
    0,
    0,
    1
  ],
  "averageAngularVelocity" : 0.39346480369567871,
  "projectionMatrix" : [
    1.5709294080734253,
    0,
    -0.0049787759780883789,
    0,
    0,
    2.0945725440979004,
    -0.0018236637115478516,
    0,
    0,
    0,
    -0.9999997615814209,
    -0.00099999981466680765,
    0,
    0,
    -1,
    0
  ],
  "cameraGrain" : 0.043144170194864273,
  "motionQuality" : 0.887581467628479,
  "exposureDuration" : 0.01666666753590107,
  "time" : 322907.34813045838,
  "frame_index" : 28,
  "averageVelocity" : 0.08053106814622879
}