{
  "frame_index" : 11,
  "time" : 322898.47999925009,
  "cameraGrain" : 0.14020101726055145,
  "exposureDuration" : 0.01666666753590107,
  "intrinsics" : [
    1497.357666015625,
    0,
    964.48193359375,
    0,
    1497.357666015625,
    716.32275390625,
    0,
    0,
    1
  ],
  "cameraPoseARFrame" : [
    -0.58743631839752197,
    0.57171046733856201,
    -0.57277041673660278,
    -0.11417774111032486,
    -0.68023639917373657,
    0.034586362540721893,
    0.73217636346817017,
    0.15750597417354584,
    0.43840283155441284,
    0.81972622871398926,
    0.36858090758323669,
    0.11018221080303192,
    0,
    0,
    0,
    1
  ],
  "projectionMatrix" : [
    1.559747576713562,
    0,
    -0.0051895380020141602,
    0,
    0,
    2.0796635150909424,
    -0.0044128894805908203,
    0,
    0,
    0,
    -0.9999997615814209,
    -0.00099999981466680765,
    0,
    0,
    -1,
    0
  ],
  "averageVelocity" : 0.063142985105514526,
  "motionQuality" : 0.96043437719345093,
  "averageAngularVelocity" : 0.13847967982292175
}