{
  "averageAngularVelocity" : 0,
  "frame_index" : 0,
  "intrinsics" : [
    1511.4576416015625,
    0,
    962.91632080078125,
    0,
    1511.4576416015625,
    715.58544921875,
    0,
    0,
    1
  ],
  "projectionMatrix" : [
    1.5744349956512451,
    0,
    -0.0035586357116699219,
    0,
    0,
    2.0992467403411865,
    -0.0054368972778320312,
    0,
    0,
    0,
    -0.9999997615814209,
    -0.00099999981466680765,
    0,
    0,
    -1,
    0
  ],
  "motionQuality" : 1,
  "exposureDuration" : 0.01666666753590107,
  "time" : 322892.72906737507,
  "cameraPoseARFrame" : [
    -0.64864742755889893,
    0.70876771211624146,
    -0.27731755375862122,
    -0.053804654628038406,
    -0.48907512426376343,
    -0.10898497700691223,
    0.86540621519088745,
    0.18303154408931732,
    0.58314841985702515,
    0.69697260856628418,
    0.41733348369598389,
    0.098972715437412262,
    0,
    0,
    0,
    1
  ],
  "averageVelocity" : 0,
  "cameraGrain" : 0.15195143222808838
}