{
  "time" : 322928.29996391671,
  "projectionMatrix" : [
    1.5774943828582764,
    0,
    -0.0050488710403442383,
    0,
    0,
    2.1033258438110352,
    -0.0020025968551635742,
    0,
    0,
    0,
    -0.9999997615814209,
    -0.00099999981466680765,
    0,
    0,
    -1,
    0
  ],
  "motionQuality" : 0.98431175947189331,
  "averageAngularVelocity" : 0.054908882826566696,
  "averageVelocity" : 0.022381298243999481,
  "cameraGrain" : 0.10111558437347412,
  "frame_index" : 68,
  "cameraPoseARFrame" : [
    0.49124640226364136,
    0.85202044248580933,
    0.18093673884868622,
    0.028567668050527573,
    -0.68815737962722778,
    0.25230249762535095,
    0.68028157949447632,
    0.14309237897396088,
    0.53396296501159668,
    -0.45869871973991394,
    0.71026688814163208,
    0.15110617876052856,
    0,
    0,
    0,
    0.99999994039535522
  ],
  "intrinsics" : [
    1514.3946533203125,
    0,
    964.346923828125,
    0,
    1514.3946533203125,
    718.05810546875,
    0,
    0,
    1
  ],
  "exposureDuration" : 0.01666666753590107
}