{
  "cameraGrain" : 0.14082549512386322,
  "intrinsics" : [
    1504.1839599609375,
    0,
    963.1658935546875,
    0,
    1504.1839599609375,
    715.63018798828125,
    0,
    0,
    1
  ],
  "exposureDuration" : 0.01666666753590107,
  "projectionMatrix" : [
    1.5668582916259766,
    0,
    -0.0038186311721801758,
    0,
    0,
    2.0891444683074951,
    -0.0053747892379760742,
    0,
    0,
    0,
    -0.9999997615814209,
    -0.00099999981466680765,
    0,
    0,
    -1,
    0
  ],
  "averageVelocity" : 0.055134054273366928,
  "averageAngularVelocity" : 0.35334688425064087,
  "time" : 322894.77992591675,
  "motionQuality" : 0.8990437388420105,
  "cameraPoseARFrame" : [
    -0.59411841630935669,
    0.71696430444717407,
    -0.36467179656028748,
    -0.075144678354263306,
    -0.59626471996307373,
    -0.088249854743480682,
    0.79792249202728271,
    0.17914353311061859,
    0.53989976644515991,
    0.69150137901306152,
    0.47993144392967224,
    0.12420639395713806,
    0,
    0,
    0,
    1
  ],
  "frame_index" : 4
}