{
  "motionQuality" : 0.93388038873672485,
  "averageAngularVelocity" : 0.23141860961914062,
  "cameraPoseARFrame" : [
    -0.45464387536048889,
    0.74447274208068848,
    -0.48893705010414124,
    -0.09003930538892746,
    -0.77546226978302002,
    -0.060825768858194351,
    0.62845724821090698,
    0.14188669621944427,
    0.43812933564186096,
    0.66487640142440796,
    0.60496461391448975,
    0.13688623905181885,
    0,
    0,
    0,
    1
  ],
  "cameraGrain" : 0.14857450127601624,
  "frame_index" : 7,
  "projectionMatrix" : [
    1.5639225244522095,
    0,
    -0.005572199821472168,
    0,
    0,
    2.0852301120758057,
    -0.0048136711120605469,
    0,
    0,
    0,
    -0.9999997615814209,
    -0.00099999981466680765,
    0,
    0,
    -1,
    0
  ],
  "averageVelocity" : 0,
  "time" : 322896.34547570843,
  "intrinsics" : [
    1501.3656005859375,
    0,
    964.84930419921875,
    0,
    1501.3656005859375,
    716.03411865234375,
    0,
    0,
    1
  ],
  "exposureDuration" : 0.01666666753590107
}