{
  "cameraGrain" : 0.15431077778339386,
  "projectionMatrix" : [
    1.5418891906738281,
    0,
    -0.0052597522735595703,
    0,
    0,
    2.0558521747589111,
    -0.0019689798355102539,
    0,
    0,
    0,
    -0.9999997615814209,
    -0.00099999981466680765,
    0,
    0,
    -1,
    0
  ],
  "frame_index" : 74,
  "cameraPoseARFrame" : [
    0.19125795364379883,
    0.97067064046859741,
    -0.14566776156425476,
    -0.023152798414230347,
    -0.67159074544906616,
    0.23764339089393616,
    0.70177751779556274,
    0.17698155343532562,
    0.71581172943115234,
    -0.036391332745552063,
    0.69734460115432739,
    0.17183250188827515,
    0,
    0,
    0,
    1.0000001192092896
  ],
  "intrinsics" : [
    1480.213623046875,
    0,
    964.54931640625,
    0,
    1480.213623046875,
    718.08233642578125,
    0,
    0,
    1
  ],
  "time" : 322931.43155033339,
  "averageAngularVelocity" : 0.17606520652770996,
  "averageVelocity" : 0,
  "motionQuality" : 0.9496956467628479,
  "exposureDuration" : 0.01666666753590107
}