{
  "cameraPoseARFrame" : [
    -0.12288388609886169,
    -0.98014479875564575,
    0.15561425685882568,
    0.005547843873500824,
    -0.62691628932952881,
    0.19822092354297638,
    0.75344842672348022,
    0.16270111501216888,
    -0.76933449506759644,
    -0.0049704764969646931,
    -0.63882696628570557,
    -0.11724098771810532,
    0,
    0,
    0,
    1.0000001192092896
  ],
  "time" : 322909.97985308338,
  "frame_index" : 33,
  "exposureDuration" : 0.01666666753590107,
  "averageAngularVelocity" : 0.20516623556613922,
  "averageVelocity" : 0.069307714700698853,
  "cameraGrain" : 0,
  "intrinsics" : [
    1494.760986328125,
    0,
    964.50146484375,
    0,
    1494.760986328125,
    718.11572265625,
    0,
    0,
    1
  ],
  "projectionMatrix" : [
    1.5570427179336548,
    0,
    -0.005209803581237793,
    0,
    0,
    2.076056957244873,
    -0.001922607421875,
    0,
    0,
    0,
    -0.9999997615814209,
    -0.00099999981466680765,
    0,
    0,
    -1,
    0
  ],
  "motionQuality" : 0.94138109683990479
}