{
  "averageVelocity" : 0,
  "intrinsics" : [
    1494.6424560546875,
    0,
    962.27386474609375,
    0,
    1494.6424560546875,
    717.6177978515625,
    0,
    0,
    1
  ],
  "motionQuality" : 0.97034049034118652,
  "projectionMatrix" : [
    1.5569192171096802,
    0,
    -0.0028893947601318359,
    0,
    0,
    2.0758922100067139,
    -0.002614140510559082,
    0,
    0,
    0,
    -0.9999997615814209,
    -0.00099999981466680765,
    0,
    0,
    -1,
    0
  ],
  "time" : 322912.58009054174,
  "frame_index" : 38,
  "averageAngularVelocity" : 0.10380836576223373,
  "cameraPoseARFrame" : [
    0.2355482429265976,
    -0.93077874183654785,
    0.27958521246910095,
    0.02294507622718811,
    -0.39347970485687256,
    0.17171137034893036,
    0.90315490961074829,
    0.21997867524623871,
    -0.88864541053771973,
    -0.32274767756462097,
    -0.32579624652862549,
    -0.059807334095239639,
    0,
    0,
    0,
    0.99999988079071045
  ],
  "cameraGrain" : 0.051355469971895218,
  "exposureDuration" : 0.01666666753590107
}