{
  "averageVelocity" : 0,
  "cameraPoseARFrame" : [
    0.14301806688308716,
    0.97720915079116821,
    -0.15686970949172974,
    -0.028058256953954697,
    -0.66503763198852539,
    0.21227008104324341,
    0.71600735187530518,
    0.17746423184871674,
    0.73298770189285278,
    0.0019222806440666318,
    0.68023931980133057,
    0.15177321434020996,
    0,
    0,
    0,
    1
  ],
  "exposureDuration" : 0.01666666753590107,
  "motionQuality" : 0.96344685554504395,
  "cameraGrain" : 0.15123666822910309,
  "averageAngularVelocity" : 0.12793596088886261,
  "intrinsics" : [
    1486.8714599609375,
    0,
    964.39251708984375,
    0,
    1486.8714599609375,
    718.224365234375,
    0,
    0,
    1
  ],
  "time" : 322931.93324529176,
  "frame_index" : 75,
  "projectionMatrix" : [
    1.5488244295120239,
    0,
    -0.0050963163375854492,
    0,
    0,
    2.0650992393493652,
    -0.0017716884613037109,
    0,
    0,
    0,
    -0.9999997615814209,
    -0.00099999981466680765,
    0,
    0,
    -1,
    0
  ]
}