{
  "time" : 322926.16655195842,
  "projectionMatrix" : [
    1.5821114778518677,
    0,
    -0.0045734643936157227,
    0,
    0,
    2.1094820499420166,
    -0.0022732019424438477,
    0,
    0,
    0,
    -0.9999997615814209,
    -0.00099999981466680765,
    0,
    0,
    -1,
    0
  ],
  "motionQuality" : 0.95401763916015625,
  "averageAngularVelocity" : 0.16093827784061432,
  "averageVelocity" : 0,
  "cameraGrain" : 0.12682069838047028,
  "frame_index" : 64,
  "cameraPoseARFrame" : [
    0.56302642822265625,
    0.76329457759857178,
    0.31683230400085449,
    0.062780708074569702,
    -0.65707242488861084,
    0.18091645836830139,
    0.73179584741592407,
    0.13927660882472992,
    0.5012555718421936,
    -0.62020206451416016,
    0.60340052843093872,
    0.12243874371051788,
    0,
    0,
    0,
    1
  ],
  "intrinsics" : [
    1518.8270263671875,
    0,
    963.89056396484375,
    0,
    1518.8270263671875,
    717.86328125,
    0,
    0,
    1
  ],
  "exposureDuration" : 0.01666666753590107
}