{
  "cameraPoseARFrame" : [
    -0.029312292113900185,
    -0.98923200368881226,
    0.14339020848274231,
    -0.0021013980731368065,
    -0.49606391787528992,
    0.13893628120422363,
    0.85709822177886963,
    0.20986603200435638,
    -0.86779111623764038,
    -0.046007230877876282,
    -0.49479490518569946,
    -0.071173787117004395,
    0,
    0,
    0,
    1
  ],
  "time" : 322911.04657754174,
  "averageVelocity" : 0.0434458889067173,
  "frame_index" : 35,
  "exposureDuration" : 0.01666666753590107,
  "cameraGrain" : 0.059724371880292892,
  "motionQuality" : 0.95456564426422119,
  "projectionMatrix" : [
    1.5610302686691284,
    0,
    -0.0040414333343505859,
    0,
    0,
    2.0813736915588379,
    -0.0026445388793945312,
    0,
    0,
    0,
    -0.9999997615814209,
    -0.00099999981466680765,
    0,
    0,
    -1,
    0
  ],
  "intrinsics" : [
    1498.589111328125,
    0,
    963.37982177734375,
    0,
    1498.589111328125,
    717.595947265625,
    0,
    0,
    1
  ],
  "averageAngularVelocity" : 0.15902018547058105
}