{
  "projectionMatrix" : [
    1.5819242000579834,
    0,
    -0.0050990581512451172,
    0,
    0,
    2.1092321872711182,
    -0.001772761344909668,
    0,
    0,
    0,
    -0.9999997615814209,
    -0.00099999981466680765,
    0,
    0,
    -1,
    0
  ],
  "intrinsics" : [
    1518.647216796875,
    0,
    964.3951416015625,
    0,
    1518.647216796875,
    718.22357177734375,
    0,
    0,
    1
  ],
  "averageAngularVelocity" : 0,
  "cameraGrain" : 0.10509916394948959,
  "time" : 322929.33317362505,
  "frame_index" : 70,
  "motionQuality" : 0.98080599308013916,
  "averageVelocity" : 0.019565680995583534,
  "exposureDuration" : 0.01666666753590107,
  "cameraPoseARFrame" : [
    0.45691484212875366,
    0.87499010562896729,
    0.16006623208522797,
    0.027896691113710403,
    -0.70736110210418701,
    0.24831336736679077,
    0.66180115938186646,
    0.15262125432491302,
    0.53932291269302368,
    -0.41561129689216614,
    0.7323920726776123,
    0.14845119416713715,
    0,
    0,
    0,
    1
  ]
}