{
  "frame_index" : 23,
  "time" : 322904.77971212508,
  "intrinsics" : [
    1509.155517578125,
    0,
    964.4302978515625,
    0,
    1509.155517578125,
    718.02337646484375,
    0,
    0,
    1
  ],
  "projectionMatrix" : [
    1.5720369815826416,
    0,
    -0.0051357746124267578,
    0,
    0,
    2.0960493087768555,
    -0.0020508766174316406,
    0,
    0,
    0,
    -0.9999997615814209,
    -0.00099999981466680765,
    0,
    0,
    -1,
    0
  ],
  "exposureDuration" : 0.01666666753590107,
  "motionQuality" : 0.96603506803512573,
  "cameraPoseARFrame" : [
    -0.64174854755401611,
    -0.63884752988815308,
    -0.42430263757705688,
    -0.10076682269573212,
    -0.68687260150909424,
    0.23269957304000854,
    0.6885179877281189,
    0.13093839585781097,
    -0.34112298488616943,
    0.73329716920852661,
    -0.58814162015914917,
    -0.054056160151958466,
    0,
    0,
    0,
    1
  ],
  "averageVelocity" : 0,
  "cameraGrain" : 0.035023007541894913,
  "averageAngularVelocity" : 0.11887729167938232
}