{
  "exposureDuration" : 0.01666666753590107,
  "frame_index" : 15,
  "averageAngularVelocity" : 0.11556839942932129,
  "averageVelocity" : 0.04109925776720047,
  "intrinsics" : [
    1499.6981201171875,
    0,
    964.31842041015625,
    0,
    1499.6981201171875,
    718.5181884765625,
    0,
    0,
    1
  ],
  "cameraGrain" : 0.098326221108436584,
  "cameraPoseARFrame" : [
    -0.58928388357162476,
    0.28694805502891541,
    -0.75525194406509399,
    -0.13951084017753601,
    -0.69401818513870239,
    0.29879176616668701,
    0.65502852201461792,
    0.14342914521694183,
    0.41362220048904419,
    0.91015625,
    0.023074014112353325,
    0.026541324332356453,
    0,
    0,
    0,
    1.0000001192092896
  ],
  "time" : 322900.54773975007,
  "projectionMatrix" : [
    1.562185525894165,
    0,
    -0.0050191879272460938,
    0,
    0,
    2.0829141139984131,
    -0.0013636350631713867,
    0,
    0,
    0,
    -0.9999997615814209,
    -0.00099999981466680765,
    0,
    0,
    -1,
    0
  ],
  "motionQuality" : 0.9669804573059082
}