{
  "cameraGrain" : 0.14020101726055145,
  "intrinsics" : [
    1497.9696044921875,
    0,
    963.837890625,
    0,
    1497.9696044921875,
    715.7471923828125,
    0,
    0,
    1
  ],
  "exposureDuration" : 0.01666666753590107,
  "projectionMatrix" : [
    1.56038498878479,
    0,
    -0.0045186281204223633,
    0,
    0,
    2.0805132389068604,
    -0.0052121877670288086,
    0,
    0,
    0,
    -0.9999997615814209,
    -0.00099999981466680765,
    0,
    0,
    -1,
    0
  ],
  "averageVelocity" : 0,
  "averageAngularVelocity" : 0.20742529630661011,
  "motionQuality" : 0.94073563814163208,
  "time" : 322895.31195429171,
  "frame_index" : 5,
  "cameraPoseARFrame" : [
    -0.53338378667831421,
    0.72338497638702393,
    -0.43842452764511108,
    -0.091149076819419861,
    -0.69592523574829102,
    -0.080660715699195862,
    0.71356987953186035,
    0.16132102906703949,
    0.48082205653190613,
    0.68571722507476807,
    0.54644507169723511,
    0.13343335688114166,
    0,
    0,
    0,
    1
  ]
}