{
  "time" : 322927.76584825007,
  "projectionMatrix" : [
    1.568726658821106,
    0,
    -0.0049493312835693359,
    0,
    0,
    2.0916354656219482,
    -0.0020630359649658203,
    0,
    0,
    0,
    -0.9999997615814209,
    -0.00099999981466680765,
    0,
    0,
    -1,
    0
  ],
  "motionQuality" : 0.97484761476516724,
  "averageAngularVelocity" : 0.088033422827720642,
  "averageVelocity" : 0,
  "cameraGrain" : 0.1044263020157814,
  "frame_index" : 67,
  "intrinsics" : [
    1505.9775390625,
    0,
    964.25140380859375,
    0,
    1505.9775390625,
    718.0146484375,
    0,
    0,
    1
  ],
  "cameraPoseARFrame" : [
    0.49749630689620972,
    0.84056031703948975,
    0.2143724113702774,
    0.034833088517189026,
    -0.68657630681991577,
    0.23049859702587128,
    0.68955296277999878,
    0.14448617398738861,
    0.53019839525222778,
    -0.49023303389549255,
    0.69178110361099243,
    0.14877799153327942,
    0,
    0,
    0,
    1
  ],
  "exposureDuration" : 0.01666666753590107
}