{
  "cameraPoseARFrame" : [
    -0.051196727901697159,
    -0.98372304439544678,
    0.1722438782453537,
    -0.00028942804783582687,
    -0.55293154716491699,
    0.171544149518013,
    0.815376877784729,
    0.19224511086940765,
    -0.83165240287780762,
    -0.05349447950720787,
    -0.55271399021148682,
    -0.089718155562877655,
    0,
    0,
    0,
    1.0000001192092896
  ],
  "time" : 322910.51371129171,
  "averageVelocity" : 0.065770611166954041,
  "frame_index" : 34,
  "exposureDuration" : 0.01666666753590107,
  "cameraGrain" : 0.056097250431776047,
  "motionQuality" : 0.95346838235855103,
  "intrinsics" : [
    1495.854736328125,
    0,
    963.90948486328125,
    0,
    1495.854736328125,
    717.8790283203125,
    0,
    0,
    1
  ],
  "projectionMatrix" : [
    1.5581820011138916,
    0,
    -0.0045932531356811523,
    0,
    0,
    2.0775759220123291,
    -0.0022513866424560547,
    0,
    0,
    0,
    -0.9999997615814209,
    -0.00099999981466680765,
    0,
    0,
    -1,
    0
  ],
  "averageAngularVelocity" : 0.16286066174507141
}