{
  "averageVelocity" : 0,
  "cameraGrain" : 0,
  "time" : 322929.8649008334,
  "exposureDuration" : 0.01666666753590107,
  "cameraPoseARFrame" : [
    0.48071688413619995,
    0.86507177352905273,
    0.14339491724967957,
    0.029111981391906738,
    -0.65868353843688965,
    0.248292475938797,
    0.71027243137359619,
    0.16496454179286957,
    0.57883274555206299,
    -0.43589162826538086,
    0.68916702270507812,
    0.15267942845821381,
    0,
    0,
    0,
    1
  ],
  "frame_index" : 71,
  "projectionMatrix" : [
    1.5741124153137207,
    0,
    -0.005120396614074707,
    0,
    0,
    2.0988166332244873,
    -0.0019552707672119141,
    0,
    0,
    0,
    -0.9999997615814209,
    -0.00099999981466680765,
    0,
    0,
    -1,
    0
  ],
  "intrinsics" : [
    1511.14794921875,
    0,
    964.41552734375,
    0,
    1511.14794921875,
    718.0921630859375,
    0,
    0,
    1
  ],
  "averageAngularVelocity" : 0.29032802581787109,
  "motionQuality" : 0.9170491099357605
}