{
  "time" : 322923.53279329173,
  "projectionMatrix" : [
    1.572662353515625,
    0,
    -0.0043495893478393555,
    0,
    0,
    2.0968830585479736,
    -0.0025445222854614258,
    0,
    0,
    0,
    -0.9999997615814209,
    -0.00099999981466680765,
    0,
    0,
    -1,
    0
  ],
  "motionQuality" : 0.96066588163375854,
  "averageAngularVelocity" : 0.1376693993806839,
  "averageVelocity" : 0.057749073952436447,
  "cameraGrain" : 0.073090255260467529,
  "frame_index" : 59,
  "intrinsics" : [
    1509.755859375,
    0,
    963.67559814453125,
    0,
    1509.755859375,
    717.66796875,
    0,
    0,
    1
  ],
  "cameraPoseARFrame" : [
    0.84943282604217529,
    0.1763608306646347,
    0.49735379219055176,
    0.092084631323814392,
    -0.52254414558410645,
    0.14972823858261108,
    0.83936232328414917,
    0.17645083367824554,
    0.073562748730182648,
    -0.97287118434906006,
    0.21934045851230621,
    0.056307192891836166,
    0,
    0,
    0,
    0.99999994039535522
  ],
  "exposureDuration" : 0.01666666753590107
}