{
  "averageAngularVelocity" : 0.10437861829996109,
  "motionQuality" : 0.97017753124237061,
  "averageVelocity" : 0.03223675861954689,
  "cameraGrain" : 0.038306917995214462,
  "projectionMatrix" : [
    1.5483424663543701,
    0,
    -0.0054198503494262695,
    0,
    0,
    2.0644567012786865,
    -0.001800537109375,
    0,
    0,
    0,
    -0.9999997615814209,
    -0.00099999981466680765,
    0,
    0,
    -1,
    0
  ],
  "exposureDuration" : 0.01666666753590107,
  "time" : 322921.48092054174,
  "frame_index" : 55,
  "cameraPoseARFrame" : [
    0.70087230205535889,
    0.082548059523105621,
    0.70849412679672241,
    0.16009624302387238,
    -0.70336431264877319,
    0.24508389830589294,
    0.66724246740341187,
    0.16032527387142181,
    -0.11856088042259216,
    -0.96598118543624878,
    0.22983399033546448,
    0.066073231399059296,
    0,
    0,
    0,
    1
  ],
  "intrinsics" : [
    1486.4088134765625,
    0,
    964.70306396484375,
    0,
    1486.4088134765625,
    718.20361328125,
    0,
    0,
    1
  ]
}