{
  "intrinsics" : [
    1511.381103515625,
    0,
    964.4774169921875,
    0,
    1511.381103515625,
    718.4595947265625,
    0,
    0,
    1
  ],
  "cameraPoseARFrame" : [
    -0.67200911045074463,
    -0.17593608796596527,
    -0.71934038400650024,
    -0.12509161233901978,
    -0.7342531681060791,
    0.28463149070739746,
    0.61632567644119263,
    0.13340817391872406,
    0.096312932670116425,
    0.94235414266586304,
    -0.32045668363571167,
    -0.039166059345006943,
    0,
    0,
    0,
    1
  ],
  "projectionMatrix" : [
    1.5743553638458252,
    0,
    -0.0051847696304321289,
    0,
    0,
    2.0991404056549072,
    -0.0014450550079345703,
    0,
    0,
    0,
    -0.9999997615814209,
    -0.00099999981466680765,
    0,
    0,
    -1,
    0
  ],
  "exposureDuration" : 0.01666666753590107,
  "averageVelocity" : 0,
  "cameraGrain" : 0.073772154748439789,
  "averageAngularVelocity" : 0.21989911794662476,
  "motionQuality" : 0.93717169761657715,
  "frame_index" : 19,
  "time" : 322902.6810158334
}