{
  "cameraGrain" : 0.10829707235097885,
  "motionQuality" : 0.9067922830581665,
  "time" : 322927.23300383339,
  "frame_index" : 66,
  "intrinsics" : [
    1498.520263671875,
    0,
    964.13427734375,
    0,
    1498.520263671875,
    717.89239501953125,
    0,
    0,
    1
  ],
  "averageVelocity" : 0.018337462097406387,
  "cameraPoseARFrame" : [
    0.50308716297149658,
    0.83397006988525391,
    0.22670966386795044,
    0.047764301300048828,
    -0.67435252666473389,
    0.21474261581897736,
    0.70649451017379761,
    0.13994751870632172,
    0.54051095247268677,
    -0.50831049680709839,
    0.67042404413223267,
    0.14988352358341217,
    0,
    0,
    0,
    1.0000001192092896
  ],
  "averageAngularVelocity" : 0.3262270987033844,
  "projectionMatrix" : [
    1.5609586238861084,
    0,
    -0.0048273801803588867,
    0,
    0,
    2.0812780857086182,
    -0.0022327899932861328,
    0,
    0,
    0,
    -0.9999997615814209,
    -0.00099999981466680765,
    0,
    0,
    -1,
    0
  ],
  "exposureDuration" : 0.01666666753590107
}