{
  "averageAngularVelocity" : 0.14722566306591034,
  "motionQuality" : 0.95793551206588745,
  "averageVelocity" : 0,
  "cameraGrain" : 0.0389600470662117,
  "projectionMatrix" : [
    1.552445650100708,
    0,
    -0.0052649974822998047,
    0,
    0,
    2.069927453994751,
    -0.0014666318893432617,
    0,
    0,
    0,
    -0.9999997615814209,
    -0.00099999981466680765,
    0,
    0,
    -1,
    0
  ],
  "exposureDuration" : 0.01666666753590107,
  "time" : 322920.94949116674,
  "frame_index" : 54,
  "cameraPoseARFrame" : [
    0.68622863292694092,
    0.088228791952133179,
    0.722015380859375,
    0.16824014484882355,
    -0.71777510643005371,
    0.24296313524246216,
    0.65250897407531738,
    0.15953002870082855,
    -0.11785298585891724,
    -0.9660148024559021,
    0.23005671799182892,
    0.073044136166572571,
    0,
    0,
    0,
    1.0000001192092896
  ],
  "intrinsics" : [
    1490.3477783203125,
    0,
    964.55438232421875,
    0,
    1490.3477783203125,
    718.44403076171875,
    0,
    0,
    1
  ]
}