{
  "motionQuality" : 0.94386988878250122,
  "averageAngularVelocity" : 0.19645529985427856,
  "cameraPoseARFrame" : [
    -0.46517524123191833,
    0.74163806438446045,
    -0.48330631852149963,
    -0.095470629632472992,
    -0.76054596900939941,
    -0.055459525436162949,
    0.64691126346588135,
    0.15126894414424896,
    0.45297002792358398,
    0.66850370168685913,
    0.58984833955764771,
    0.13592106103897095,
    0,
    0,
    0,
    1
  ],
  "cameraGrain" : 0.14399571716785431,
  "frame_index" : 6,
  "projectionMatrix" : [
    1.5610699653625488,
    0,
    -0.0051896572113037109,
    0,
    0,
    2.0814266204833984,
    -0.0050045251846313477,
    0,
    0,
    0,
    -0.9999997615814209,
    -0.00099999981466680765,
    0,
    0,
    -1,
    0
  ],
  "averageVelocity" : 0,
  "time" : 322895.81343050004,
  "intrinsics" : [
    1498.627197265625,
    0,
    964.48211669921875,
    0,
    1498.627197265625,
    715.896728515625,
    0,
    0,
    1
  ],
  "exposureDuration" : 0.01666666753590107
}