{
  "intrinsics" : [
    1516.371826171875,
    0,
    963.60418701171875,
    0,
    1516.371826171875,
    717.5821533203125,
    0,
    0,
    1
  ],
  "frame_index" : 63,
  "time" : 322925.63296054176,
  "projectionMatrix" : [
    1.5795539617538452,
    0,
    -0.004275202751159668,
    0,
    0,
    2.106071949005127,
    -0.002663731575012207,
    0,
    0,
    0,
    -0.9999997615814209,
    -0.00099999981466680765,
    0,
    0,
    -1,
    0
  ],
  "motionQuality" : 0.91641545295715332,
  "cameraPoseARFrame" : [
    0.6383165717124939,
    0.69364112615585327,
    0.33378753066062927,
    0.073644392192363739,
    -0.6168588399887085,
    0.20153701305389404,
    0.76083379983901978,
    0.13902221620082855,
    0.46047508716583252,
    -0.69155240058898926,
    0.55652314424514771,
    0.098100550472736359,
    0,
    0,
    0,
    1
  ],
  "cameraGrain" : 0.14669047296047211,
  "averageVelocity" : 0.072150520980358124,
  "averageAngularVelocity" : 0.29254591464996338,
  "exposureDuration" : 0.01666666753590107
}