{
  "averageAngularVelocity" : 0.075356468558311462,
  "frame_index" : 1,
  "intrinsics" : [
    1509.7596435546875,
    0,
    962.91180419921875,
    0,
    1509.7596435546875,
    715.62799072265625,
    0,
    0,
    1
  ],
  "projectionMatrix" : [
    1.5726662874221802,
    0,
    -0.0035539865493774414,
    0,
    0,
    2.0968883037567139,
    -0.0053777694702148438,
    0,
    0,
    0,
    -0.9999997615814209,
    -0.00099999981466680765,
    0,
    0,
    -1,
    0
  ],
  "motionQuality" : 0.9784696102142334,
  "exposureDuration" : 0.01666666753590107,
  "time" : 322893.23054487508,
  "cameraPoseARFrame" : [
    -0.63924580812454224,
    0.71580839157104492,
    -0.28103956580162048,
    -0.056919772177934647,
    -0.48651796579360962,
    -0.093428030610084534,
    0.86866074800491333,
    0.18399892747402191,
    0.59553766250610352,
    0.69201850891113281,
    0.40797713398933411,
    0.099399618804454803,
    0,
    0,
    0,
    0.99999994039535522
  ],
  "averageVelocity" : 0.0096658347174525261,
  "cameraGrain" : 0.14924256503582001
}