{
  "motionQuality" : 0.95480185747146606,
  "time" : 322915.14894762507,
  "averageVelocity" : 0.068918555974960327,
  "exposureDuration" : 0.01666666753590107,
  "cameraGrain" : 0.042487334460020065,
  "frame_index" : 43,
  "projectionMatrix" : [
    1.574957013130188,
    0,
    -0.0031564235687255859,
    0,
    0,
    2.099942684173584,
    -0.00073897838592529297,
    0,
    0,
    0,
    -0.9999997615814209,
    -0.00099999981466680765,
    0,
    0,
    -1,
    0
  ],
  "cameraPoseARFrame" : [
    0.38513228297233582,
    -0.73286581039428711,
    0.56087511777877808,
    0.091563396155834198,
    -0.41253969073295593,
    0.40693366527557373,
    0.8149944543838501,
    0.16931377351284027,
    -0.82552057504653931,
    -0.54526382684707642,
    -0.14561291038990021,
    -0.0077209500595927238,
    0,
    0,
    0,
    1
  ],
  "intrinsics" : [
    1511.958740234375,
    0,
    962.5301513671875,
    0,
    1511.958740234375,
    718.9678955078125,
    0,
    0,
    1
  ],
  "averageAngularVelocity" : 0.15819340944290161
}