{
  "averageVelocity" : 0,
  "averageAngularVelocity" : 0.2292582243680954,
  "cameraGrain" : 0,
  "intrinsics" : [
    1499.181884765625,
    0,
    964.45330810546875,
    0,
    1499.181884765625,
    718.22125244140625,
    0,
    0,
    1
  ],
  "cameraPoseARFrame" : [
    -0.32023239135742188,
    -0.94612497091293335,
    0.047948643565177917,
    -0.0247238390147686,
    -0.69602078199386597,
    0.26931235194206238,
    0.66560196876525879,
    0.14991949498653412,
    -0.64265567064285278,
    0.1797739714384079,
    -0.74476516246795654,
    -0.12960149347782135,
    0,
    0,
    0,
    1.0000001192092896
  ],
  "motionQuality" : 0.9344976544380188,
  "exposureDuration" : 0.01666666753590107,
  "projectionMatrix" : [
    1.5616477727890015,
    0,
    -0.0051597356796264648,
    0,
    0,
    2.0821969509124756,
    -0.0017759799957275391,
    0,
    0,
    0,
    -0.9999997615814209,
    -0.00099999981466680765,
    0,
    0,
    -1,
    0
  ],
  "time" : 322907.87976862508,
  "frame_index" : 29
}