{
  "exposureDuration" : 0.01666666753590107,
  "projectionMatrix" : [
    1.5505574941635132,
    0,
    -0.005167841911315918,
    0,
    0,
    2.0674099922180176,
    -0.0019040107727050781,
    0,
    0,
    0,
    -0.9999997615814209,
    -0.00099999981466680765,
    0,
    0,
    -1,
    0
  ],
  "time" : 322921.9979878334,
  "intrinsics" : [
    1488.53515625,
    0,
    964.46112060546875,
    0,
    1488.53515625,
    718.129150390625,
    0,
    0,
    1
  ],
  "averageVelocity" : 0.038555275648832321,
  "averageAngularVelocity" : 0.14681069552898407,
  "cameraGrain" : 0.041607502847909927,
  "motionQuality" : 0.9580540657043457,
  "frame_index" : 56,
  "cameraPoseARFrame" : [
    0.74281883239746094,
    0.11283455789089203,
    0.65991580486297607,
    0.14776821434497833,
    -0.66605478525161743,
    0.22431305050849915,
    0.71137535572052002,
    0.16247116029262543,
    -0.067759990692138672,
    -0.96796292066574097,
    0.24177797138690948,
    0.067861214280128479,
    0,
    0,
    0,
    1.0000001192092896
  ]
}