{
  "averageVelocity" : 0,
  "intrinsics" : [
    1488.6536865234375,
    0,
    962.395263671875,
    0,
    1488.6536865234375,
    717.70513916015625,
    0,
    0,
    1
  ],
  "motionQuality" : 0.91327387094497681,
  "projectionMatrix" : [
    1.5506808757781982,
    0,
    -0.0030158758163452148,
    0,
    0,
    2.0675745010375977,
    -0.0024929046630859375,
    0,
    0,
    0,
    -0.9999997615814209,
    -0.00099999981466680765,
    0,
    0,
    -1,
    0
  ],
  "time" : 322913.0817204584,
  "frame_index" : 39,
  "averageAngularVelocity" : 0.30354142189025879,
  "cameraPoseARFrame" : [
    0.30322667956352234,
    -0.8802911639213562,
    0.36488506197929382,
    0.04024152085185051,
    -0.40593609213829041,
    0.22710445523262024,
    0.88523411750793457,
    0.23991976678371429,
    -0.86213076114654541,
    -0.41654664278030396,
    -0.28847780823707581,
    -0.051491245627403259,
    0,
    0,
    0,
    1
  ],
  "cameraGrain" : 0.04944021999835968,
  "exposureDuration" : 0.01666666753590107
}