{
  "projectionMatrix" : [
    1.5721126794815063,
    0,
    -0.0036282539367675781,
    0,
    0,
    2.0961501598358154,
    -0.0052809715270996094,
    0,
    0,
    0,
    -0.9999997615814209,
    -0.00099999981466680765,
    0,
    0,
    -1,
    0
  ],
  "time" : 322893.74483216676,
  "cameraGrain" : 0.14924256503582001,
  "averageVelocity" : 0.015066285617649555,
  "motionQuality" : 0.98441636562347412,
  "frame_index" : 2,
  "averageAngularVelocity" : 0,
  "intrinsics" : [
    1509.2281494140625,
    0,
    962.98309326171875,
    0,
    1509.2281494140625,
    715.69769287109375,
    0,
    0,
    1
  ],
  "cameraPoseARFrame" : [
    -0.63615363836288452,
    0.7163766622543335,
    -0.28655382990837097,
    -0.055258002132177353,
    -0.4973093569278717,
    -0.096749991178512573,
    0.86216175556182861,
    0.18732200562953949,
    0.5899084210395813,
    0.69097316265106201,
    0.41780874133110046,
    0.10039924830198288,
    0,
    0,
    0,
    1
  ],
  "exposureDuration" : 0.01666666753590107
}