{
  "projectionMatrix" : [
    1.5627671480178833,
    0,
    -0.004902958869934082,
    0,
    0,
    2.0836894512176514,
    -0.0021193027496337891,
    0,
    0,
    0,
    -0.9999997615814209,
    -0.00099999981466680765,
    0,
    0,
    -1,
    0
  ],
  "intrinsics" : [
    1500.2564697265625,
    0,
    964.206787109375,
    0,
    1500.2564697265625,
    717.97406005859375,
    0,
    0,
    1
  ],
  "frame_index" : 77,
  "cameraGrain" : 0.075533784925937653,
  "time" : 322932.99840995838,
  "averageAngularVelocity" : 0.06643097847700119,
  "averageVelocity" : 0,
  "exposureDuration" : 0.01666666753590107,
  "motionQuality" : 0.98101973533630371,
  "cameraPoseARFrame" : [
    -0.041292663663625717,
    0.94776982069015503,
    -0.31627091765403748,
    -0.039987009018659592,
    -0.66971039772033691,
    0.20865249633789062,
    0.7127077579498291,
    0.15245603024959564,
    0.74147361516952515,
    0.24123947322368622,
    0.62611556053161621,
    0.15408268570899963,
    0,
    0,
    0,
    1
  ]
}