{
  "averageVelocity" : 0.071924462914466858,
  "exposureDuration" : 0.01666666753590107,
  "cameraGrain" : 0.072601914405822754,
  "averageAngularVelocity" : 0.18328498303890228,
  "motionQuality" : 0.94763284921646118,
  "frame_index" : 79,
  "intrinsics" : [
    1511.5074462890625,
    0,
    963.99407958984375,
    0,
    1511.5074462890625,
    717.943115234375,
    0,
    0,
    1
  ],
  "time" : 322934.03157308343,
  "cameraPoseARFrame" : [
    -0.12943205237388611,
    0.94544887542724609,
    -0.29895445704460144,
    -0.042543426156044006,
    -0.59471815824508667,
    0.16722950339317322,
    0.78634893894195557,
    0.18495462834835052,
    0.79344677925109863,
    0.27957242727279663,
    0.54063069820404053,
    0.12879607081413269,
    0,
    0,
    0,
    1
  ],
  "projectionMatrix" : [
    1.5744869709014893,
    0,
    -0.0046813488006591797,
    0,
    0,
    2.099315881729126,
    -0.0021623373031616211,
    0,
    0,
    0,
    -0.9999997615814209,
    -0.00099999981466680765,
    0,
    0,
    -1,
    0
  ]
}