{
  "averageVelocity" : 0,
  "cameraPoseARFrame" : [
    0.0071425177156925201,
    0.9635431170463562,
    -0.2674577534198761,
    -0.029399730265140533,
    -0.65138822793960571,
    0.20741660892963409,
    0.72984367609024048,
    0.15849004685878754,
    0.75871098041534424,
    0.16900590062141418,
    0.62912219762802124,
    0.15671941637992859,
    0,
    0,
    0,
    1
  ],
  "exposureDuration" : 0.01666666753590107,
  "motionQuality" : 0.92128604650497437,
  "cameraGrain" : 0.10093176364898682,
  "averageAngularVelocity" : 0.27549880743026733,
  "intrinsics" : [
    1491.8087158203125,
    0,
    964.16094970703125,
    0,
    1491.8087158203125,
    717.981689453125,
    0,
    0,
    1
  ],
  "time" : 322932.46653245838,
  "frame_index" : 76,
  "projectionMatrix" : [
    1.5539673566818237,
    0,
    -0.0048551559448242188,
    0,
    0,
    2.0719566345214844,
    -0.0021088123321533203,
    0,
    0,
    0,
    -0.9999997615814209,
    -0.00099999981466680765,
    0,
    0,
    -1,
    0
  ]
}