{
  "cameraPoseARFrame" : [
    -0.27366149425506592,
    -0.95850086212158203,
    0.079909443855285645,
    -0.0078476406633853912,
    -0.68657499551773071,
    0.25285455584526062,
    0.68167394399642944,
    0.14786086976528168,
    -0.67359054088592529,
    0.13168403506278992,
    -0.72727936506271362,
    -0.13494798541069031,
    0,
    0,
    0,
    0.99999994039535522
  ],
  "intrinsics" : [
    1496.8873291015625,
    0,
    964.45416259765625,
    0,
    1496.8873291015625,
    718.16796875,
    0,
    0,
    1
  ],
  "averageAngularVelocity" : 0.25689160823822021,
  "projectionMatrix" : [
    1.5592576265335083,
    0,
    -0.0051605701446533203,
    0,
    0,
    2.0790102481842041,
    -0.0018500089645385742,
    0,
    0,
    0,
    -0.9999997615814209,
    -0.00099999981466680765,
    0,
    0,
    -1,
    0
  ],
  "cameraGrain" : 0,
  "motionQuality" : 0.92660242319107056,
  "exposureDuration" : 0.01666666753590107,
  "time" : 322908.38113616675,
  "frame_index" : 30,
  "averageVelocity" : 0.02602900005877018
}