{
  "cameraGrain" : 0.14789140224456787,
  "projectionMatrix" : [
    1.5485535860061646,
    0,
    -0.0050711631774902344,
    0,
    0,
    2.0647380352020264,
    -0.0021474361419677734,
    0,
    0,
    0,
    -0.9999997615814209,
    -0.00099999981466680765,
    0,
    0,
    -1,
    0
  ],
  "frame_index" : 73,
  "cameraPoseARFrame" : [
    0.23243092000484467,
    0.9702269434928894,
    -0.068084143102169037,
    -0.00250200554728508,
    -0.70693427324295044,
    0.21660304069519043,
    0.67329573631286621,
    0.19309042394161224,
    0.66799688339233398,
    -0.10836361348628998,
    0.73623192310333252,
    0.16897410154342651,
    0,
    0,
    0,
    0.99999994039535522
  ],
  "intrinsics" : [
    1486.6114501953125,
    0,
    964.3682861328125,
    0,
    1486.6114501953125,
    717.953857421875,
    0,
    0,
    1
  ],
  "time" : 322930.90020950005,
  "averageAngularVelocity" : 0.12291067838668823,
  "averageVelocity" : 0,
  "motionQuality" : 0.96488267183303833,
  "exposureDuration" : 0.01666666753590107
}