{
  "averageVelocity" : 0.04176851361989975,
  "exposureDuration" : 0.01666666753590107,
  "time" : 322908.91320758342,
  "intrinsics" : [
    1491.9425048828125,
    0,
    964.4964599609375,
    0,
    1491.9425048828125,
    718.23388671875,
    0,
    0,
    1
  ],
  "projectionMatrix" : [
    1.5541068315505981,
    0,
    -0.0052046775817871094,
    0,
    0,
    2.0721423625946045,
    -0.0017584562301635742,
    0,
    0,
    0,
    -0.9999997615814209,
    -0.00099999981466680765,
    0,
    0,
    -1,
    0
  ],
  "motionQuality" : 0.9711228609085083,
  "averageAngularVelocity" : 0.10107004642486572,
  "frame_index" : 31,
  "cameraPoseARFrame" : [
    -0.21310378611087799,
    -0.96634042263031006,
    0.14412826299667358,
    -0.0045116571709513664,
    -0.71492886543273926,
    0.25477546453475952,
    0.6511269211769104,
    0.1598036140203476,
    -0.66593056917190552,
    0.035716105252504349,
    -0.74515837430953979,
    -0.14365020394325256,
    0,
    0,
    0,
    1
  ],
  "cameraGrain" : 0
}