{
  "cameraPoseARFrame" : [
    -0.040581032633781433,
    -0.99151957035064697,
    0.12345875799655914,
    -0.0051608020439743996,
    -0.43716645240783691,
    0.12872552871704102,
    0.8901209831237793,
    0.21365652978420258,
    -0.8984646201133728,
    -0.01785004697740078,
    -0.43868297338485718,
    -0.052299201488494873,
    0,
    0,
    0,
    1
  ],
  "time" : 322911.54880358343,
  "averageVelocity" : 0.031892970204353333,
  "frame_index" : 36,
  "exposureDuration" : 0.01666666753590107,
  "cameraGrain" : 0.063479393720626831,
  "motionQuality" : 0.96367156505584717,
  "projectionMatrix" : [
    1.5609385967254639,
    0,
    -0.0036188364028930664,
    0,
    0,
    2.0812516212463379,
    -0.0029308795928955078,
    0,
    0,
    0,
    -0.9999997615814209,
    -0.00099999981466680765,
    0,
    0,
    -1,
    0
  ],
  "intrinsics" : [
    1498.5010986328125,
    0,
    962.97412109375,
    0,
    1498.5010986328125,
    717.3897705078125,
    0,
    0,
    1
  ],
  "averageAngularVelocity" : 0.12714941799640656
}