{
  "time" : 322924.59783308342,
  "projectionMatrix" : [
    1.5717421770095825,
    0,
    -0.0037580728530883789,
    0,
    0,
    2.095656156539917,
    -0.0030000209808349609,
    0,
    0,
    0,
    -0.9999997615814209,
    -0.00099999981466680765,
    0,
    0,
    -1,
    0
  ],
  "motionQuality" : 0.85978686809539795,
  "averageAngularVelocity" : 0.49074599146842957,
  "averageVelocity" : 0,
  "cameraGrain" : 0.12216475605964661,
  "frame_index" : 61,
  "cameraPoseARFrame" : [
    0.79890179634094238,
    0.42714658379554749,
    0.42344051599502563,
    0.072806663811206818,
    -0.52305072546005249,
    0.14582531154155731,
    0.83973389863967896,
    0.18706618249416351,
    0.29694119095802307,
    -0.8923456072807312,
    0.33991944789886475,
    0.048310291022062302,
    0,
    0,
    0,
    1.0000001192092896
  ],
  "intrinsics" : [
    1508.8724365234375,
    0,
    963.10772705078125,
    0,
    1508.8724365234375,
    717.3399658203125,
    0,
    0,
    1
  ],
  "exposureDuration" : 0.01666666753590107
}