{
  "cameraGrain" : 0.053398188203573227,
  "projectionMatrix" : [
    1.5720728635787964,
    0,
    -0.0051347017288208008,
    0,
    0,
    2.0960972309112549,
    -0.0017235279083251953,
    0,
    0,
    0,
    -0.9999997615814209,
    -0.00099999981466680765,
    0,
    0,
    -1,
    0
  ],
  "frame_index" : 26,
  "cameraPoseARFrame" : [
    -0.52725547552108765,
    -0.80890309810638428,
    -0.2601490318775177,
    -0.063009314239025116,
    -0.70364278554916382,
    0.24402482807636261,
    0.66733705997467041,
    0.14699088037014008,
    -0.47632819414138794,
    0.53490906953811646,
    -0.6978422999382019,
    -0.10551618039608002,
    0,
    0,
    0,
    0.99999994039535522
  ],
  "intrinsics" : [
    1509.18994140625,
    0,
    964.42926025390625,
    0,
    1509.18994140625,
    718.25909423828125,
    0,
    0,
    1
  ],
  "time" : 322906.31444220839,
  "averageAngularVelocity" : 0.12754581868648529,
  "averageVelocity" : 0,
  "motionQuality" : 0.96355831623077393,
  "exposureDuration" : 0.01666666753590107
}