{
  "intrinsics" : [
    1511.8516845703125,
    0,
    964.71319580078125,
    0,
    1511.8516845703125,
    718.5267333984375,
    0,
    0,
    1
  ],
  "cameraPoseARFrame" : [
    -0.63216394186019897,
    -0.30228668451309204,
    -0.71343642473220825,
    -0.13005331158638,
    -0.77478599548339844,
    0.25693705677986145,
    0.57765918970108032,
    0.12459133565425873,
    0.0086895842105150223,
    0.91793578863143921,
    -0.39663383364677429,
    -0.040603354573249817,
    0,
    0,
    0,
    1
  ],
  "projectionMatrix" : [
    1.574845552444458,
    0,
    -0.0054304599761962891,
    0,
    0,
    2.0997939109802246,
    -0.0013517141342163086,
    0,
    0,
    0,
    -0.9999997615814209,
    -0.00099999981466680765,
    0,
    0,
    -1,
    0
  ],
  "exposureDuration" : 0.01666666753590107,
  "averageVelocity" : 0.023830179125070572,
  "cameraGrain" : 0,
  "averageAngularVelocity" : 0.13190197944641113,
  "motionQuality" : 0.96231371164321899,
  "frame_index" : 20,
  "time" : 322903.21465208341
}