{
  "averageVelocity" : 0,
  "cameraGrain" : 0,
  "exposureDuration" : 0.01666666753590107,
  "averageAngularVelocity" : 0.13733449578285217,
  "time" : 322913.61437941674,
  "motionQuality" : 0.96076154708862305,
  "projectionMatrix" : [
    1.5490673780441284,
    0,
    -0.002970576286315918,
    0,
    0,
    2.0654232501983643,
    -0.0018980503082275391,
    0,
    0,
    0,
    -0.9999997615814209,
    -0.00099999981466680765,
    0,
    0,
    -1,
    0
  ],
  "cameraPoseARFrame" : [
    0.30489397048950195,
    -0.87708884477615356,
    0.37115347385406494,
    0.046112660318613052,
    -0.38589295744895935,
    0.24251401424407959,
    0.89009755849838257,
    0.2141866534948349,
    -0.8707045316696167,
    -0.41461086273193359,
    -0.26452133059501648,
    -0.047992818057537079,
    0,
    0,
    0,
    1
  ],
  "intrinsics" : [
    1487.104736328125,
    0,
    962.351806640625,
    0,
    1487.104736328125,
    718.13336181640625,
    0,
    0,
    1
  ],
  "frame_index" : 40
}