{
  "motionQuality" : 0.98006641864776611,
  "time" : 322917.24906537507,
  "averageVelocity" : 0,
  "exposureDuration" : 0.01666666753590107,
  "cameraGrain" : 0.03124171681702137,
  "frame_index" : 47,
  "projectionMatrix" : [
    1.582796573638916,
    0,
    -0.0047037601470947266,
    0,
    0,
    2.1103954315185547,
    -0.0013232231140136719,
    0,
    0,
    0,
    -0.9999997615814209,
    -0.00099999981466680765,
    0,
    0,
    -1,
    0
  ],
  "cameraPoseARFrame" : [
    0.47565802931785583,
    -0.50253862142562866,
    0.72194474935531616,
    0.10685690492391586,
    -0.69024461507797241,
    0.29551684856414795,
    0.66047871112823486,
    0.10246776044368744,
    -0.54526293277740479,
    -0.81248044967651367,
    -0.20630961656570435,
    -0.030311333015561104,
    0,
    0,
    0,
    0.99999988079071045
  ],
  "intrinsics" : [
    1519.4847412109375,
    0,
    964.01556396484375,
    0,
    1519.4847412109375,
    718.5472412109375,
    0,
    0,
    1
  ],
  "averageAngularVelocity" : 0
}