{
  "projectionMatrix" : [
    1.5804862976074219,
    0,
    -0.0050255060195922852,
    0,
    0,
    2.1073150634765625,
    -0.0017633438110351562,
    0,
    0,
    0,
    -0.9999997615814209,
    -0.00099999981466680765,
    0,
    0,
    -1,
    0
  ],
  "intrinsics" : [
    1517.266845703125,
    0,
    964.324462890625,
    0,
    1517.266845703125,
    718.23040771484375,
    0,
    0,
    1
  ],
  "averageAngularVelocity" : 0.043700262904167175,
  "cameraGrain" : 0.10177067667245865,
  "time" : 322928.83175429172,
  "frame_index" : 69,
  "motionQuality" : 0.9875141978263855,
  "averageVelocity" : 0,
  "exposureDuration" : 0.01666666753590107,
  "cameraPoseARFrame" : [
    0.47093996405601501,
    0.86705219745635986,
    0.16259177029132843,
    0.023824881762266159,
    -0.70091831684112549,
    0.25585722923278809,
    0.66577070951461792,
    0.14695905148983002,
    0.53565776348114014,
    -0.42750149965286255,
    0.7282261848449707,
    0.15165382623672485,
    0,
    0,
    0,
    1
  ]
}