{
  "time" : 322905.81335237506,
  "frame_index" : 25,
  "intrinsics" : [
    1517.4501953125,
    0,
    964.397216796875,
    0,
    1517.4501953125,
    718.18975830078125,
    0,
    0,
    1
  ],
  "projectionMatrix" : [
    1.5806772708892822,
    0,
    -0.005101323127746582,
    0,
    0,
    2.107569694519043,
    -0.0018197298049926758,
    0,
    0,
    0,
    -0.9999997615814209,
    -0.00099999981466680765,
    0,
    0,
    -1,
    0
  ],
  "exposureDuration" : 0.01666666753590107,
  "motionQuality" : 0.94882994890213013,
  "cameraPoseARFrame" : [
    -0.57604002952575684,
    -0.756755530834198,
    -0.309029221534729,
    -0.065624743700027466,
    -0.69547653198242188,
    0.2550787627696991,
    0.67174941301345825,
    0.1361149400472641,
    -0.42952325940132141,
    0.60187697410583496,
    -0.67324137687683105,
    -0.099167272448539734,
    0,
    0,
    0,
    1
  ],
  "averageVelocity" : 0.045734111219644547,
  "cameraGrain" : 0,
  "averageAngularVelocity" : 0.17909520864486694
}