{
  "exposureDuration" : 0.01666666753590107,
  "frame_index" : 14,
  "averageAngularVelocity" : 0.25674191117286682,
  "averageVelocity" : 0.067302227020263672,
  "intrinsics" : [
    1499.5643310546875,
    0,
    963.9285888671875,
    0,
    1499.5643310546875,
    717.967529296875,
    0,
    0,
    1
  ],
  "cameraGrain" : 0.13235625624656677,
  "cameraPoseARFrame" : [
    -0.58022928237915039,
    0.38498145341873169,
    -0.71772104501724243,
    -0.14234773814678192,
    -0.66266429424285889,
    0.28917935490608215,
    0.69083380699157715,
    0.14637671411037445,
    0.47350829839706421,
    0.87645000219345093,
    0.087323084473609924,
    0.031233318150043488,
    0,
    0,
    0,
    1
  ],
  "projectionMatrix" : [
    1.5620461702346802,
    0,
    -0.0046131610870361328,
    0,
    0,
    2.0827281475067139,
    -0.0021284818649291992,
    0,
    0,
    0,
    -0.9999997615814209,
    -0.00099999981466680765,
    0,
    0,
    -1,
    0
  ],
  "motionQuality" : 0.92664515972137451,
  "time" : 322900.01453141676
}