{
  "averageVelocity" : 0,
  "exposureDuration" : 0.01666666753590107,
  "cameraGrain" : 0.072601914405822754,
  "averageAngularVelocity" : 0,
  "motionQuality" : 0.98317784070968628,
  "frame_index" : 80,
  "intrinsics" : [
    1506.478515625,
    0,
    963.6273193359375,
    0,
    1506.478515625,
    717.65252685546875,
    0,
    0,
    1
  ],
  "time" : 322934.56510529172,
  "cameraPoseARFrame" : [
    -0.12990207970142365,
    0.94403737783432007,
    -0.30318152904510498,
    -0.0381280817091465,
    -0.61129558086395264,
    0.16449539363384247,
    0.77411824464797974,
    0.18316493928432465,
    0.78066843748092651,
    0.28589308261871338,
    0.5557175874710083,
    0.12731336057186127,
    0,
    0,
    0,
    1
  ],
  "projectionMatrix" : [
    1.5692484378814697,
    0,
    -0.0042992830276489258,
    0,
    0,
    2.0923311710357666,
    -0.0025659799575805664,
    0,
    0,
    0,
    -0.9999997615814209,
    -0.00099999981466680765,
    0,
    0,
    -1,
    0
  ]
}