{
  "time" : 322923.03220375004,
  "projectionMatrix" : [
    1.5642250776290894,
    0,
    -0.0045584440231323242,
    0,
    0,
    2.0856335163116455,
    -0.0022600889205932617,
    0,
    0,
    0,
    -0.9999997615814209,
    -0.00099999981466680765,
    0,
    0,
    -1,
    0
  ],
  "motionQuality" : 0.98310607671737671,
  "averageAngularVelocity" : 0,
  "averageVelocity" : 0.054688971489667892,
  "cameraGrain" : 0,
  "frame_index" : 58,
  "intrinsics" : [
    1501.6561279296875,
    0,
    963.8760986328125,
    0,
    1501.6561279296875,
    717.87274169921875,
    0,
    0,
    1
  ],
  "cameraPoseARFrame" : [
    0.80191987752914429,
    0.18650583922863007,
    0.56757402420043945,
    0.10845337808132172,
    -0.59560108184814453,
    0.17526265978813171,
    0.7839275598526001,
    0.16549526154994965,
    0.046732526272535324,
    -0.96669471263885498,
    0.25162976980209351,
    0.059582505375146866,
    0,
    0,
    0,
    1.0000001192092896
  ],
  "exposureDuration" : 0.01666666753590107
}