{
  "intrinsics" : [
    1505.8131103515625,
    0,
    966.03521728515625,
    0,
    1505.8131103515625,
    715.8955078125,
    0,
    0,
    1
  ],
  "motionQuality" : 0.94469553232192993,
  "averageAngularVelocity" : 0.19356569647789001,
  "averageVelocity" : 0.021455941721796989,
  "frame_index" : 47,
  "projectionMatrix" : [
    1.5685553550720215,
    0,
    -0.0068075656890869141,
    0,
    0,
    2.0914070606231689,
    -0.0050061941146850586,
    0,
    0,
    0,
    -0.9999997615814209,
    -0.00099999981466680765,
    0,
    0,
    -1,
    0
  ],
  "exposureDuration" : 0.01666666753590107,
  "time" : 55261.577231291682,
  "cameraGrain" : 0,
  "cameraPoseARFrame" : [
    -0.66777342557907104,
    0.25474041700363159,
    -0.69941830635070801,
    -0.013404209166765213,
    -0.73982661962509155,
    -0.12354142218828201,
    0.661357581615448,
    0.12803635001182556,
    0.082067392766475677,
    0.95908528566360474,
    0.2709614634513855,
    0.04341568797826767,
    0,
    0,
    0,
    0.99999988079071045
  ]
}