{
  "intrinsics" : [
    1500.35595703125,
    0,
    966.24658203125,
    0,
    1500.35595703125,
    716.32220458984375,
    0,
    0,
    1
  ],
  "cameraPoseARFrame" : [
    -0.58338934183120728,
    0.52377086877822876,
    -0.62074220180511475,
    -0.00040083006024360657,
    -0.77568775415420532,
    -0.13275273144245148,
    0.61699682474136353,
    0.1411152184009552,
    0.24075977504253387,
    0.84145146608352661,
    0.48372930288314819,
    0.082490772008895874,
    0,
    0,
    0,
    1
  ],
  "averageAngularVelocity" : 0.32426309585571289,
  "cameraGrain" : 0,
  "time" : 55262.643650875012,
  "exposureDuration" : 0.01666666753590107,
  "averageVelocity" : 0,
  "projectionMatrix" : [
    1.5628707408905029,
    0,
    -0.007027745246887207,
    0,
    0,
    2.0838277339935303,
    -0.004413604736328125,
    0,
    0,
    0,
    -0.9999997615814209,
    -0.00099999981466680765,
    0,
    0,
    -1,
    0
  ],
  "motionQuality" : 0.90735340118408203,
  "frame_index" : 49
}