{
  "frame_index" : 12,
  "motionQuality" : 0.8861929178237915,
  "cameraPoseARFrame" : [
    0.41235649585723877,
    0.17516756057739258,
    0.89402377605438232,
    0.22812792658805847,
    -0.91096752882003784,
    0.068497851490974426,
    0.40675070881843567,
    0.09668925404548645,
    0.010010792873799801,
    -0.98215287923812866,
    0.18781740963459015,
    0.011101136915385723,
    0,
    0,
    0,
    0.99999994039535522
  ],
  "time" : 55243.242963000012,
  "intrinsics" : [
    1518.8155517578125,
    0,
    967.451904296875,
    0,
    1518.8155517578125,
    717.75274658203125,
    0,
    0,
    1
  ],
  "projectionMatrix" : [
    1.5820995569229126,
    0,
    -0.0082832574844360352,
    0,
    0,
    2.1094660758972168,
    -0.0024267435073852539,
    0,
    0,
    0,
    -0.9999997615814209,
    -0.00099999981466680765,
    0,
    0,
    -1,
    0
  ],
  "averageVelocity" : 0.082004070281982422,
  "cameraGrain" : 0,
  "exposureDuration" : 0.01666666753590107,
  "averageAngularVelocity" : 0.39832481741905212
}