{
  "intrinsics" : [
    1504.7767333984375,
    0,
    966.05145263671875,
    0,
    1504.7767333984375,
    715.90576171875,
    0,
    0,
    1
  ],
  "motionQuality" : 0.93571639060974121,
  "averageAngularVelocity" : 0.22499272227287292,
  "averageVelocity" : 0.05628151074051857,
  "frame_index" : 46,
  "projectionMatrix" : [
    1.5674757957458496,
    0,
    -0.0068243741989135742,
    0,
    0,
    2.0899677276611328,
    -0.0049920082092285156,
    0,
    0,
    0,
    -0.9999997615814209,
    -0.00099999981466680765,
    0,
    0,
    -1,
    0
  ],
  "exposureDuration" : 0.01666666753590107,
  "time" : 55261.044954125013,
  "cameraGrain" : 0,
  "cameraPoseARFrame" : [
    -0.67995411157608032,
    0.11623851954936981,
    -0.72398269176483154,
    -0.02206074632704258,
    -0.73279404640197754,
    -0.14270929992198944,
    0.66531705856323242,
    0.11812405288219452,
    -0.025983568280935287,
    0.98291528224945068,
    0.18221473693847656,
    0.06994321197271347,
    0,
    0,
    0,
    0.99999994039535522
  ]
}