{
  "exposureDuration" : 0.01666666753590107,
  "time" : 55250.542911541677,
  "projectionMatrix" : [
    1.5615202188491821,
    0,
    -0.0082222223281860352,
    0,
    0,
    2.0820269584655762,
    -0.0030014514923095703,
    0,
    0,
    0,
    -0.9999997615814209,
    -0.00099999981466680765,
    0,
    0,
    -1,
    0
  ],
  "motionQuality" : 0.92067801952362061,
  "averageVelocity" : 0.032495319843292236,
  "cameraPoseARFrame" : [
    -0.1447550505399704,
    -0.96492218971252441,
    -0.21902300417423248,
    0.071128770709037781,
    -0.93113869428634644,
    0.0579657182097435,
    0.36002880334854126,
    0.10351139307022095,
    -0.3347039520740509,
    0.25605684518814087,
    -0.90686726570129395,
    -0.14804264903068542,
    0,
    0,
    0,
    0.99999994039535522
  ],
  "cameraGrain" : 0,
  "frame_index" : 26,
  "intrinsics" : [
    1499.0594482421875,
    0,
    967.393310546875,
    0,
    1499.0594482421875,
    717.33892822265625,
    0,
    0,
    1
  ],
  "averageAngularVelocity" : 0.27762690186500549
}