{
  "averageVelocity" : 0.048595961183309555,
  "averageAngularVelocity" : 0.45519649982452393,
  "intrinsics" : [
    1507.579833984375,
    0,
    966.534423828125,
    0,
    1507.579833984375,
    716.07635498046875,
    0,
    0,
    1
  ],
  "projectionMatrix" : [
    1.5703957080841064,
    0,
    -0.0073275566101074219,
    0,
    0,
    2.0938608646392822,
    -0.0047550201416015625,
    0,
    0,
    0,
    -0.9999997615814209,
    -0.00099999981466680765,
    0,
    0,
    -1,
    0
  ],
  "exposureDuration" : 0.01666666753590107,
  "frame_index" : 44,
  "cameraGrain" : 0,
  "motionQuality" : 0.86994385719299316,
  "time" : 55260.010799791678,
  "cameraPoseARFrame" : [
    -0.5324140191078186,
    -0.011185848154127598,
    -0.84641021490097046,
    -0.031477764248847961,
    -0.83617168664932251,
    -0.14865431189537048,
    0.52793818712234497,
    0.10322856903076172,
    -0.13172797858715057,
    0.98882591724395752,
    0.069792471826076508,
    0.035767566412687302,
    0,
    0,
    0,
    0.99999994039535522
  ]
}