{
  "motionQuality" : 0.93127447366714478,
  "cameraGrain" : 0,
  "cameraPoseARFrame" : [
    0.34201374650001526,
    0.53028368949890137,
    0.77577435970306396,
    0.23538742959499359,
    -0.92089712619781494,
    0.024841422215104103,
    0.38901323080062866,
    0.097411781549453735,
    0.18701602518558502,
    -0.84745621681213379,
    0.49683284759521484,
    0.090428374707698822,
    0,
    0,
    0,
    0.99999994039535522
  ],
  "averageVelocity" : 0.039615832269191742,
  "averageAngularVelocity" : 0.24053941667079926,
  "intrinsics" : [
    1514.6815185546875,
    0,
    967.21728515625,
    0,
    1514.6815185546875,
    717.12860107421875,
    0,
    0,
    1
  ],
  "time" : 55241.176388250009,
  "projectionMatrix" : [
    1.5777932405471802,
    0,
    -0.0080388784408569336,
    0,
    0,
    2.1037242412567139,
    -0.0032936334609985352,
    0,
    0,
    0,
    -0.9999997615814209,
    -0.00099999981466680765,
    0,
    0,
    -1,
    0
  ],
  "frame_index" : 8,
  "exposureDuration" : 0.01666666753590107
}