{
  "cameraGrain" : 0,
  "intrinsics" : [
    1518.6243896484375,
    0,
    967.2154541015625,
    0,
    1518.6243896484375,
    717.093017578125,
    0,
    0,
    1
  ],
  "exposureDuration" : 0.01666666753590107,
  "time" : 55241.677444666682,
  "averageVelocity" : 0.039426106959581375,
  "averageAngularVelocity" : 0.18111319839954376,
  "frame_index" : 9,
  "cameraPoseARFrame" : [
    0.34959903359413147,
    0.51372891664505005,
    0.78349411487579346,
    0.22747516632080078,
    -0.92324537038803101,
    0.046651914715766907,
    0.38136756420135498,
    0.087157398462295532,
    0.15936808288097382,
    -0.85668301582336426,
    0.49060744047164917,
    0.080904595553874969,
    0,
    0,
    0,
    0.99999982118606567
  ],
  "motionQuality" : 0.94825339317321777,
  "projectionMatrix" : [
    1.5819003582000732,
    0,
    -0.0080369710922241211,
    0,
    0,
    2.1092004776000977,
    -0.0033429861068725586,
    0,
    0,
    0,
    -0.9999997615814209,
    -0.00099999981466680765,
    0,
    0,
    -1,
    0
  ]
}