{
  "motionQuality" : 0.95931458473205566,
  "cameraGrain" : 0,
  "cameraPoseARFrame" : [
    0.3350449800491333,
    0.68288332223892212,
    0.64916503429412842,
    0.22050809860229492,
    -0.90186774730682373,
    0.03300519660115242,
    0.43074959516525269,
    0.098483696579933167,
    0.27272585034370422,
    -0.72978150844573975,
    0.62692868709564209,
    0.11810441315174103,
    0,
    0,
    0,
    0.99999994039535522
  ],
  "averageVelocity" : 0.040100928395986557,
  "averageAngularVelocity" : 0.14239901304244995,
  "intrinsics" : [
    1512.4749755859375,
    0,
    966.96514892578125,
    0,
    1512.4749755859375,
    717.37799072265625,
    0,
    0,
    1
  ],
  "time" : 55240.144714958347,
  "projectionMatrix" : [
    1.5754947662353516,
    0,
    -0.0077761411666870117,
    0,
    0,
    2.1006596088409424,
    -0.0029472112655639648,
    0,
    0,
    0,
    -0.9999997615814209,
    -0.00099999981466680765,
    0,
    0,
    -1,
    0
  ],
  "frame_index" : 6,
  "exposureDuration" : 0.01666666753590107
}