{
  "exposureDuration" : 0.01666666753590107,
  "time" : 55246.84542841668,
  "motionQuality" : 0.86529606580734253,
  "projectionMatrix" : [
    1.5638824701309204,
    0,
    -0.0082727670669555664,
    0,
    0,
    2.0851767063140869,
    -0.0030635595321655273,
    0,
    0,
    0,
    -0.9999997615814209,
    -0.00099999981466680765,
    0,
    0,
    -1,
    0
  ],
  "intrinsics" : [
    1501.3271484375,
    0,
    967.44183349609375,
    0,
    1501.3271484375,
    717.29425048828125,
    0,
    0,
    1
  ],
  "frame_index" : 19,
  "cameraGrain" : 0,
  "cameraPoseARFrame" : [
    0.18388143181800842,
    -0.7549433708190918,
    0.6294824481010437,
    0.22500543296337128,
    -0.93637162446975708,
    0.060259915888309479,
    0.34579870104789734,
    0.099623590707778931,
    -0.29899102449417114,
    -0.65301543474197388,
    -0.69582700729370117,
    -0.10970210283994675,
    0,
    0,
    0,
    0.99999988079071045
  ],
  "averageAngularVelocity" : 0.47146371006965637,
  "averageVelocity" : 0
}