{
  "motionQuality" : 0.85442900657653809,
  "cameraGrain" : 0,
  "cameraPoseARFrame" : [
    0.36470890045166016,
    0.24150955677032471,
    0.89925563335418701,
    0.25762471556663513,
    -0.9303123950958252,
    0.054259825497865677,
    0.3627321720123291,
    0.094719678163528442,
    0.03880985826253891,
    -0.96888023614883423,
    0.24446837604045868,
    0.049854334443807602,
    0,
    0,
    0,
    0.99999994039535522
  ],
  "averageVelocity" : 0,
  "averageAngularVelocity" : 0.50949853658676147,
  "projectionMatrix" : [
    1.5830117464065552,
    0,
    -0.0081703662872314453,
    0,
    0,
    2.1106822490692139,
    -0.0029102563858032227,
    0,
    0,
    0,
    -0.9999997615814209,
    -0.00099999981466680765,
    0,
    0,
    -1,
    0
  ],
  "time" : 55242.209754083342,
  "intrinsics" : [
    1519.6912841796875,
    0,
    967.34356689453125,
    0,
    1519.6912841796875,
    717.40460205078125,
    0,
    0,
    1
  ],
  "frame_index" : 10,
  "exposureDuration" : 0.01666666753590107
}