{
  "cameraPoseARFrame" : [
    -0.34699302911758423,
    0.84188735485076904,
    -0.41330543160438538,
    0.020498601719737053,
    -0.81546938419342041,
    -0.053156748414039612,
    0.57635384798049927,
    0.1441640704870224,
    0.46325516700744629,
    0.53702861070632935,
    0.70497852563858032,
    0.13500219583511353,
    0,
    0,
    0,
    0.99999988079071045
  ],
  "intrinsics" : [
    1489.5791015625,
    0,
    966.33489990234375,
    0,
    1489.5791015625,
    716.4656982421875,
    0,
    0,
    1
  ],
  "averageAngularVelocity" : 0.28370356559753418,
  "cameraGrain" : 0,
  "time" : 55263.712857166676,
  "exposureDuration" : 0.01666666753590107,
  "averageVelocity" : 0.075831763446331024,
  "projectionMatrix" : [
    1.5516449213027954,
    0,
    -0.0071196556091308594,
    0,
    0,
    2.0688598155975342,
    -0.0042142868041992188,
    0,
    0,
    0,
    -0.9999997615814209,
    -0.00099999981466680765,
    0,
    0,
    -1,
    0
  ],
  "motionQuality" : 0.91894185543060303,
  "frame_index" : 51
}