{
  "cameraGrain" : 0,
  "frame_index" : 22,
  "projectionMatrix" : [
    1.561496376991272,
    0,
    -0.0083494186401367188,
    0,
    0,
    2.0819952487945557,
    -0.0027308464050292969,
    0,
    0,
    0,
    -0.9999997615814209,
    -0.00099999981466680765,
    0,
    0,
    -1,
    0
  ],
  "cameraPoseARFrame" : [
    0.04607066884636879,
    -0.94906377792358398,
    0.31169775128364563,
    0.17132917046546936,
    -0.93815129995346069,
    0.066078513860702515,
    0.33986127376556396,
    0.10088300704956055,
    -0.34314656257629395,
    -0.30807724595069885,
    -0.88732123374938965,
    -0.14050136506557465,
    0,
    0,
    0,
    0.99999994039535522
  ],
  "intrinsics" : [
    1499.0364990234375,
    0,
    967.51544189453125,
    0,
    1499.0364990234375,
    717.5338134765625,
    0,
    0,
    1
  ],
  "averageVelocity" : 0,
  "averageAngularVelocity" : 0.28285899758338928,
  "time" : 55248.443004208348,
  "exposureDuration" : 0.01666666753590107,
  "motionQuality" : 0.91918313503265381
}