{
  "cameraGrain" : 0,
  "projectionMatrix" : [
    1.5632370710372925,
    0,
    -0.0074926614761352539,
    0,
    0,
    2.0843162536621094,
    -0.0047667026519775391,
    0,
    0,
    0,
    -0.9999997615814209,
    -0.00099999981466680765,
    0,
    0,
    -1,
    0
  ],
  "time" : 55258.945362208346,
  "motionQuality" : 0.93409252166748047,
  "cameraPoseARFrame" : [
    -0.52811741828918457,
    -0.038227718323469162,
    -0.84831041097640991,
    -0.041674140840768814,
    -0.83927565813064575,
    -0.12856750190258026,
    0.52828651666641235,
    0.10310554504394531,
    -0.12926031649112701,
    0.99096369743347168,
    0.035815253853797913,
    0.0073588993400335312,
    0,
    0,
    0,
    1
  ],
  "averageAngularVelocity" : 0.23067620396614075,
  "averageVelocity" : 0.065208584070205688,
  "exposureDuration" : 0.01666666753590107,
  "frame_index" : 42,
  "intrinsics" : [
    1500.7076416015625,
    0,
    966.6929931640625,
    0,
    1500.7076416015625,
    716.0679931640625,
    0,
    0,
    1
  ]
}