{
  "cameraGrain" : 0,
  "intrinsics" : [
    1518.5784912109375,
    0,
    966.97509765625,
    0,
    1518.5784912109375,
    717.1875,
    0,
    0,
    1
  ],
  "exposureDuration" : 0.01666666753590107,
  "time" : 55239.642666666681,
  "averageVelocity" : 0,
  "averageAngularVelocity" : 0.17277519404888153,
  "frame_index" : 5,
  "cameraPoseARFrame" : [
    0.34621778130531311,
    0.72577643394470215,
    0.5944591760635376,
    0.21299497783184052,
    -0.89285159111022949,
    0.060380935668945312,
    0.4462847113609314,
    0.1020238995552063,
    0.2880089282989502,
    -0.68527549505233765,
    0.66891568899154663,
    0.12457270920276642,
    0,
    0,
    0,
    0.99999994039535522
  ],
  "motionQuality" : 0.95063567161560059,
  "projectionMatrix" : [
    1.5818525552749634,
    0,
    -0.0077865123748779297,
    0,
    0,
    2.1091368198394775,
    -0.0032118558883666992,
    0,
    0,
    0,
    -0.9999997615814209,
    -0.00099999981466680765,
    0,
    0,
    -1,
    0
  ]
}