{
  "time" : 55253.742892666676,
  "frame_index" : 32,
  "exposureDuration" : 0.01666666753590107,
  "projectionMatrix" : [
    1.5563534498214722,
    0,
    -0.008158564567565918,
    0,
    0,
    2.0751380920410156,
    -0.0027505159378051758,
    0,
    0,
    0,
    -0.9999997615814209,
    -0.00099999981466680765,
    0,
    0,
    -1,
    0
  ],
  "intrinsics" : [
    1494.099365234375,
    0,
    967.33221435546875,
    0,
    1494.099365234375,
    717.5196533203125,
    0,
    0,
    1
  ],
  "cameraPoseARFrame" : [
    -0.37058195471763611,
    -0.61331242322921753,
    -0.69750756025314331,
    -0.012954743579030037,
    -0.90881115198135376,
    0.084478415548801422,
    0.40856525301933289,
    0.11954198777675629,
    -0.1916537880897522,
    0.7853095531463623,
    -0.58869141340255737,
    -0.10605389624834061,
    0,
    0,
    0,
    0.99999994039535522
  ],
  "averageAngularVelocity" : 0.25306355953216553,
  "averageVelocity" : 0.029376275837421417,
  "cameraGrain" : 0,
  "motionQuality" : 0.9276961088180542
}