{
  "exposureDuration" : 0.01666666753590107,
  "time" : 55256.310220166677,
  "motionQuality" : 0.95506751537322998,
  "projectionMatrix" : [
    1.5646952390670776,
    0,
    -0.007886052131652832,
    0,
    0,
    2.0862603187561035,
    -0.0030359029769897461,
    0,
    0,
    0,
    -0.9999997615814209,
    -0.00099999981466680765,
    0,
    0,
    -1,
    0
  ],
  "intrinsics" : [
    1502.107421875,
    0,
    967.070556640625,
    0,
    1502.107421875,
    717.31414794921875,
    0,
    0,
    1
  ],
  "frame_index" : 37,
  "cameraGrain" : 0,
  "cameraPoseARFrame" : [
    -0.48378151655197144,
    -0.35449689626693726,
    -0.80017948150634766,
    -0.021450439468026161,
    -0.86715984344482422,
    0.070599138736724854,
    0.493000328540802,
    0.11339858174324036,
    -0.11827506870031357,
    0.93238800764083862,
    -0.34156006574630737,
    -0.039023518562316895,
    0,
    0,
    0,
    0.99999982118606567
  ],
  "averageAngularVelocity" : 0.15726372599601746,
  "averageVelocity" : 0.031056717038154602
}