{
  "projectionMatrix" : [
    1.5651373863220215,
    0,
    -0.0081654787063598633,
    0,
    0,
    2.0868496894836426,
    -0.0025970935821533203,
    0,
    0,
    0,
    -0.9999997615814209,
    -0.00099999981466680765,
    0,
    0,
    -1,
    0
  ],
  "motionQuality" : 0.95365184545516968,
  "cameraPoseARFrame" : [
    -0.3236720860004425,
    -0.74158555269241333,
    -0.58761137723922729,
    0.021259235218167305,
    -0.91566175222396851,
    0.089075066149234772,
    0.39195528626441956,
    0.099939659237861633,
    -0.23832687735557556,
    0.66491824388504028,
    -0.70787268877029419,
    -0.11453858762979507,
    0,
    0,
    0,
    0.99999994039535522
  ],
  "averageVelocity" : 0,
  "frame_index" : 30,
  "time" : 55252.677455166682,
  "intrinsics" : [
    1502.5318603515625,
    0,
    967.3388671875,
    0,
    1502.5318603515625,
    717.630126953125,
    0,
    0,
    1
  ],
  "averageAngularVelocity" : 0.1622186154127121,
  "exposureDuration" : 0.01666666753590107,
  "cameraGrain" : 0
}