{
  "motionQuality" : 0.93105757236480713,
  "cameraGrain" : 0,
  "cameraPoseARFrame" : [
    0.14270670711994171,
    -0.83640974760055542,
    0.52920067310333252,
    0.20741146802902222,
    -0.94042569398880005,
    0.052122697234153748,
    0.33598029613494873,
    0.10636246204376221,
    -0.30860057473182678,
    -0.54562044143676758,
    -0.77914303541183472,
    -0.1333785206079483,
    0,
    0,
    0,
    1
  ],
  "averageVelocity" : 0,
  "averageAngularVelocity" : 0.24129852652549744,
  "intrinsics" : [
    1499.0555419921875,
    0,
    967.44091796875,
    0,
    1499.0555419921875,
    717.3636474609375,
    0,
    0,
    1
  ],
  "time" : 55247.376105500014,
  "projectionMatrix" : [
    1.5615161657333374,
    0,
    -0.0082718133926391602,
    0,
    0,
    2.0820214748382568,
    -0.0029671192169189453,
    0,
    0,
    0,
    -0.9999997615814209,
    -0.00099999981466680765,
    0,
    0,
    -1,
    0
  ],
  "frame_index" : 20,
  "exposureDuration" : 0.01666666753590107
}