{
  "motionQuality" : 0.97369664907455444,
  "averageAngularVelocity" : 0.092061787843704224,
  "frame_index" : 34,
  "cameraPoseARFrame" : [
    -0.41292613744735718,
    -0.48598748445510864,
    -0.77026498317718506,
    -0.02564072422683239,
    -0.89562243223190308,
    0.063098639249801636,
    0.44031694531440735,
    0.11233928799629211,
    -0.165385901927948,
    0.87168484926223755,
    -0.46131646633148193,
    -0.070429302752017975,
    0,
    0,
    0,
    0.99999994039535522
  ],
  "projectionMatrix" : [
    1.5552061796188354,
    0,
    -0.0079724788665771484,
    0,
    0,
    2.0736081600189209,
    -0.0026335716247558594,
    0,
    0,
    0,
    -0.9999997615814209,
    -0.00099999981466680765,
    0,
    0,
    -1,
    0
  ],
  "time" : 55254.776240625011,
  "exposureDuration" : 0.01666666753590107,
  "intrinsics" : [
    1492.9979248046875,
    0,
    967.15362548828125,
    0,
    1492.9979248046875,
    717.60382080078125,
    0,
    0,
    1
  ],
  "averageVelocity" : 0.028507249429821968,
  "cameraGrain" : 0
}