{
  "cameraGrain" : 0,
  "frame_index" : 21,
  "projectionMatrix" : [
    1.5582655668258667,
    0,
    -0.0082796812057495117,
    0,
    0,
    2.0776875019073486,
    -0.0029776096343994141,
    0,
    0,
    0,
    -0.9999997615814209,
    -0.00099999981466680765,
    0,
    0,
    -1,
    0
  ],
  "cameraPoseARFrame" : [
    0.073648422956466675,
    -0.88673025369644165,
    0.45638284087181091,
    0.19400320947170258,
    -0.94608610868453979,
    0.082620091736316681,
    0.31320089101791382,
    0.10416807234287262,
    -0.31543108820915222,
    -0.45484417676925659,
    -0.83283847570419312,
    -0.13962170481681824,
    0,
    0,
    0,
    0.99999994039535522
  ],
  "intrinsics" : [
    1495.9349365234375,
    0,
    967.44854736328125,
    0,
    1495.9349365234375,
    717.3560791015625,
    0,
    0,
    1
  ],
  "averageVelocity" : 0.064774096012115479,
  "averageAngularVelocity" : 0.11004319041967392,
  "time" : 55247.911262666676,
  "exposureDuration" : 0.01666666753590107,
  "motionQuality" : 0.96855908632278442
}