{
  "projectionMatrix" : [
    1.566806435585022,
    0,
    -0.0081573724746704102,
    0,
    0,
    2.0890753269195557,
    -0.0028831958770751953,
    0,
    0,
    0,
    -0.9999997615814209,
    -0.00099999981466680765,
    0,
    0,
    -1,
    0
  ],
  "averageVelocity" : 0,
  "cameraGrain" : 0,
  "exposureDuration" : 0.01666666753590107,
  "frame_index" : 25,
  "cameraPoseARFrame" : [
    -0.090695746243000031,
    -0.99325579404830933,
    -0.072229199111461639,
    0.088109716773033142,
    -0.92741429805755615,
    0.057810787111520767,
    0.36954087018966675,
    0.10820625722408295,
    -0.36287298798561096,
    0.10050228983163834,
    -0.9264029860496521,
    -0.15029184520244598,
    0,
    0,
    0,
    0.99999994039535522
  ],
  "averageAngularVelocity" : 0.39295056462287903,
  "time" : 55250.009771625009,
  "motionQuality" : 0.88772839307785034,
  "intrinsics" : [
    1504.1341552734375,
    0,
    967.33111572265625,
    0,
    1504.1341552734375,
    717.42413330078125,
    0,
    0,
    1
  ]
}