{
  "cameraGrain" : 0,
  "intrinsics" : [
    1519.041259765625,
    0,
    967.40216064453125,
    0,
    1519.041259765625,
    717.38543701171875,
    0,
    0,
    1
  ],
  "exposureDuration" : 0.01666666753590107,
  "time" : 55244.278068166677,
  "averageVelocity" : 0.097453616559505463,
  "averageAngularVelocity" : 0.16583749651908875,
  "frame_index" : 14,
  "cameraPoseARFrame" : [
    0.30311325192451477,
    -0.33919152617454529,
    0.89054572582244873,
    0.24282407760620117,
    -0.93549329042434692,
    0.072162061929702759,
    0.3458971381187439,
    0.075253106653690338,
    -0.18158900737762451,
    -0.93794548511505127,
    -0.29543820023536682,
    -0.032226443290710449,
    0,
    0,
    0,
    0.99999994039535522
  ],
  "motionQuality" : 0.95261788368225098,
  "projectionMatrix" : [
    1.5823346376419067,
    0,
    -0.0082314014434814453,
    0,
    0,
    2.1097795963287354,
    -0.0029368400573730469,
    0,
    0,
    0,
    -0.9999997615814209,
    -0.00099999981466680765,
    0,
    0,
    -1,
    0
  ]
}