{
  "projectionMatrix" : [
    1.5663007497787476,
    0,
    -0.008238673210144043,
    0,
    0,
    2.0884008407592773,
    -0.0028070211410522461,
    0,
    0,
    0,
    -0.9999997615814209,
    -0.00099999981466680765,
    0,
    0,
    -1,
    0
  ],
  "averageVelocity" : 0.043230544775724411,
  "cameraGrain" : 0,
  "exposureDuration" : 0.01666666753590107,
  "frame_index" : 28,
  "cameraPoseARFrame" : [
    -0.25014495849609375,
    -0.88005173206329346,
    -0.40365391969680786,
    0.051601838320493698,
    -0.93044841289520264,
    0.10320661962032318,
    0.35158789157867432,
    0.10719685256481171,
    -0.26775580644607544,
    0.46352708339691162,
    -0.84465944766998291,
    -0.12947298586368561,
    0,
    0,
    0,
    0.99999994039535522
  ],
  "averageAngularVelocity" : 0,
  "time" : 55251.611094833344,
  "motionQuality" : 0.97429573535919189,
  "intrinsics" : [
    1503.648681640625,
    0,
    967.40911865234375,
    0,
    1503.648681640625,
    717.47894287109375,
    0,
    0,
    1
  ]
}