{
  "motionQuality" : 0.97300916910171509,
  "averageAngularVelocity" : 0.094467960298061371,
  "frame_index" : 33,
  "cameraPoseARFrame" : [
    -0.40382224321365356,
    -0.53755825757980347,
    -0.74024224281311035,
    -0.018107479438185692,
    -0.89889472723007202,
    0.082748934626579285,
    0.43027982115745544,
    0.11872857809066772,
    -0.17004621028900146,
    0.83915644884109497,
    -0.51662415266036987,
    -0.094145350158214569,
    0,
    0,
    0,
    0.99999994039535522
  ],
  "projectionMatrix" : [
    1.5522903203964233,
    0,
    -0.0080504417419433594,
    0,
    0,
    2.0697205066680908,
    -0.0026693344116210938,
    0,
    0,
    0,
    -0.9999997615814209,
    -0.00099999981466680765,
    0,
    0,
    -1,
    0
  ],
  "time" : 55254.245747333349,
  "exposureDuration" : 0.01666666753590107,
  "intrinsics" : [
    1490.19873046875,
    0,
    967.22845458984375,
    0,
    1490.19873046875,
    717.57806396484375,
    0,
    0,
    1
  ],
  "averageVelocity" : 0,
  "cameraGrain" : 0
}