{
  "exposureDuration" : 0.01666666753590107,
  "time" : 55249.478131458345,
  "projectionMatrix" : [
    1.5736345052719116,
    0,
    -0.0081039667129516602,
    0,
    0,
    2.0981793403625488,
    -0.0029888153076171875,
    0,
    0,
    0,
    -0.9999997615814209,
    -0.00099999981466680765,
    0,
    0,
    -1,
    0
  ],
  "motionQuality" : 0.93352246284484863,
  "averageVelocity" : 0.072694681584835052,
  "cameraPoseARFrame" : [
    -0.034895729273557663,
    -0.9979395866394043,
    0.053841199725866318,
    0.12771061062812805,
    -0.91988009214401245,
    0.053131189197301865,
    0.38858407735824585,
    0.10044215619564056,
    -0.39064407348632812,
    -0.035967428237199783,
    -0.91983884572982788,
    -0.13585297763347626,
    0,
    0,
    0,
    0.99999994039535522
  ],
  "cameraGrain" : 0,
  "frame_index" : 24,
  "intrinsics" : [
    1510.6890869140625,
    0,
    967.27978515625,
    0,
    1510.6890869140625,
    717.3480224609375,
    0,
    0,
    1
  ],
  "averageAngularVelocity" : 0.23267129063606262
}