{
  "cameraGrain" : 0,
  "intrinsics" : [
    1519.5155029296875,
    0,
    967.37615966796875,
    0,
    1519.5155029296875,
    717.6036376953125,
    0,
    0,
    1
  ],
  "exposureDuration" : 0.01666666753590107,
  "time" : 55245.310453083344,
  "averageVelocity" : 0.090642198920249939,
  "averageAngularVelocity" : 0,
  "frame_index" : 16,
  "cameraPoseARFrame" : [
    0.25313273072242737,
    -0.47405737638473511,
    0.84332287311553955,
    0.26075723767280579,
    -0.94053888320922852,
    0.083514750003814697,
    0.32925942540168762,
    0.082730323076248169,
    -0.22651776671409607,
    -0.87652426958084106,
    -0.42472913861274719,
    -0.05639343336224556,
    0,
    0,
    0,
    0.99999994039535522
  ],
  "motionQuality" : 0.97410225868225098,
  "projectionMatrix" : [
    1.5828286409378052,
    0,
    -0.008204340934753418,
    0,
    0,
    2.1104381084442139,
    -0.0026338100433349609,
    0,
    0,
    0,
    -0.9999997615814209,
    -0.00099999981466680765,
    0,
    0,
    -1,
    0
  ]
}