{
  "cameraPoseARFrame" : [
    -0.13338766992092133,
    0.96793937683105469,
    -0.21284021437168121,
    0.069407902657985687,
    -0.87289094924926758,
    -0.013040056452155113,
    0.48774093389511108,
    0.093642652034759521,
    0.46932828426361084,
    0.25084486603736877,
    0.8466450572013855,
    0.18642713129520416,
    0,
    0,
    0,
    0.99999988079071045
  ],
  "intrinsics" : [
    1490.2406005859375,
    0,
    966.9825439453125,
    0,
    1490.2406005859375,
    716.99578857421875,
    0,
    0,
    1
  ],
  "averageAngularVelocity" : 0,
  "cameraGrain" : 0,
  "time" : 55266.845288000011,
  "exposureDuration" : 0.01666666753590107,
  "averageVelocity" : 0,
  "projectionMatrix" : [
    1.5523339509963989,
    0,
    -0.0077942609786987305,
    0,
    0,
    2.0697786808013916,
    -0.0034780502319335938,
    0,
    0,
    0,
    -0.9999997615814209,
    -0.00099999981466680765,
    0,
    0,
    -1,
    0
  ],
  "motionQuality" : 0.97484415769577026,
  "frame_index" : 57
}