{
  "projectionMatrix" : [
    1.5755465030670166,
    0,
    -0.007969975471496582,
    0,
    0,
    2.1007287502288818,
    -0.0033078193664550781,
    0,
    0,
    0,
    -0.9999997615814209,
    -0.00099999981466680765,
    0,
    0,
    -1,
    0
  ],
  "exposureDuration" : 0.01666666753590107,
  "intrinsics" : [
    1512.524658203125,
    0,
    967.151123046875,
    0,
    1512.524658203125,
    717.11834716796875,
    0,
    0,
    1
  ],
  "averageVelocity" : 0.027477174997329712,
  "cameraPoseARFrame" : [
    0.32878625392913818,
    0.62775534391403198,
    0.70556563138961792,
    0.2286733090877533,
    -0.91284412145614624,
    0.019718816503882408,
    0.40783169865608215,
    0.096891582012176514,
    0.24210558831691742,
    -0.77816092967987061,
    0.57952606678009033,
    0.10581623017787933,
    0,
    0,
    0,
    0.99999994039535522
  ],
  "time" : 55240.676089958346,
  "frame_index" : 7,
  "motionQuality" : 0.95787495374679565,
  "averageAngularVelocity" : 0.14743766188621521,
  "cameraGrain" : 0
}