{
  "exposureDuration" : 0.01666666753590107,
  "time" : 55256.810716875014,
  "motionQuality" : 0.94663572311401367,
  "projectionMatrix" : [
    1.5683480501174927,
    0,
    -0.0076813697814941406,
    0,
    0,
    2.0911307334899902,
    -0.0028344392776489258,
    0,
    0,
    0,
    -0.9999997615814209,
    -0.00099999981466680765,
    0,
    0,
    -1,
    0
  ],
  "intrinsics" : [
    1505.6141357421875,
    0,
    966.8741455078125,
    0,
    1505.6141357421875,
    717.45916748046875,
    0,
    0,
    1
  ],
  "frame_index" : 38,
  "cameraGrain" : 0,
  "cameraPoseARFrame" : [
    -0.53107148408889771,
    -0.25835436582565308,
    -0.80697965621948242,
    -0.011330036446452141,
    -0.83758527040481567,
    0.016063222661614418,
    0.54607033729553223,
    0.11985152959823608,
    -0.12811693549156189,
    0.96591663360595703,
    -0.22492446005344391,
    -0.03510863333940506,
    0,
    0,
    0,
    0.99999994039535522
  ],
  "averageAngularVelocity" : 0.18677490949630737,
  "averageVelocity" : 0.02910047210752964
}