{
  "averageVelocity" : 0,
  "averageAngularVelocity" : 0.45160761475563049,
  "intrinsics" : [
    1506.918212890625,
    0,
    966.60284423828125,
    0,
    1506.918212890625,
    715.99169921875,
    0,
    0,
    1
  ],
  "projectionMatrix" : [
    1.5697064399719238,
    0,
    -0.0073988437652587891,
    0,
    0,
    2.0929419994354248,
    -0.0048726797103881836,
    0,
    0,
    0,
    -0.9999997615814209,
    -0.00099999981466680765,
    0,
    0,
    -1,
    0
  ],
  "exposureDuration" : 0.01666666753590107,
  "frame_index" : 45,
  "cameraGrain" : 0,
  "motionQuality" : 0.87096923589706421,
  "time" : 55260.51193025001,
  "cameraPoseARFrame" : [
    -0.62727701663970947,
    0.021471599116921425,
    -0.77850013971328735,
    -0.015181491151452065,
    -0.76897609233856201,
    -0.17531740665435791,
    0.61476761102676392,
    0.10478757321834564,
    -0.12328457087278366,
    0.98427760601043701,
    0.12648382782936096,
    0.060328513383865356,
    0,
    0,
    0,
    0.99999994039535522
  ]
}