{
  "cameraGrain" : 0,
  "intrinsics" : [
    1496.745849609375,
    0,
    967.379150390625,
    0,
    1496.745849609375,
    717.4573974609375,
    0,
    0,
    1
  ],
  "exposureDuration" : 0.01666666753590107,
  "time" : 55246.344675000015,
  "averageVelocity" : 0.073594644665718079,
  "averageAngularVelocity" : 0.30246254801750183,
  "frame_index" : 18,
  "cameraPoseARFrame" : [
    0.26804247498512268,
    -0.5878373384475708,
    0.76328271627426147,
    0.24521708488464355,
    -0.92886954545974731,
    0.052547283470630646,
    0.36666068434715271,
    0.099217221140861511,
    -0.25564530491828918,
    -0.80727064609527588,
    -0.53193938732147217,
    -0.099550589919090271,
    0,
    0,
    0,
    0.99999994039535522
  ],
  "motionQuality" : 0.91358214616775513,
  "projectionMatrix" : [
    1.5591102838516235,
    0,
    -0.0082074403762817383,
    0,
    0,
    2.0788137912750244,
    -0.0028369426727294922,
    0,
    0,
    0,
    -0.9999997615814209,
    -0.00099999981466680765,
    0,
    0,
    -1,
    0
  ]
}