{
  "intrinsics" : [
    1488.6192626953125,
    0,
    966.95855712890625,
    0,
    1488.6192626953125,
    716.8460693359375,
    0,
    0,
    1
  ],
  "cameraPoseARFrame" : [
    -0.16512240469455719,
    0.95589947700500488,
    -0.2428799569606781,
    0.082989007234573364,
    -0.86308777332305908,
    -0.020872991532087326,
    0.50462216138839722,
    0.090496867895126343,
    0.47729846835136414,
    0.29295113682746887,
    0.828471839427948,
    0.18139991164207458,
    0,
    0,
    0,
    0.99999982118606567
  ],
  "averageAngularVelocity" : 0.17738296091556549,
  "cameraGrain" : 0,
  "time" : 55265.811758958349,
  "exposureDuration" : 0.01666666753590107,
  "averageVelocity" : 0,
  "projectionMatrix" : [
    1.550645112991333,
    0,
    -0.0077693462371826172,
    0,
    0,
    2.0675268173217773,
    -0.003686070442199707,
    0,
    0,
    0,
    -0.9999997615814209,
    -0.00099999981466680765,
    0,
    0,
    -1,
    0
  ],
  "motionQuality" : 0.94931912422180176,
  "frame_index" : 55
}