{
  "averageAngularVelocity" : 0.23030133545398712,
  "projectionMatrix" : [
    1.548936128616333,
    0,
    -0.0074191093444824219,
    0,
    0,
    2.0652480125427246,
    -0.004052281379699707,
    0,
    0,
    0,
    -0.9999997615814209,
    -0.00099999981466680765,
    0,
    0,
    -1,
    0
  ],
  "frame_index" : 52,
  "averageVelocity" : 0,
  "intrinsics" : [
    1486.9786376953125,
    0,
    966.622314453125,
    0,
    1486.9786376953125,
    716.58233642578125,
    0,
    0,
    1
  ],
  "motionQuality" : 0.93419963121414185,
  "exposureDuration" : 0.01666666753590107,
  "cameraPoseARFrame" : [
    -0.28044781088829041,
    0.90657508373260498,
    -0.31538954377174377,
    0.031280431896448135,
    -0.83454948663711548,
    -0.067966140806674957,
    0.54672443866729736,
    0.12553110718727112,
    0.47421100735664368,
    0.41653579473495483,
    0.77564287185668945,
    0.15543515980243683,
    0,
    0,
    0,
    0.99999994039535522
  ],
  "time" : 55264.245937125015,
  "cameraGrain" : 0
}