{
  "projectionMatrix" : [
    1.5596758127212524,
    0,
    -0.0079817771911621094,
    0,
    0,
    2.0795679092407227,
    -0.0028635263442993164,
    0,
    0,
    0,
    -0.9999997615814209,
    -0.00099999981466680765,
    0,
    0,
    -1,
    0
  ],
  "motionQuality" : 0.97693681716918945,
  "intrinsics" : [
    1497.288818359375,
    0,
    967.16253662109375,
    0,
    1497.288818359375,
    717.438232421875,
    0,
    0,
    1
  ],
  "time" : 55255.278975375011,
  "averageAngularVelocity" : 0.080721080303192139,
  "cameraPoseARFrame" : [
    -0.42510834336280823,
    -0.44201585650444031,
    -0.78987658023834229,
    -0.02647719718515873,
    -0.88996642827987671,
    0.044987168163061142,
    0.4538014829158783,
    0.11587175726890564,
    -0.16505312919616699,
    0.89587843418121338,
    -0.4125036895275116,
    -0.055204849690198898,
    0,
    0,
    0,
    0.99999994039535522
  ],
  "cameraGrain" : 0,
  "exposureDuration" : 0.01666666753590107,
  "frame_index" : 35,
  "averageVelocity" : 0
}