{
  "projectionMatrix" : [
    1.5670375823974609,
    0,
    -0.0068020820617675781,
    0,
    0,
    2.0893833637237549,
    -0.0044234991073608398,
    0,
    0,
    0,
    -0.9999997615814209,
    -0.00099999981466680765,
    0,
    0,
    -1,
    0
  ],
  "averageVelocity" : 0,
  "intrinsics" : [
    1504.3560791015625,
    0,
    966.030029296875,
    0,
    1504.3560791015625,
    716.3150634765625,
    0,
    0,
    1
  ],
  "motionQuality" : 0.93929862976074219,
  "averageAngularVelocity" : 0.21245485544204712,
  "cameraPoseARFrame" : [
    -0.63032352924346924,
    0.30136305093765259,
    -0.71545267105102539,
    -0.013056246563792229,
    -0.76613211631774902,
    -0.092567428946495056,
    0.63598161935806274,
    0.13481704890727997,
    0.1254337877035141,
    0.94900548458099365,
    0.28923138976097107,
    0.064793571829795837,
    0,
    0,
    0,
    0.99999994039535522
  ],
  "frame_index" : 48,
  "time" : 55262.110685291678,
  "exposureDuration" : 0.01666666753590107,
  "cameraGrain" : 0
}