{
  "projectionMatrix" : [
    1.5788289308547974,
    0,
    -0.0070954561233520508,
    0,
    0,
    2.1051051616668701,
    -0.002703547477722168,
    0,
    0,
    0,
    -0.9999997615814209,
    -0.00099999981466680765,
    0,
    0,
    -1,
    0
  ],
  "exposureDuration" : 0.01666666753590107,
  "intrinsics" : [
    1515.67578125,
    0,
    966.3116455078125,
    0,
    1515.67578125,
    717.55340576171875,
    0,
    0,
    1
  ],
  "averageVelocity" : 0,
  "cameraPoseARFrame" : [
    0.34508132934570312,
    0.87664687633514404,
    0.33527466654777527,
    0.16047561168670654,
    -0.78714394569396973,
    0.075751237571239471,
    0.61209970712661743,
    0.14113469421863556,
    0.51119786500930786,
    -0.47513362765312195,
    0.71618765592575073,
    0.11890776455402374,
    0,
    0,
    0,
    0.99999994039535522
  ],
  "time" : 55237.531762291677,
  "frame_index" : 1,
  "motionQuality" : 0.99039000272750854,
  "averageAngularVelocity" : 0,
  "cameraGrain" : 0
}