{
  "cameraGrain" : 0,
  "intrinsics" : [
    1519.30126953125,
    0,
    967.35711669921875,
    0,
    1519.30126953125,
    717.26605224609375,
    0,
    0,
    1
  ],
  "exposureDuration" : 0.01666666753590107,
  "time" : 55244.77896187501,
  "averageVelocity" : 0,
  "averageAngularVelocity" : 0.22834976017475128,
  "frame_index" : 15,
  "cameraPoseARFrame" : [
    0.27532142400741577,
    -0.46476247906684875,
    0.84154260158538818,
    0.23690098524093628,
    -0.93148118257522583,
    0.087549462914466858,
    0.3530973494052887,
    0.067003637552261353,
    -0.23778301477432251,
    -0.88109642267227173,
    -0.40881332755088806,
    -0.034251533448696136,
    0,
    0,
    0,
    0.99999994039535522
  ],
  "motionQuality" : 0.93475723266601562,
  "projectionMatrix" : [
    1.5826054811477661,
    0,
    -0.0081845521926879883,
    0,
    0,
    2.1101405620574951,
    -0.0031026601791381836,
    0,
    0,
    0,
    -0.9999997615814209,
    -0.00099999981466680765,
    0,
    0,
    -1,
    0
  ]
}