{
  "exposureDuration" : 0.01666666753590107,
  "time" : 55258.410571041677,
  "motionQuality" : 0.90773242712020874,
  "projectionMatrix" : [
    1.5621616840362549,
    0,
    -0.0075070858001708984,
    0,
    0,
    2.0828821659088135,
    -0.0044662952423095703,
    0,
    0,
    0,
    -0.9999997615814209,
    -0.00099999981466680765,
    0,
    0,
    -1,
    0
  ],
  "intrinsics" : [
    1499.6751708984375,
    0,
    966.706787109375,
    0,
    1499.6751708984375,
    716.28424072265625,
    0,
    0,
    1
  ],
  "frame_index" : 41,
  "cameraGrain" : 0,
  "cameraPoseARFrame" : [
    -0.53809183835983276,
    -0.11894512921571732,
    -0.83445149660110474,
    -0.039706937968730927,
    -0.82612824440002441,
    -0.12200383841991425,
    0.55011546611785889,
    0.11478261649608612,
    -0.16723981499671936,
    0.98537653684616089,
    -0.032614633440971375,
    -0.0038059267681092024,
    0,
    0,
    0,
    0.99999994039535522
  ],
  "averageAngularVelocity" : 0.32293641567230225,
  "averageVelocity" : 0.038636974990367889
}