{
  "projectionMatrix" : [
    1.564452052116394,
    0,
    -0.0080957412719726562,
    0,
    0,
    2.0859360694885254,
    -0.0023112297058105469,
    0,
    0,
    0,
    -0.9999997615814209,
    -0.00099999981466680765,
    0,
    0,
    -1,
    0
  ],
  "motionQuality" : 0.92064076662063599,
  "cameraPoseARFrame" : [
    -0.27984878420829773,
    -0.82395035028457642,
    -0.49273768067359924,
    0.02798926830291748,
    -0.92975437641143799,
    0.10469532757997513,
    0.35298067331314087,
    0.097388863563537598,
    -0.23925119638442993,
    0.55690628290176392,
    -0.79537039995193481,
    -0.12584541738033295,
    0,
    0,
    0,
    0.99999994039535522
  ],
  "averageVelocity" : 0,
  "frame_index" : 29,
  "time" : 55252.143160208347,
  "intrinsics" : [
    1501.8740234375,
    0,
    967.27191162109375,
    0,
    1501.8740234375,
    717.83587646484375,
    0,
    0,
    1
  ],
  "averageAngularVelocity" : 0.27775731682777405,
  "exposureDuration" : 0.01666666753590107,
  "cameraGrain" : 0
}