{
  "projectionMatrix" : [
    1.577171802520752,
    0,
    -0.0071312189102172852,
    0,
    0,
    2.1028957366943359,
    -0.0028288364410400391,
    0,
    0,
    0,
    -0.9999997615814209,
    -0.00099999981466680765,
    0,
    0,
    -1,
    0
  ],
  "exposureDuration" : 0.01666666753590107,
  "intrinsics" : [
    1514.0849609375,
    0,
    966.345947265625,
    0,
    1514.0849609375,
    717.46319580078125,
    0,
    0,
    1
  ],
  "averageVelocity" : 0,
  "cameraPoseARFrame" : [
    0.33744841814041138,
    0.86334532499313354,
    0.37518435716629028,
    0.17046138644218445,
    -0.81183266639709473,
    0.065157607197761536,
    0.58024322986602783,
    0.13620820641517639,
    0.4765041172504425,
    -0.50038903951644897,
    0.72287935018539429,
    0.12479303032159805,
    0,
    0,
    0,
    0.99999994039535522
  ],
  "time" : 55238.060447291682,
  "frame_index" : 2,
  "motionQuality" : 0.95383000373840332,
  "averageAngularVelocity" : 0.16159504652023315,
  "cameraGrain" : 0
}