{
  "cameraPoseARFrame" : [
    0.35037684440612793,
    0.87413167953491211,
    0.33634790778160095,
    0.15823742747306824,
    -0.78451597690582275,
    0.077733457088470459,
    0.61521708965301514,
    0.14359796047210693,
    0.51163524389266968,
    -0.47942817211151123,
    0.71300637722015381,
    0.11766578257083893,
    0,
    0,
    0,
    0.99999994039535522
  ],
  "exposureDuration" : 0.01666666753590107,
  "time" : 55237.028436041677,
  "intrinsics" : [
    1514.7158203125,
    0,
    966.30450439453125,
    0,
    1514.7158203125,
    717.534912109375,
    0,
    0,
    1
  ],
  "frame_index" : 0,
  "projectionMatrix" : [
    1.5778290033340454,
    0,
    -0.0070880651473999023,
    0,
    0,
    2.1037719249725342,
    -0.0027292966842651367,
    0,
    0,
    0,
    -0.9999997615814209,
    -0.00099999981466680765,
    0,
    0,
    -1,
    0
  ],
  "averageAngularVelocity" : 0,
  "cameraGrain" : 0,
  "motionQuality" : 1,
  "averageVelocity" : 0
}