{
  "averageAngularVelocity" : 0.32537665963172913,
  "averageVelocity" : 0.021917568519711494,
  "time" : 55257.345168458349,
  "intrinsics" : [
    1506.2987060546875,
    0,
    966.6339111328125,
    0,
    1506.2987060546875,
    717.1954345703125,
    0,
    0,
    1
  ],
  "projectionMatrix" : [
    1.5690611600875854,
    0,
    -0.0074311494827270508,
    0,
    0,
    2.0920815467834473,
    -0.0032007694244384766,
    0,
    0,
    0,
    -0.9999997615814209,
    -0.00099999981466680765,
    0,
    0,
    -1,
    0
  ],
  "cameraGrain" : 0,
  "motionQuality" : 0.907035231590271,
  "frame_index" : 39,
  "exposureDuration" : 0.01666666753590107,
  "cameraPoseARFrame" : [
    -0.55492675304412842,
    -0.27315419912338257,
    -0.78577548265457153,
    -0.016304964199662209,
    -0.81289863586425781,
    -0.022673645988106728,
    0.58196347951889038,
    0.1200098991394043,
    -0.17678217589855194,
    0.96170294284820557,
    -0.20946446061134338,
    -0.025727001950144768,
    0,
    0,
    0,
    0.99999994039535522
  ]
}