{
  "averageVelocity" : 0.057770073413848877,
  "cameraGrain" : 0,
  "time" : 55263.179677791675,
  "intrinsics" : [
    1494.3173828125,
    0,
    966.28118896484375,
    0,
    1494.3173828125,
    716.2052001953125,
    0,
    0,
    1
  ],
  "averageAngularVelocity" : 0.26212197542190552,
  "projectionMatrix" : [
    1.556580662727356,
    0,
    -0.007063746452331543,
    0,
    0,
    2.0754408836364746,
    -0.0045760869979858398,
    0,
    0,
    0,
    -0.9999997615814209,
    -0.00099999981466680765,
    0,
    0,
    -1,
    0
  ],
  "exposureDuration" : 0.01666666753590107,
  "cameraPoseARFrame" : [
    -0.49934515357017517,
    0.64507347345352173,
    -0.57838952541351318,
    0.015542162582278252,
    -0.79791104793548584,
    -0.082246311008930206,
    0.59713751077651978,
    0.15317672491073608,
    0.33762732148170471,
    0.75968104600906372,
    0.55578070878982544,
    0.092938005924224854,
    0,
    0,
    0,
    0.99999982118606567
  ],
  "motionQuality" : 0.92510801553726196,
  "frame_index" : 50
}