{
  "cameraGrain" : 0,
  "projectionMatrix" : [
    1.5511828660964966,
    0,
    -0.0077940225601196289,
    0,
    0,
    2.0682437419891357,
    -0.003670811653137207,
    0,
    0,
    0,
    -0.9999997615814209,
    -0.00099999981466680765,
    0,
    0,
    -1,
    0
  ],
  "intrinsics" : [
    1489.135498046875,
    0,
    966.9822998046875,
    0,
    1489.135498046875,
    716.8570556640625,
    0,
    0,
    1
  ],
  "frame_index" : 58,
  "cameraPoseARFrame" : [
    -0.14116214215755463,
    0.9666253924369812,
    -0.21379522979259491,
    0.073568381369113922,
    -0.87225407361984253,
    -0.019297569990158081,
    0.48867198824882507,
    0.090305790305137634,
    0.46823707222938538,
    0.25546571612358093,
    0.84586721658706665,
    0.18909063935279846,
    0,
    0,
    0,
    0.99999988079071045
  ],
  "motionQuality" : 0.98591649532318115,
  "averageVelocity" : 0.014718403108417988,
  "averageAngularVelocity" : 0.049292255192995071,
  "time" : 55267.378243125015,
  "exposureDuration" : 0.01666666753590107
}