{
  "intrinsics" : [
    1490.1451416015625,
    0,
    966.96429443359375,
    0,
    1490.1451416015625,
    716.78350830078125,
    0,
    0,
    1
  ],
  "cameraPoseARFrame" : [
    -0.13085126876831055,
    0.96771204471588135,
    -0.21543247997760773,
    0.069373339414596558,
    -0.86962568759918213,
    -0.0076913926750421524,
    0.49365156888961792,
    0.092569023370742798,
    0.47605562210083008,
    0.25194045901298523,
    0.84255391359329224,
    0.18387690186500549,
    0,
    0,
    0,
    0.99999988079071045
  ],
  "averageAngularVelocity" : 0.17191515862941742,
  "cameraGrain" : 0,
  "time" : 55266.34482537501,
  "exposureDuration" : 0.01666666753590107,
  "averageVelocity" : 0,
  "projectionMatrix" : [
    1.5522345304489136,
    0,
    -0.0077753067016601562,
    0,
    0,
    2.0696461200714111,
    -0.0037728548049926758,
    0,
    0,
    0,
    -0.9999997615814209,
    -0.00099999981466680765,
    0,
    0,
    -1,
    0
  ],
  "motionQuality" : 0.95088136196136475,
  "frame_index" : 56
}