{
  "motionQuality" : 0.77872669696807861,
  "cameraGrain" : 0,
  "cameraPoseARFrame" : [
    0.40000873804092407,
    -0.089457884430885315,
    0.91213500499725342,
    0.2450275719165802,
    -0.91308063268661499,
    0.047132793813943863,
    0.40504598617553711,
    0.081127241253852844,
    -0.079226054251194,
    -0.99487471580505371,
    -0.062828794121742249,
    -0.0019305892055854201,
    0,
    0,
    0,
    0.99999994039535522
  ],
  "averageVelocity" : 0,
  "averageAngularVelocity" : 0.77445662021636963,
  "projectionMatrix" : [
    1.5821235179901123,
    0,
    -0.0076974630355834961,
    0,
    0,
    2.1094980239868164,
    -0.0028705596923828125,
    0,
    0,
    0,
    -0.9999997615814209,
    -0.00099999981466680765,
    0,
    0,
    -1,
    0
  ],
  "time" : 55243.776189333345,
  "intrinsics" : [
    1518.838623046875,
    0,
    966.8895263671875,
    0,
    1518.838623046875,
    717.43316650390625,
    0,
    0,
    1
  ],
  "frame_index" : 13,
  "exposureDuration" : 0.01666666753590107
}