{
  "cameraPoseARFrame" : [
    -0.191934734582901,
    0.92601197957992554,
    -0.32505819201469421,
    0.039672143757343292,
    -0.83392304182052612,
    0.020742451772093773,
    0.55149072408676147,
    0.11457887291908264,
    0.51742959022521973,
    0.37692365050315857,
    0.76824164390563965,
    0.17372827231884003,
    0,
    0,
    0,
    0.99999994039535522
  ],
  "intrinsics" : [
    1483.40283203125,
    0,
    966.70440673828125,
    0,
    1483.40283203125,
    716.69891357421875,
    0,
    0,
    1
  ],
  "averageAngularVelocity" : 0.08829575777053833,
  "cameraGrain" : 0,
  "time" : 55264.778278833342,
  "exposureDuration" : 0.01666666753590107,
  "averageVelocity" : 0.045933302491903305,
  "projectionMatrix" : [
    1.5452113151550293,
    0,
    -0.007504582405090332,
    0,
    0,
    2.0602817535400391,
    -0.0038903951644897461,
    0,
    0,
    0,
    -0.9999997615814209,
    -0.00099999981466680765,
    0,
    0,
    -1,
    0
  ],
  "motionQuality" : 0.97477263212203979,
  "frame_index" : 53
}