{
  "exposureDuration" : 0.01666666753590107,
  "time" : 55257.879790291678,
  "motionQuality" : 0.94622707366943359,
  "projectionMatrix" : [
    1.5673720836639404,
    0,
    -0.0074197053909301758,
    0,
    0,
    2.0898294448852539,
    -0.0036830902099609375,
    0,
    0,
    0,
    -0.9999997615814209,
    -0.00099999981466680765,
    0,
    0,
    -1,
    0
  ],
  "intrinsics" : [
    1504.67724609375,
    0,
    966.6229248046875,
    0,
    1504.67724609375,
    716.84814453125,
    0,
    0,
    1
  ],
  "frame_index" : 40,
  "cameraGrain" : 0,
  "cameraPoseARFrame" : [
    -0.50227493047714233,
    -0.23626439273357391,
    -0.83180475234985352,
    -0.030312707647681236,
    -0.83969956636428833,
    -0.096406266093254089,
    0.53442525863647461,
    0.1181780993938446,
    -0.20645686984062195,
    0.96689438819885254,
    -0.14996865391731262,
    -0.019537573680281639,
    0,
    0,
    0,
    0.99999994039535522
  ],
  "averageAngularVelocity" : 0.188205286860466,
  "averageVelocity" : 0
}