{
  "motionQuality" : 0.98473775386810303,
  "averageVelocity" : 0.015923693776130676,
  "cameraGrain" : 0,
  "intrinsics" : [
    1489.0284423828125,
    0,
    966.99664306640625,
    0,
    1489.0284423828125,
    716.86798095703125,
    0,
    0,
    1
  ],
  "projectionMatrix" : [
    1.5510712862014771,
    0,
    -0.0078090429306030273,
    0,
    0,
    2.0680949687957764,
    -0.003655552864074707,
    0,
    0,
    0,
    -0.9999997615814209,
    -0.00099999981466680765,
    0,
    0,
    -1,
    0
  ],
  "time" : 55267.879801458344,
  "cameraPoseARFrame" : [
    -0.13062234222888947,
    0.97073978185653687,
    -0.20149950683116913,
    0.074983939528465271,
    -0.87089037895202637,
    -0.015218038111925125,
    0.49124163389205933,
    0.090108253061771393,
    0.4738013744354248,
    0.23965105414390564,
    0.84739577770233154,
    0.18620193004608154,
    0,
    0,
    0,
    0.99999994039535522
  ],
  "frame_index" : 59,
  "averageAngularVelocity" : 0.053417947143316269,
  "exposureDuration" : 0.01666666753590107
}