{
  "time" : 55253.209768500012,
  "frame_index" : 31,
  "exposureDuration" : 0.01666666753590107,
  "projectionMatrix" : [
    1.5638865232467651,
    0,
    -0.008111119270324707,
    0,
    0,
    2.0851819515228271,
    -0.0026314258575439453,
    0,
    0,
    0,
    -0.9999997615814209,
    -0.00099999981466680765,
    0,
    0,
    -1,
    0
  ],
  "intrinsics" : [
    1501.3310546875,
    0,
    967.28662109375,
    0,
    1501.3310546875,
    717.60540771484375,
    0,
    0,
    1
  ],
  "cameraPoseARFrame" : [
    -0.32894220948219299,
    -0.69169270992279053,
    -0.64292937517166138,
    0.002431483706459403,
    -0.9175182580947876,
    0.072951987385749817,
    0.39094516634941101,
    0.10031731426715851,
    -0.22351096570491791,
    0.71849775314331055,
    -0.65863776206970215,
    -0.11369551718235016,
    0,
    0,
    0,
    0.99999994039535522
  ],
  "averageAngularVelocity" : 0.16360999643802643,
  "averageVelocity" : 0.048690240830183029,
  "cameraGrain" : 0,
  "motionQuality" : 0.95325428247451782
}