{
  "motionQuality" : 0.90189701318740845,
  "cameraGrain" : 0,
  "cameraPoseARFrame" : [
    0.32902178168296814,
    0.1841416209936142,
    0.92619466781616211,
    0.24897794425487518,
    -0.94316965341567993,
    0.11252567172050476,
    0.31268018484115601,
    0.094089828431606293,
    -0.046643242239952087,
    -0.9764372706413269,
    0.21070018410682678,
    0.038577429950237274,
    0,
    0,
    0,
    0.99999994039535522
  ],
  "averageVelocity" : 0,
  "averageAngularVelocity" : 0.3433605432510376,
  "projectionMatrix" : [
    1.5821990966796875,
    0,
    -0.0082325935363769531,
    0,
    0,
    2.1095988750457764,
    -0.0032010078430175781,
    0,
    0,
    0,
    -0.9999997615814209,
    -0.00099999981466680765,
    0,
    0,
    -1,
    0
  ],
  "time" : 55242.742415041677,
  "intrinsics" : [
    1518.9111328125,
    0,
    967.4033203125,
    0,
    1518.9111328125,
    717.19525146484375,
    0,
    0,
    1
  ],
  "frame_index" : 11,
  "exposureDuration" : 0.01666666753590107
}