{
  "projectionMatrix" : [
    1.5657787322998047,
    0,
    -0.0082345008850097656,
    0,
    0,
    2.0877048969268799,
    -0.0029470920562744141,
    0,
    0,
    0,
    -0.9999997615814209,
    -0.00099999981466680765,
    0,
    0,
    -1,
    0
  ],
  "averageVelocity" : 0.030233019962906837,
  "cameraGrain" : 0,
  "exposureDuration" : 0.01666666753590107,
  "frame_index" : 27,
  "cameraPoseARFrame" : [
    -0.20425748825073242,
    -0.91586995124816895,
    -0.34563145041465759,
    0.063344992697238922,
    -0.92932337522506714,
    0.070464417338371277,
    0.36248147487640381,
    0.097587928175926208,
    -0.30763116478919983,
    0.39524289965629578,
    -0.8655322790145874,
    -0.13072477281093597,
    0,
    0,
    0,
    0.99999994039535522
  ],
  "averageAngularVelocity" : 0.17556197941303253,
  "time" : 55251.077440458343,
  "motionQuality" : 0.94983941316604614,
  "intrinsics" : [
    1503.1475830078125,
    0,
    967.40509033203125,
    0,
    1503.1475830078125,
    717.37811279296875,
    0,
    0,
    1
  ]
}