{
  "averageVelocity" : 0,
  "time" : 55239.10956566668,
  "averageAngularVelocity" : 0.12431690841913223,
  "intrinsics" : [
    1518.5211181640625,
    0,
    966.7440185546875,
    0,
    1518.5211181640625,
    717.2626953125,
    0,
    0,
    1
  ],
  "projectionMatrix" : [
    1.5817928314208984,
    0,
    -0.0075458288192749023,
    0,
    0,
    2.1090571880340576,
    -0.0031073093414306641,
    0,
    0,
    0,
    -0.9999997615814209,
    -0.00099999981466680765,
    0,
    0,
    -1,
    0
  ],
  "cameraPoseARFrame" : [
    0.31003335118293762,
    0.77998870611190796,
    0.54359620809555054,
    0.19831858575344086,
    -0.8767969012260437,
    0.013520075939595699,
    0.48067072033882141,
    0.09800015389919281,
    0.36756828427314758,
    -0.62564736604690552,
    0.6880834698677063,
    0.12133579701185226,
    0,
    0,
    0,
    0.99999994039535522
  ],
  "exposureDuration" : 0.01666666753590107,
  "motionQuality" : 0.96448087692260742,
  "frame_index" : 4,
  "cameraGrain" : 0
}