{
  "cameraGrain" : 0,
  "intrinsics" : [
    1518.7352294921875,
    0,
    967.44683837890625,
    0,
    1518.7352294921875,
    717.5845947265625,
    0,
    0,
    1
  ],
  "exposureDuration" : 0.01666666753590107,
  "time" : 55245.843632083343,
  "averageVelocity" : 0.05592774972319603,
  "averageAngularVelocity" : 0.1228744313120842,
  "frame_index" : 17,
  "cameraPoseARFrame" : [
    0.26207047700881958,
    -0.49585804343223572,
    0.82791543006896973,
    0.27156877517700195,
    -0.93846410512924194,
    0.069030486047267914,
    0.33840784430503845,
    0.10269191861152649,
    -0.22495366632938385,
    -0.86565560102462769,
    -0.44725412130355835,
    -0.087052203714847565,
    0,
    0,
    0,
    0.99999994039535522
  ],
  "motionQuality" : 0.96489304304122925,
  "projectionMatrix" : [
    1.5820158720016479,
    0,
    -0.0082780122756958008,
    0,
    0,
    2.1093544960021973,
    -0.0026602745056152344,
    0,
    0,
    0,
    -0.9999997615814209,
    -0.00099999981466680765,
    0,
    0,
    -1,
    0
  ]
}