{
  "cameraGrain" : 0,
  "projectionMatrix" : [
    1.565268874168396,
    0,
    -0.0074819326400756836,
    0,
    0,
    2.0870251655578613,
    -0.0047321319580078125,
    0,
    0,
    0,
    -0.9999997615814209,
    -0.00099999981466680765,
    0,
    0,
    -1,
    0
  ],
  "time" : 55259.478907041681,
  "motionQuality" : 0.96610605716705322,
  "cameraPoseARFrame" : [
    -0.56671935319900513,
    0.025775311514735222,
    -0.82350778579711914,
    -0.036878574639558792,
    -0.81922268867492676,
    -0.12410349398851395,
    0.55988603830337524,
    0.10469290614128113,
    -0.087768949568271637,
    0.99193441867828369,
    0.091447517275810242,
    0.021022794768214226,
    0,
    0,
    0,
    1
  ],
  "averageAngularVelocity" : 0.11862889677286148,
  "averageVelocity" : 0.050911907106637955,
  "exposureDuration" : 0.01666666753590107,
  "frame_index" : 43,
  "intrinsics" : [
    1502.6580810546875,
    0,
    966.68267822265625,
    0,
    1502.6580810546875,
    716.0928955078125,
    0,
    0,
    1
  ]
}