{
  "intrinsics" : [
    1488.378173828125,
    0,
    966.7791748046875,
    0,
    1488.378173828125,
    717.0091552734375,
    0,
    0,
    1
  ],
  "averageVelocity" : 0.061883434653282166,
  "motionQuality" : 0.95205420255661011,
  "cameraPoseARFrame" : [
    -0.1722739040851593,
    0.94856631755828857,
    -0.2656005322933197,
    0.069054581224918365,
    -0.85794985294342041,
    -0.012009534984827042,
    0.51359301805496216,
    0.099846944212913513,
    0.48398733139038086,
    0.31635048985481262,
    0.81589138507843018,
    0.17369405925273895,
    0,
    0,
    0,
    0.99999994039535522
  ],
  "cameraGrain" : 0,
  "exposureDuration" : 0.01666666753590107,
  "frame_index" : 54,
  "projectionMatrix" : [
    1.5503939390182495,
    0,
    -0.0075824260711669922,
    0,
    0,
    2.0671918392181396,
    -0.0034594535827636719,
    0,
    0,
    0,
    -0.9999997615814209,
    -0.00099999981466680765,
    0,
    0,
    -1,
    0
  ],
  "time" : 55265.279133666678,
  "averageAngularVelocity" : 0.16781026124954224
}