{
  "projectionMatrix" : [
    1.5637032985687256,
    0,
    -0.0079276561737060547,
    0,
    0,
    2.0849378108978271,
    -0.0030014514923095703,
    0,
    0,
    0,
    -0.9999997615814209,
    -0.00099999981466680765,
    0,
    0,
    -1,
    0
  ],
  "motionQuality" : 0.97048819065093994,
  "intrinsics" : [
    1501.1551513671875,
    0,
    967.11053466796875,
    0,
    1501.1551513671875,
    717.3389892578125,
    0,
    0,
    1
  ],
  "time" : 55255.809596333347,
  "averageAngularVelocity" : 0.10329142957925797,
  "cameraPoseARFrame" : [
    -0.43751531839370728,
    -0.38765466213226318,
    -0.81135952472686768,
    -0.02324315719306469,
    -0.88794565200805664,
    0.043874491006135941,
    0.45785090327262878,
    0.11562369763851166,
    -0.14188998937606812,
    0.92076003551483154,
    -0.36341193318367004,
    -0.045065663754940033,
    0,
    0,
    0,
    0.99999994039535522
  ],
  "cameraGrain" : 0,
  "exposureDuration" : 0.01666666753590107,
  "frame_index" : 36,
  "averageVelocity" : 0
}