{
  "averageVelocity" : 0,
  "time" : 55238.593391958348,
  "averageAngularVelocity" : 0.16687849164009094,
  "intrinsics" : [
    1515.28955078125,
    0,
    966.51519775390625,
    0,
    1515.28955078125,
    717.4085693359375,
    0,
    0,
    1
  ],
  "projectionMatrix" : [
    1.5784265995025635,
    0,
    -0.0073075294494628906,
    0,
    0,
    2.1045687198638916,
    -0.0029047727584838867,
    0,
    0,
    0,
    -0.9999997615814209,
    -0.00099999981466680765,
    0,
    0,
    -1,
    0
  ],
  "cameraPoseARFrame" : [
    0.37605544924736023,
    0.77294927835464478,
    0.51101046800613403,
    0.186592698097229,
    -0.84376353025436401,
    0.0577351413667202,
    0.53360068798065186,
    0.12050586938858032,
    0.38294309377670288,
    -0.63183534145355225,
    0.67389810085296631,
    0.11602670699357986,
    0,
    0,
    0,
    1
  ],
  "exposureDuration" : 0.01666666753590107,
  "motionQuality" : 0.95232045650482178,
  "frame_index" : 3,
  "cameraGrain" : 0
}