{
  "exposureDuration" : 0.01666666753590107,
  "time" : 55248.976339916677,
  "projectionMatrix" : [
    1.5675195455551147,
    0,
    -0.0082962512969970703,
    0,
    0,
    2.0900259017944336,
    -0.002825617790222168,
    0,
    0,
    0,
    -0.9999997615814209,
    -0.00099999981466680765,
    0,
    0,
    -1,
    0
  ],
  "motionQuality" : 0.92849540710449219,
  "averageVelocity" : 0.075509525835514069,
  "cameraPoseARFrame" : [
    0.017304971814155579,
    -0.97835302352905273,
    0.20621801912784576,
    0.13999992609024048,
    -0.92768722772598267,
    0.061222702264785767,
    0.36830428242683411,
    0.10484962165355682,
    -0.37295684218406677,
    -0.19767940044403076,
    -0.90654623508453369,
    -0.13184249401092529,
    0,
    0,
    0,
    0.99999994039535522
  ],
  "cameraGrain" : 0,
  "frame_index" : 23,
  "intrinsics" : [
    1504.8187255859375,
    0,
    967.46441650390625,
    0,
    1504.8187255859375,
    717.46551513671875,
    0,
    0,
    1
  ],
  "averageAngularVelocity" : 0.25026598572731018
}