{
  "time" : 321747.7258614584,
  "frame_index" : 7,
  "projectionMatrix" : [
    1.544243335723877,
    0,
    -0.0019775629043579102,
    0,
    0,
    2.0589911937713623,
    -0.0041835308074951172,
    0,
    0,
    0,
    -0.9999997615814209,
    -0.00099999981466680765,
    0,
    0,
    -1,
    0
  ],
  "intrinsics" : [
    1482.4736328125,
    0,
    961.39849853515625,
    0,
    1482.4736328125,
    716.48785400390625,
    0,
    0,
    1
  ],
  "motionQuality" : 0.96621060371398926,
  "cameraGrain" : 0,
  "cameraPoseARFrame" : [
    0.16120217740535736,
    0.98684298992156982,
    -0.012422812171280384,
    0.0035883651580661535,
    -0.25219681859016418,
    0.05335969477891922,
    0.96620357036590576,
    0.17112709581851959,
    0.95415431261062622,
    -0.1526210755109787,
    0.2574804425239563,
    0.063693605363368988,
    0,
    0,
    0,
    0.99999988079071045
  ],
  "averageVelocity" : 0.062200885266065598,
  "exposureDuration" : 0.01666666753590107,
  "averageAngularVelocity" : 0.11826291680335999
}