{
  "exposureDuration" : 0.01666666753590107,
  "averageVelocity" : 0.043733537197113037,
  "cameraGrain" : 0,
  "time" : 321751.42398375005,
  "frame_index" : 14,
  "intrinsics" : [
    1465.3258056640625,
    0,
    961.12664794921875,
    0,
    1465.3258056640625,
    716.27716064453125,
    0,
    0,
    1
  ],
  "motionQuality" : 0.95963728427886963,
  "averageAngularVelocity" : 0.1412695050239563,
  "projectionMatrix" : [
    1.5263810157775879,
    0,
    -0.0016944408416748047,
    0,
    0,
    2.0351748466491699,
    -0.0044761896133422852,
    0,
    0,
    0,
    -0.9999997615814209,
    -0.00099999981466680765,
    0,
    0,
    -1,
    0
  ],
  "cameraPoseARFrame" : [
    -0.73580318689346313,
    0.65473192930221558,
    -0.17297299206256866,
    -0.031785361468791962,
    -0.21807624399662018,
    0.012729273177683353,
    0.9758487343788147,
    0.2351270467042923,
    0.64112114906311035,
    0.75575393438339233,
    0.13341526687145233,
    -0.0016558462521061301,
    0,
    0,
    0,
    0.99999988079071045
  ]
}