{
  "time" : 321749.82604283339,
  "frame_index" : 11,
  "projectionMatrix" : [
    1.5314042568206787,
    0,
    -0.0016707181930541992,
    0,
    0,
    2.0418722629547119,
    -0.0046398639678955078,
    0,
    0,
    0,
    -0.9999997615814209,
    -0.00099999981466680765,
    0,
    0,
    -1,
    0
  ],
  "averageAngularVelocity" : 0.20721594989299774,
  "averageVelocity" : 0.054698977619409561,
  "exposureDuration" : 0.01666666753590107,
  "intrinsics" : [
    1470.1480712890625,
    0,
    961.10394287109375,
    0,
    1470.1480712890625,
    716.1593017578125,
    0,
    0,
    1
  ],
  "cameraGrain" : 0,
  "motionQuality" : 0.9407954216003418,
  "cameraPoseARFrame" : [
    -0.34488251805305481,
    0.93485528230667114,
    -0.084270291030406952,
    -0.005366769153624773,
    -0.21804361045360565,
    0.0075314091518521309,
    0.97590988874435425,
    0.21154440939426422,
    0.91296935081481934,
    0.35494890809059143,
    0.20124179124832153,
    0.042950134724378586,
    0,
    0,
    0,
    0.99999988079071045
  ]
}