{
  "cameraPoseARFrame" : [
    0.38316106796264648,
    0.92311501502990723,
    0.032342039048671722,
    0.012216388247907162,
    -0.25764787197113037,
    0.073187284171581268,
    0.96346306800842285,
    0.16604520380496979,
    0.88702034950256348,
    -0.37749436497688293,
    0.26588121056556702,
    0.059067633002996445,
    0,
    0,
    0,
    0.99999988079071045
  ],
  "cameraGrain" : 0,
  "intrinsics" : [
    1483.4259033203125,
    0,
    961.33758544921875,
    0,
    1483.4259033203125,
    716.55389404296875,
    0,
    0,
    1
  ],
  "averageAngularVelocity" : 0,
  "motionQuality" : 0.99747473001480103,
  "exposureDuration" : 0.01666666753590107,
  "averageVelocity" : 0.0088384794071316719,
  "frame_index" : 4,
  "projectionMatrix" : [
    1.545235276222229,
    0,
    -0.0019141435623168945,
    0,
    0,
    2.0603137016296387,
    -0.0040918588638305664,
    0,
    0,
    0,
    -0.9999997615814209,
    -0.00099999981466680765,
    0,
    0,
    -1,
    0
  ],
  "time" : 321746.19260308339
}