{
  "motionQuality" : 0.96513819694519043,
  "time" : 321760.79246908339,
  "intrinsics" : [
    1469.0810546875,
    0,
    960.7022705078125,
    0,
    1469.0810546875,
    716.701904296875,
    0,
    0,
    1
  ],
  "frame_index" : 32,
  "cameraPoseARFrame" : [
    0.59557217359542847,
    -0.78537529706954956,
    0.16875813901424408,
    0.042967110872268677,
    -0.16615484654903412,
    0.085098534822463989,
    0.98242086172103882,
    0.20610268414020538,
    -0.78593021631240845,
    -0.61314249038696289,
    -0.079811610281467438,
    -0.016314007341861725,
    0,
    0,
    0,
    0.99999988079071045
  ],
  "averageVelocity" : 0,
  "exposureDuration" : 0.01666666753590107,
  "projectionMatrix" : [
    1.5302927494049072,
    0,
    -0.0012524127960205078,
    0,
    0,
    2.0403902530670166,
    -0.0038862228393554688,
    0,
    0,
    0,
    -0.9999997615814209,
    -0.00099999981466680765,
    0,
    0,
    -1,
    0
  ],
  "cameraGrain" : 0,
  "averageAngularVelocity" : 0.12201626598834991
}