{
  "frame_index" : 25,
  "cameraGrain" : 0,
  "cameraPoseARFrame" : [
    -0.32748162746429443,
    -0.94204986095428467,
    0.072784818708896637,
    0.0058844494633376598,
    -0.099232234060764313,
    0.11089763045310974,
    0.98886537551879883,
    0.19053663313388824,
    -0.93963223695755005,
    0.31661254167556763,
    -0.12979868054389954,
    -0.03560875728726387,
    0,
    0,
    0,
    0.99999988079071045
  ],
  "intrinsics" : [
    1474.5650634765625,
    0,
    960.2169189453125,
    0,
    1474.5650634765625,
    716.68701171875,
    0,
    0,
    1
  ],
  "motionQuality" : 0.98638856410980225,
  "projectionMatrix" : [
    1.5360052585601807,
    0,
    -0.00074684619903564453,
    0,
    0,
    2.0480070114135742,
    -0.0039069652557373047,
    0,
    0,
    0,
    -0.9999997615814209,
    -0.00099999981466680765,
    0,
    0,
    -1,
    0
  ],
  "averageAngularVelocity" : 0,
  "time" : 321757.12651387509,
  "averageVelocity" : 0,
  "exposureDuration" : 0.01666666753590107
}