{
  "exposureDuration" : 0.01666666753590107,
  "frame_index" : 3,
  "averageAngularVelocity" : 0.054548665881156921,
  "cameraPoseARFrame" : [
    0.38398203253746033,
    0.92264825105667114,
    0.035745512694120407,
    0.010957876220345497,
    -0.25806185603141785,
    0.070067115128040314,
    0.96358424425125122,
    0.1675199419260025,
    0.88654488325119019,
    -0.37922355532646179,
    0.26500490307807922,
    0.058257345110177994,
    0,
    0,
    0,
    0.99999988079071045
  ],
  "intrinsics" : [
    1484.6497802734375,
    0,
    961.3468017578125,
    0,
    1484.6497802734375,
    716.48284912109375,
    0,
    0,
    1
  ],
  "motionQuality" : 0.98441469669342041,
  "projectionMatrix" : [
    1.5465102195739746,
    0,
    -0.0019237995147705078,
    0,
    0,
    2.0620136260986328,
    -0.0041904449462890625,
    0,
    0,
    0,
    -0.9999997615814209,
    -0.00099999981466680765,
    0,
    0,
    -1,
    0
  ],
  "time" : 321745.69071891671,
  "averageVelocity" : 0,
  "cameraGrain" : 0
}