{
  "frame_index" : 8,
  "intrinsics" : [
    1480.7564697265625,
    0,
    961.3675537109375,
    0,
    1480.7564697265625,
    716.43048095703125,
    0,
    0,
    1
  ],
  "projectionMatrix" : [
    1.5424546003341675,
    0,
    -0.0019453763961791992,
    0,
    0,
    2.0566062927246094,
    -0.0042631626129150391,
    0,
    0,
    0,
    -0.9999997615814209,
    -0.00099999981466680765,
    0,
    0,
    -1,
    0
  ],
  "time" : 321748.22604837507,
  "motionQuality" : 0.95203506946563721,
  "exposureDuration" : 0.01666666753590107,
  "cameraPoseARFrame" : [
    0.0079260263592004776,
    0.99824428558349609,
    -0.058696072548627853,
    -0.0066698361188173294,
    -0.25213450193405151,
    0.058796435594558716,
    0.96590423583984375,
    0.18006201088428497,
    0.96765965223312378,
    0.0071435356512665749,
    0.25215789675712585,
    0.053402524441480637,
    0,
    0,
    0,
    0.9999997615814209
  ],
  "cameraGrain" : 0,
  "averageVelocity" : 0,
  "averageAngularVelocity" : 0.16787730157375336
}