{
  "exposureDuration" : 0.01666666753590107,
  "frame_index" : 23,
  "intrinsics" : [
    1473.0277099609375,
    0,
    960.40545654296875,
    0,
    1473.0277099609375,
    716.587890625,
    0,
    0,
    1
  ],
  "averageVelocity" : 0.01399630680680275,
  "motionQuality" : 0.96560519933700562,
  "cameraPoseARFrame" : [
    -0.66839665174484253,
    -0.74378800392150879,
    0.00502751674503088,
    0.0068303486332297325,
    -0.069589413702487946,
    0.069262407720088959,
    0.99516832828521729,
    0.19328399002552032,
    -0.74054259061813354,
    0.664817214012146,
    -0.098054550588130951,
    -0.030439531430602074,
    0,
    0,
    0,
    0.99999988079071045
  ],
  "time" : 321756.09358004172,
  "projectionMatrix" : [
    1.534403920173645,
    0,
    -0.00094318389892578125,
    0,
    0,
    2.0458717346191406,
    -0.004044651985168457,
    0,
    0,
    0,
    -0.9999997615814209,
    -0.00099999981466680765,
    0,
    0,
    -1,
    0
  ],
  "averageAngularVelocity" : 0.12038180977106094,
  "cameraGrain" : 0.05551866814494133
}