{
  "exposureDuration" : 0.01666666753590107,
  "motionQuality" : 0.96374130249023438,
  "projectionMatrix" : [
    1.5343879461288452,
    0,
    -0.0012166500091552734,
    0,
    0,
    2.0458505153656006,
    -0.0040642023086547852,
    0,
    0,
    0,
    -0.9999997615814209,
    -0.00099999981466680765,
    0,
    0,
    -1,
    0
  ],
  "cameraGrain" : 0,
  "frame_index" : 30,
  "intrinsics" : [
    1473.012451171875,
    0,
    960.66802978515625,
    0,
    1473.012451171875,
    716.57379150390625,
    0,
    0,
    1
  ],
  "time" : 321759.75987979176,
  "cameraPoseARFrame" : [
    0.37717017531394958,
    -0.91486895084381104,
    0.14407335221767426,
    0.039852529764175415,
    -0.15531100332736969,
    0.090879537165164948,
    0.98367643356323242,
    0.19012404978275299,
    -0.91302847862243652,
    -0.39338964223861694,
    -0.10781218856573105,
    -0.028995418921113014,
    0,
    0,
    0,
    0.9999997615814209
  ],
  "averageVelocity" : 0,
  "averageAngularVelocity" : 0.12690535187721252
}