{
  "averageAngularVelocity" : 0.3125683069229126,
  "cameraGrain" : 0,
  "cameraPoseARFrame" : [
    0.22405512630939484,
    0.36376091837882996,
    0.90414446592330933,
    0.22050115466117859,
    -0.95915514230728149,
    -0.082080289721488953,
    0.270710289478302,
    0.30793145298957825,
    0.17268632352352142,
    -0.92786896228790283,
    0.33051276206970215,
    0.097615443170070648,
    0,
    0,
    0,
    0.99999994039535522
  ],
  "projectionMatrix" : [
    1.5354554653167725,
    0,
    -0.0078781843185424805,
    0,
    0,
    2.0472738742828369,
    -0.0059534311294555664,
    0,
    0,
    0,
    -0.9999997615814209,
    -0.00099999981466680765,
    0,
    0,
    -1,
    0
  ],
  "intrinsics" : [
    1474.0372314453125,
    0,
    967.0631103515625,
    0,
    1474.0372314453125,
    715.2135009765625,
    0,
    0,
    1
  ],
  "exposureDuration" : 0.01666666753590107,
  "time" : 918569.77872020856,
  "frame_index" : 54,
  "motionQuality" : 0.91069477796554565,
  "averageVelocity" : 0
}