{
  "exposureDuration" : 0.01666666753590107,
  "averageAngularVelocity" : 0.28431427478790283,
  "projectionMatrix" : [
    1.5151950120925903,
    0,
    -0.0065768957138061523,
    0,
    0,
    2.0202598571777344,
    -0.0049307346343994141,
    0,
    0,
    0,
    -0.9999997615814209,
    -0.00099999981466680765,
    0,
    0,
    -1,
    0
  ],
  "cameraGrain" : 0.0069077629595994949,
  "frame_index" : 39,
  "cameraPoseARFrame" : [
    -0.39587771892547607,
    0.8392488956451416,
    -0.37274926900863647,
    -0.11636932194232941,
    -0.73480129241943359,
    -0.046047773212194443,
    0.67671746015548706,
    0.4018808901309967,
    0.55077016353607178,
    0.54179412126541138,
    0.63491052389144897,
    0.21160191297531128,
    0,
    0,
    0,
    0.99999994039535522
  ],
  "averageVelocity" : 0.13424347341060638,
  "intrinsics" : [
    1454.587158203125,
    0,
    965.8138427734375,
    0,
    1454.587158203125,
    715.94989013671875,
    0,
    0,
    1
  ],
  "time" : 918561.94269866683,
  "motionQuality" : 0.91876733303070068
}