{
  "exposureDuration" : 0.01666666753590107,
  "time" : 918576.07859791687,
  "projectionMatrix" : [
    1.523906946182251,
    0,
    -0.0079653263092041016,
    0,
    0,
    2.0318758487701416,
    -0.0054004192352294922,
    0,
    0,
    0,
    -0.9999997615814209,
    -0.00099999981466680765,
    0,
    0,
    -1,
    0
  ],
  "averageAngularVelocity" : 0.25026130676269531,
  "motionQuality" : 0.92849677801132202,
  "intrinsics" : [
    1462.95068359375,
    0,
    967.14666748046875,
    0,
    1462.95068359375,
    715.6116943359375,
    0,
    0,
    1
  ],
  "averageVelocity" : 0.14520587027072906,
  "cameraGrain" : 0,
  "frame_index" : 66,
  "cameraPoseARFrame" : [
    -0.059809111058712006,
    -0.65353775024414062,
    -0.75452703237533569,
    -0.17244920134544373,
    -0.97857707738876343,
    -0.1107892245054245,
    0.17352959513664246,
    0.2976323664188385,
    -0.19700163602828979,
    0.74874156713485718,
    -0.6329110860824585,
    -0.1453583836555481,
    0,
    0,
    0,
    0.99999994039535522
  ]
}