{
  "averageAngularVelocity" : 0.35560497641563416,
  "projectionMatrix" : [
    1.5293565988540649,
    0,
    -0.0063840150833129883,
    0,
    0,
    2.0391421318054199,
    -0.0060925483703613281,
    0,
    0,
    0,
    -0.9999997615814209,
    -0.00099999981466680765,
    0,
    0,
    -1,
    0
  ],
  "intrinsics" : [
    1468.182373046875,
    0,
    965.62860107421875,
    0,
    1468.182373046875,
    715.11334228515625,
    0,
    0,
    1
  ],
  "cameraGrain" : 0,
  "frame_index" : 28,
  "exposureDuration" : 0.01666666753590107,
  "cameraPoseARFrame" : [
    -0.17823593318462372,
    -0.8644823431968689,
    -0.47000226378440857,
    -0.10061023384332657,
    -0.80036550760269165,
    -0.15049035847187042,
    0.58031672239303589,
    0.35376909375190735,
    -0.57240450382232666,
    0.47960683703422546,
    -0.66507929563522339,
    -0.16899995505809784,
    0,
    0,
    0,
    0.99999994039535522
  ],
  "motionQuality" : 0.89839857816696167,
  "averageVelocity" : 0.11340920627117157,
  "time" : 918556.14213487518
}