{
  "averageAngularVelocity" : 0.47010275721549988,
  "time" : 918559.84310608357,
  "cameraGrain" : 0.0069818771444261074,
  "cameraPoseARFrame" : [
    -0.54692405462265015,
    0.43121340870857239,
    -0.71758550405502319,
    -0.17358005046844482,
    -0.81156915426254272,
    -0.062691941857337952,
    0.58088290691375732,
    0.36495950818061829,
    0.20549768209457397,
    0.90006923675537109,
    0.38424739241600037,
    0.093970648944377899,
    0,
    0,
    0,
    0.99999994039535522
  ],
  "projectionMatrix" : [
    1.5227319002151489,
    0,
    -0.006724238395690918,
    0,
    0,
    2.0303092002868652,
    -0.0050777196884155273,
    0,
    0,
    0,
    -0.9999997615814209,
    -0.00099999981466680765,
    0,
    0,
    -1,
    0
  ],
  "exposureDuration" : 0.01666666753590107,
  "frame_index" : 35,
  "averageVelocity" : 0.11349350959062576,
  "motionQuality" : 0.86568492650985718,
  "intrinsics" : [
    1461.8226318359375,
    0,
    965.955322265625,
    0,
    1461.8226318359375,
    715.84405517578125,
    0,
    0,
    1
  ]
}