{
  "exposureDuration" : 0.01666666753590107,
  "averageVelocity" : 0,
  "frame_index" : 41,
  "intrinsics" : [
    1463.493896484375,
    0,
    964.89154052734375,
    0,
    1463.493896484375,
    716.05609130859375,
    0,
    0,
    1
  ],
  "cameraGrain" : 0,
  "projectionMatrix" : [
    1.5244728326797485,
    0,
    -0.0056161880493164062,
    0,
    0,
    2.032630443572998,
    -0.0047831535339355469,
    0,
    0,
    0,
    -0.9999997615814209,
    -0.00099999981466680765,
    0,
    0,
    -1,
    0
  ],
  "time" : 918563.00948266685,
  "motionQuality" : 0.97955536842346191,
  "averageAngularVelocity" : 0.071556203067302704,
  "cameraPoseARFrame" : [
    -0.42027872800827026,
    0.83106863498687744,
    -0.36426728963851929,
    -0.094789251685142517,
    -0.66068899631500244,
    -0.0051007317379117012,
    0.75064235925674438,
    0.40853098034858704,
    0.62197732925415039,
    0.55614650249481201,
    0.55122160911560059,
    0.15673984587192535,
    0,
    0,
    0,
    0.99999982118606567
  ]
}