{
  "averageAngularVelocity" : 0.31049051880836487,
  "projectionMatrix" : [
    1.530328631401062,
    0,
    -0.0065327882766723633,
    0,
    0,
    2.040438175201416,
    -0.0054168701171875,
    0,
    0,
    0,
    -0.9999997615814209,
    -0.00099999981466680765,
    0,
    0,
    -1,
    0
  ],
  "intrinsics" : [
    1469.115478515625,
    0,
    965.771484375,
    0,
    1469.115478515625,
    715.599853515625,
    0,
    0,
    1
  ],
  "cameraGrain" : 0,
  "frame_index" : 27,
  "exposureDuration" : 0.01666666753590107,
  "cameraPoseARFrame" : [
    -0.0481390580534935,
    -0.96411377191543579,
    -0.26108855009078979,
    -0.034411303699016571,
    -0.79076635837554932,
    -0.12290614098310471,
    0.5996519923210144,
    0.33447280526161194,
    -0.61022228002548218,
    0.23532670736312866,
    -0.75647228956222534,
    -0.18507178127765656,
    0,
    0,
    0,
    0.99999994039535522
  ],
  "motionQuality" : 0.91128844022750854,
  "averageVelocity" : 0.16466611623764038,
  "time" : 918555.61009441689
}