{
  "averageAngularVelocity" : 0.25602322816848755,
  "projectionMatrix" : [
    1.5337386131286621,
    0,
    -0.0045548677444458008,
    0,
    0,
    2.0449848175048828,
    -0.0049375295639038086,
    0,
    0,
    0,
    -0.9999997615814209,
    -0.00099999981466680765,
    0,
    0,
    -1,
    0
  ],
  "intrinsics" : [
    1472.3890380859375,
    0,
    963.87261962890625,
    0,
    1472.3890380859375,
    715.94500732421875,
    0,
    0,
    1
  ],
  "cameraGrain" : 0.01665126346051693,
  "frame_index" : 20,
  "exposureDuration" : 0.01666666753590107,
  "cameraPoseARFrame" : [
    0.34904152154922485,
    -0.88613057136535645,
    0.30486464500427246,
    0.093647599220275879,
    -0.60745459794998169,
    0.033770099282264709,
    0.79363620281219482,
    0.3940826952457428,
    -0.71356070041656494,
    -0.46220347285270691,
    -0.52649712562561035,
    -0.11622162908315659,
    0,
    0,
    0,
    0.99999994039535522
  ],
  "motionQuality" : 0.92685049772262573,
  "averageVelocity" : 0,
  "time" : 918551.90870154183
}