{
  "projectionMatrix" : [
    1.523329496383667,
    0,
    -0.0054804086685180664,
    0,
    0,
    2.0311059951782227,
    -0.0046229362487792969,
    0,
    0,
    0,
    -0.9999997615814209,
    -0.00099999981466680765,
    0,
    0,
    -1,
    0
  ],
  "cameraPoseARFrame" : [
    -0.41235965490341187,
    0.83875167369842529,
    -0.35560512542724609,
    -0.095267422497272491,
    -0.65723443031311035,
    -0.003583087120205164,
    0.75367766618728638,
    0.41537216305732727,
    0.63087427616119385,
    0.54450225830078125,
    0.55273407697677612,
    0.16487449407577515,
    0,
    0,
    0,
    0.99999994039535522
  ],
  "time" : 918564.57778158353,
  "motionQuality" : 0.99166041612625122,
  "averageAngularVelocity" : 0.029188515618443489,
  "exposureDuration" : 0.01666666753590107,
  "frame_index" : 44,
  "averageVelocity" : 0.0047606658190488815,
  "intrinsics" : [
    1462.3963623046875,
    0,
    964.76123046875,
    0,
    1462.3963623046875,
    716.1715087890625,
    0,
    0,
    1
  ],
  "cameraGrain" : 0.0097413202747702599
}