{
  "intrinsics" : [
    1481.9305419921875,
    0,
    964.03546142578125,
    0,
    1481.9305419921875,
    716.233154296875,
    0,
    0,
    1
  ],
  "time" : 918543.47390670853,
  "averageVelocity" : 0.016609750688076019,
  "averageAngularVelocity" : 0,
  "cameraGrain" : 0.00382254458963871,
  "frame_index" : 4,
  "cameraPoseARFrame" : [
    -0.2652069628238678,
    0.9437519907951355,
    -0.19747711718082428,
    -0.020248692482709885,
    -0.57535117864608765,
    0.0094514675438404083,
    0.81785184144973755,
    0.39670732617378235,
    0.77371585369110107,
    0.33051875233650208,
    0.54048240184783936,
    0.14232149720191956,
    0,
    0,
    0,
    0.99999994039535522
  ],
  "projectionMatrix" : [
    1.5436776876449585,
    0,
    -0.0047243833541870117,
    0,
    0,
    2.058236837387085,
    -0.0045373439788818359,
    0,
    0,
    0,
    -0.9999997615814209,
    -0.00099999981466680765,
    0,
    0,
    -1,
    0
  ],
  "exposureDuration" : 0.01666666753590107,
  "motionQuality" : 0.98460692167282104
}