{
  "exposureDuration" : 0.01666666753590107,
  "averageAngularVelocity" : 0.2190164178609848,
  "projectionMatrix" : [
    1.5199472904205322,
    0,
    -0.0067976713180541992,
    0,
    0,
    2.0265963077545166,
    -0.0050258636474609375,
    0,
    0,
    0,
    -0.9999997615814209,
    -0.00099999981466680765,
    0,
    0,
    -1,
    0
  ],
  "cameraGrain" : 0,
  "frame_index" : 38,
  "cameraPoseARFrame" : [
    -0.3506825864315033,
    0.8295971155166626,
    -0.43449988961219788,
    -0.15075522661209106,
    -0.81015694141387939,
    -0.036017104983329773,
    0.58510535955429077,
    0.38783255219459534,
    0.46975243091583252,
    0.55719947814941406,
    0.68473458290100098,
    0.23652268946170807,
    0,
    0,
    0,
    0.99999988079071045
  ],
  "averageVelocity" : 0.11584625393152237,
  "time" : 918561.40940466686,
  "intrinsics" : [
    1459.1494140625,
    0,
    966.0257568359375,
    0,
    1459.1494140625,
    715.88134765625,
    0,
    0,
    1
  ],
  "motionQuality" : 0.93742388486862183
}