{
  "averageAngularVelocity" : 0.095996879041194916,
  "projectionMatrix" : [
    1.5436458587646484,
    0,
    -0.0063626766204833984,
    0,
    0,
    2.0581943988800049,
    -0.0041490793228149414,
    0,
    0,
    0,
    -0.9999997615814209,
    -0.00099999981466680765,
    0,
    0,
    -1,
    0
  ],
  "intrinsics" : [
    1481.9000244140625,
    0,
    965.608154296875,
    0,
    1481.9000244140625,
    716.5126953125,
    0,
    0,
    1
  ],
  "cameraGrain" : 0.017908314242959023,
  "frame_index" : 23,
  "exposureDuration" : 0.01666666753590107,
  "cameraPoseARFrame" : [
    0.1737348735332489,
    -0.94138646125793457,
    0.28914940357208252,
    0.093197047710418701,
    -0.79502284526824951,
    0.039199862629175186,
    0.60531133413314819,
    0.29291978478431702,
    -0.58116668462753296,
    -0.33504414558410645,
    -0.74161350727081299,
    -0.15844853222370148,
    0,
    0,
    0,
    0.99999982118606567
  ],
  "motionQuality" : 0.97257232666015625,
  "averageVelocity" : 0.024510417133569717,
  "time" : 918553.47552954184
}