{
  "averageAngularVelocity" : 0.11426751315593719,
  "time" : 918559.3089948335,
  "cameraGrain" : 0.0082946773618459702,
  "cameraPoseARFrame" : [
    -0.56639337539672852,
    0.23078480362892151,
    -0.79116177558898926,
    -0.21522097289562225,
    -0.81983047723770142,
    -0.05979214608669281,
    0.56947588920593262,
    0.36843481659889221,
    0.084121085703372955,
    0.97116595506668091,
    0.22307027876377106,
    0.062003832310438156,
    0,
    0,
    0,
    0.99999994039535522
  ],
  "projectionMatrix" : [
    1.5222817659378052,
    0,
    -0.0066002607345581055,
    0,
    0,
    2.0297091007232666,
    -0.0056095123291015625,
    0,
    0,
    0,
    -0.9999997615814209,
    -0.00099999981466680765,
    0,
    0,
    -1,
    0
  ],
  "exposureDuration" : 0.01666666753590107,
  "frame_index" : 34,
  "averageVelocity" : 0,
  "motionQuality" : 0.96735215187072754,
  "intrinsics" : [
    1461.3905029296875,
    0,
    965.83624267578125,
    0,
    1461.3905029296875,
    715.46112060546875,
    0,
    0,
    1
  ]
}