{
  "averageVelocity" : 0.096904121339321136,
  "cameraPoseARFrame" : [
    0.093885146081447601,
    0.99241572618484497,
    0.079350337386131287,
    0.03211037814617157,
    -0.55657321214675903,
    -0.013765562325716019,
    0.83068454265594482,
    0.39430946111679077,
    0.82547676563262939,
    -0.12215317040681839,
    0.55105972290039062,
    0.13577082753181458,
    0,
    0,
    0,
    1
  ],
  "averageAngularVelocity" : 0.45446345210075378,
  "intrinsics" : [
    1480.775634765625,
    0,
    964.1943359375,
    0,
    1480.775634765625,
    716.25384521484375,
    0,
    0,
    1
  ],
  "motionQuality" : 0.87015330791473389,
  "frame_index" : 6,
  "exposureDuration" : 0.01666666753590107,
  "cameraGrain" : 0,
  "projectionMatrix" : [
    1.542474627494812,
    0,
    -0.0048899650573730469,
    0,
    0,
    2.0566327571868896,
    -0.0045084953308105469,
    0,
    0,
    0,
    -0.9999997615814209,
    -0.00099999981466680765,
    0,
    0,
    -1,
    0
  ],
  "time" : 918544.5074251669
}