{
  "averageAngularVelocity" : 0.40100830793380737,
  "projectionMatrix" : [
    1.5401244163513184,
    0,
    -0.007761836051940918,
    0,
    0,
    2.0534992218017578,
    -0.0053564310073852539,
    0,
    0,
    0,
    -0.9999997615814209,
    -0.00099999981466680765,
    0,
    0,
    -1,
    0
  ],
  "intrinsics" : [
    1478.5194091796875,
    0,
    966.95135498046875,
    0,
    1478.5194091796875,
    715.64337158203125,
    0,
    0,
    1
  ],
  "cameraGrain" : 0,
  "frame_index" : 59,
  "exposureDuration" : 0.01666666753590107,
  "cameraPoseARFrame" : [
    0.24087032675743103,
    -0.69808334112167358,
    0.6742854118347168,
    0.16962786018848419,
    -0.96799695491790771,
    -0.12236252427101135,
    0.21910972893238068,
    0.27006843686103821,
    -0.070449590682983398,
    -0.70548331737518311,
    -0.70521628856658936,
    -0.13554771244525909,
    0,
    0,
    0,
    0.99999982118606567
  ],
  "motionQuality" : 0.88542622327804565,
  "averageVelocity" : 0.1233137920498848,
  "time" : 918572.41024237522
}