{
  "intrinsics" : [
    1479.115966796875,
    0,
    964.1292724609375,
    0,
    1479.115966796875,
    716.1859130859375,
    0,
    0,
    1
  ],
  "time" : 918543.97575175017,
  "averageVelocity" : 0,
  "averageAngularVelocity" : 0.13453558087348938,
  "cameraGrain" : 0,
  "frame_index" : 5,
  "cameraPoseARFrame" : [
    -0.19815066456794739,
    0.96873044967651367,
    -0.14932335913181305,
    -0.01618417352437973,
    -0.57650494575500488,
    0.0080212345346808434,
    0.81705421209335327,
    0.39602485299110413,
    0.79270309209823608,
    0.24798555672168732,
    0.5568886399269104,
    0.14850349724292755,
    0,
    0,
    0,
    0.99999994039535522
  ],
  "projectionMatrix" : [
    1.5407458543777466,
    0,
    -0.0048221349716186523,
    0,
    0,
    2.0543277263641357,
    -0.0046029090881347656,
    0,
    0,
    0,
    -0.9999997615814209,
    -0.00099999981466680765,
    0,
    0,
    -1,
    0
  ],
  "exposureDuration" : 0.01666666753590107,
  "motionQuality" : 0.96156126260757446
}