{
  "motionQuality" : 0.90361648797988892,
  "projectionMatrix" : [
    1.5261657238006592,
    0,
    -0.0077015161514282227,
    0,
    0,
    2.0348877906799316,
    -0.0059865713119506836,
    0,
    0,
    0,
    -0.9999997615814209,
    -0.00099999981466680765,
    0,
    0,
    -1,
    0
  ],
  "time" : 918577.64555150014,
  "frame_index" : 69,
  "averageVelocity" : 0.035040531307458878,
  "intrinsics" : [
    1465.119140625,
    0,
    966.8934326171875,
    0,
    1465.119140625,
    715.18963623046875,
    0,
    0,
    1
  ],
  "averageAngularVelocity" : 0.33734223246574402,
  "cameraPoseARFrame" : [
    -0.17185333371162415,
    -0.25491005182266235,
    -0.95157098770141602,
    -0.18893985450267792,
    -0.96676135063171387,
    -0.14198547601699829,
    0.21263229846954346,
    0.30344846844673157,
    -0.18931141495704651,
    0.95648366212844849,
    -0.22203661501407623,
    -0.066951833665370941,
    0,
    0,
    0,
    0.99999994039535522
  ],
  "cameraGrain" : 0,
  "exposureDuration" : 0.01666666753590107
}