{
  "exposureDuration" : 0.01666666753590107,
  "projectionMatrix" : [
    1.5232895612716675,
    0,
    -0.0054557323455810547,
    0,
    0,
    2.031052827835083,
    -0.0046083927154541016,
    0,
    0,
    0,
    -0.9999997615814209,
    -0.00099999981466680765,
    0,
    0,
    -1,
    0
  ],
  "averageVelocity" : 0,
  "averageAngularVelocity" : 0.043211277574300766,
  "cameraGrain" : 0.011182730086147785,
  "frame_index" : 43,
  "cameraPoseARFrame" : [
    -0.41680768132209778,
    0.83460772037506104,
    -0.36014047265052795,
    -0.092444002628326416,
    -0.65710783004760742,
    -0.0028959859628230333,
    0.75379091501235962,
    0.41637137532234192,
    0.62807679176330566,
    0.55083709955215454,
    0.54963451623916626,
    0.16492876410484314,
    0,
    0,
    0,
    0.99999994039535522
  ],
  "motionQuality" : 0.98765391111373901,
  "time" : 918564.07593820849,
  "intrinsics" : [
    1462.3580322265625,
    0,
    964.737548828125,
    0,
    1462.3580322265625,
    716.18194580078125,
    0,
    0,
    1
  ]
}