{
  "exposureDuration" : 0.01666666753590107,
  "projectionMatrix" : [
    1.5238951444625854,
    0,
    -0.0054146051406860352,
    0,
    0,
    2.0318601131439209,
    -0.0047935247421264648,
    0,
    0,
    0,
    -0.9999997615814209,
    -0.00099999981466680765,
    0,
    0,
    -1,
    0
  ],
  "averageVelocity" : 0,
  "averageAngularVelocity" : 0.016157768666744232,
  "cameraGrain" : 0.011182730086147785,
  "frame_index" : 42,
  "cameraPoseARFrame" : [
    -0.41751593351364136,
    0.8322417140007019,
    -0.36476576328277588,
    -0.093486741185188293,
    -0.65813428163528442,
    -0.00017931932234205306,
    0.75290054082870483,
    0.41696706414222717,
    0.62652993202209473,
    0.55441290140151978,
    0.54780173301696777,
    0.15974441170692444,
    0,
    0,
    0,
    0.99999994039535522
  ],
  "time" : 918563.54472929181,
  "motionQuality" : 0.99538350105285645,
  "intrinsics" : [
    1462.9393310546875,
    0,
    964.69805908203125,
    0,
    1462.9393310546875,
    716.04864501953125,
    0,
    0,
    1
  ]
}