{
  "motionQuality" : 0.79243874549865723,
  "averageVelocity" : 0.1711750328540802,
  "intrinsics" : [
    1471.2265625,
    0,
    966.72698974609375,
    0,
    1471.2265625,
    715.40704345703125,
    0,
    0,
    1
  ],
  "time" : 918569.27784900018,
  "exposureDuration" : 0.01666666753590107,
  "cameraPoseARFrame" : [
    0.16749264299869537,
    0.58806204795837402,
    0.7912832498550415,
    0.20237460732460022,
    -0.95369023084640503,
    -0.10675588250160217,
    0.28120803833007812,
    0.28956630825996399,
    0.24984194338321686,
    -0.80173927545547485,
    0.54294836521148682,
    0.13252462446689606,
    0,
    0,
    0,
    0.99999988079071045
  ],
  "averageAngularVelocity" : 0.72646439075469971,
  "projectionMatrix" : [
    1.5325276851654053,
    0,
    -0.0075280666351318359,
    0,
    0,
    2.043370246887207,
    -0.0056846141815185547,
    0,
    0,
    0,
    -0.9999997615814209,
    -0.00099999981466680765,
    0,
    0,
    -1,
    0
  ],
  "cameraGrain" : 0,
  "frame_index" : 53
}