{
  "time" : 918570.81181762519,
  "averageAngularVelocity" : 0.40926116704940796,
  "exposureDuration" : 0.01666666753590107,
  "projectionMatrix" : [
    1.5261936187744141,
    0,
    -0.007653355598449707,
    0,
    0,
    2.0349247455596924,
    -0.0053058862686157227,
    0,
    0,
    0,
    -0.9999997615814209,
    -0.00099999981466680765,
    0,
    0,
    -1,
    0
  ],
  "cameraGrain" : 0,
  "motionQuality" : 0.8830682635307312,
  "cameraPoseARFrame" : [
    0.23624591529369354,
    -0.05725107342004776,
    0.9700050950050354,
    0.27146327495574951,
    -0.97126531600952148,
    -0.043533068150281906,
    0.23398345708847046,
    0.29664495587348938,
    0.028831502422690392,
    -0.9974101185798645,
    -0.065890498459339142,
    -0.015391864813864231,
    0,
    0,
    0,
    0.99999982118606567
  ],
  "intrinsics" : [
    1465.1458740234375,
    0,
    966.84722900390625,
    0,
    1465.1458740234375,
    715.67974853515625,
    0,
    0,
    1
  ],
  "frame_index" : 56,
  "averageVelocity" : 0.11573877930641174
}