{
  "averageVelocity" : 0.013673870824277401,
  "cameraPoseARFrame" : [
    -0.25519174337387085,
    0.94821065664291382,
    -0.1891394704580307,
    -0.018332067877054214,
    -0.56570917367935181,
    0.012216520495712757,
    0.82451426982879639,
    0.39280182123184204,
    0.78412383794784546,
    0.31740725040435791,
    0.53329408168792725,
    0.12899821996688843,
    0,
    0,
    0,
    1
  ],
  "motionQuality" : 0.98276883363723755,
  "frame_index" : 2,
  "exposureDuration" : 0.01666666753590107,
  "projectionMatrix" : [
    1.5489041805267334,
    0,
    -0.004698634147644043,
    0,
    0,
    2.0652055740356445,
    -0.0044693946838378906,
    0,
    0,
    0,
    -0.9999997615814209,
    -0.00099999981466680765,
    0,
    0,
    -1,
    0
  ],
  "averageAngularVelocity" : 0,
  "cameraGrain" : 0,
  "intrinsics" : [
    1486.947998046875,
    0,
    964.01068115234375,
    0,
    1486.947998046875,
    716.28204345703125,
    0,
    0,
    1
  ],
  "time" : 918542.40786420857
}