{
  "cameraGrain" : 0,
  "time" : 918549.24180508358,
  "intrinsics" : [
    1469.505615234375,
    0,
    964.05120849609375,
    0,
    1469.505615234375,
    715.65411376953125,
    0,
    0,
    1
  ],
  "averageVelocity" : 0.032726690173149109,
  "exposureDuration" : 0.01666666753590107,
  "frame_index" : 15,
  "cameraPoseARFrame" : [
    0.50022405385971069,
    -0.79366964101791382,
    0.34621426463127136,
    0.10289748013019562,
    -0.59455358982086182,
    -0.024140937253832817,
    0.80369341373443604,
    0.42126575112342834,
    -0.62950915098190308,
    -0.60786980390548706,
    -0.48395511507987976,
    -0.088429994881153107,
    0,
    0,
    0,
    0.99999988079071045
  ],
  "motionQuality" : 0.95351201295852661,
  "projectionMatrix" : [
    1.5307350158691406,
    0,
    -0.0047408342361450195,
    0,
    0,
    2.0409801006317139,
    -0.0053415298461914062,
    0,
    0,
    0,
    -0.9999997615814209,
    -0.00099999981466680765,
    0,
    0,
    -1,
    0
  ],
  "averageAngularVelocity" : 0.1627078652381897
}