{
  "averageAngularVelocity" : 0.29093068838119507,
  "projectionMatrix" : [
    1.5331969261169434,
    0,
    -0.004900813102722168,
    0,
    0,
    2.0442624092102051,
    -0.0047800540924072266,
    0,
    0,
    0,
    -0.9999997615814209,
    -0.00099999981466680765,
    0,
    0,
    -1,
    0
  ],
  "intrinsics" : [
    1471.8690185546875,
    0,
    964.204833984375,
    0,
    1471.8690185546875,
    716.058349609375,
    0,
    0,
    1
  ],
  "cameraGrain" : 0,
  "frame_index" : 9,
  "exposureDuration" : 0.01666666753590107,
  "cameraPoseARFrame" : [
    0.58402305841445923,
    0.71163338422775269,
    0.39050596952438354,
    0.14322808384895325,
    -0.56223255395889282,
    0.0076306238770484924,
    0.82694387435913086,
    0.41101947426795959,
    0.58550125360488892,
    -0.70250946283340454,
    0.40455996990203857,
    0.11148914694786072,
    0,
    0,
    0,
    0.99999994039535522
  ],
  "motionQuality" : 0.91687697172164917,
  "averageVelocity" : 0.11715301871299744,
  "time" : 918546.04359058349
}