{
  "frame_index" : 47,
  "intrinsics" : [
    1474.6070556640625,
    0,
    966.74822998046875,
    0,
    1474.6070556640625,
    715.25537109375,
    0,
    0,
    1
  ],
  "cameraPoseARFrame" : [
    -0.2572459876537323,
    0.87367498874664307,
    -0.41293618083000183,
    -0.08316667377948761,
    -0.93973314762115479,
    -0.12657774984836578,
    0.3176150918006897,
    0.27717199921607971,
    0.22522386908531189,
    0.46975517272949219,
    0.85358309745788574,
    0.2031542956829071,
    0,
    0,
    0,
    0.99999982118606567
  ],
  "averageVelocity" : 0.04156983271241188,
  "motionQuality" : 0.98215091228485107,
  "time" : 918566.1763462919,
  "averageAngularVelocity" : 0.062471792101860046,
  "cameraGrain" : 0,
  "projectionMatrix" : [
    1.5360490083694458,
    0,
    -0.0075502395629882812,
    0,
    0,
    2.0480654239654541,
    -0.0058953762054443359,
    0,
    0,
    0,
    -0.9999997615814209,
    -0.00099999981466680765,
    0,
    0,
    -1,
    0
  ],
  "exposureDuration" : 0.01666666753590107
}