{
  "averageAngularVelocity" : 0.41575649380683899,
  "projectionMatrix" : [
    1.5319977998733521,
    0,
    -0.0048176050186157227,
    0,
    0,
    2.0426638126373291,
    -0.0047072172164916992,
    0,
    0,
    0,
    -0.9999997615814209,
    -0.00099999981466680765,
    0,
    0,
    -1,
    0
  ],
  "intrinsics" : [
    1470.7178955078125,
    0,
    964.1248779296875,
    0,
    1470.7178955078125,
    716.11077880859375,
    0,
    0,
    1
  ],
  "cameraGrain" : 0,
  "frame_index" : 12,
  "exposureDuration" : 0.01666666753590107,
  "cameraPoseARFrame" : [
    0.83536648750305176,
    0.013637300580739975,
    0.54952406883239746,
    0.14851215481758118,
    -0.54924112558364868,
    -0.019832536578178406,
    0.83542847633361816,
    0.41487506031990051,
    0.022291490808129311,
    -0.99971026182174683,
    -0.0090772509574890137,
    0.026199962943792343,
    0,
    0,
    0,
    0.99999994039535522
  ],
  "motionQuality" : 0.88121241331100464,
  "averageVelocity" : 0,
  "time" : 918547.64346608357
}