{
  "cameraPoseARFrame" : [
    0.088685214519500732,
    -0.99163335561752319,
    -0.093797929584980011,
    0.023638347163796425,
    -0.97904062271118164,
    -0.10411594808101654,
    0.17504036426544189,
    0.28011694550514221,
    -0.18334175646305084,
    0.07630842924118042,
    -0.980083167552948,
    -0.19434276223182678,
    0,
    0,
    0,
    0.99999994039535522
  ],
  "motionQuality" : 0.88292980194091797,
  "time" : 918573.97700804193,
  "exposureDuration" : 0.01666666753590107,
  "averageVelocity" : 0.10090458393096924,
  "frame_index" : 62,
  "cameraGrain" : 0.051175851374864578,
  "averageAngularVelocity" : 0.40974566340446472,
  "projectionMatrix" : [
    1.5391045808792114,
    0,
    -0.0078437328338623047,
    0,
    0,
    2.0521395206451416,
    -0.0054290294647216797,
    0,
    0,
    0,
    -0.9999997615814209,
    -0.00099999981466680765,
    0,
    0,
    -1,
    0
  ],
  "intrinsics" : [
    1477.5404052734375,
    0,
    967.030029296875,
    0,
    1477.5404052734375,
    715.591064453125,
    0,
    0,
    1
  ]
}