{
  "averageAngularVelocity" : 0.55191957950592041,
  "frame_index" : 49,
  "cameraPoseARFrame" : [
    -0.13571447134017944,
    0.98333686590194702,
    -0.12095490097999573,
    -0.025538284331560135,
    -0.9364427924156189,
    -0.087452232837677002,
    0.33974519371986389,
    0.29645410180091858,
    0.32350623607635498,
    0.15937574207782745,
    0.93270742893218994,
    0.23033036291599274,
    0,
    0,
    0,
    0.99999994039535522
  ],
  "intrinsics" : [
    1471.8154296875,
    0,
    966.7469482421875,
    0,
    1471.8154296875,
    715.336181640625,
    0,
    0,
    1
  ],
  "projectionMatrix" : [
    1.533141016960144,
    0,
    -0.0075489282608032227,
    0,
    0,
    2.0441880226135254,
    -0.0057830810546875,
    0,
    0,
    0,
    -0.9999997615814209,
    -0.00099999981466680765,
    0,
    0,
    -1,
    0
  ],
  "cameraGrain" : 0,
  "averageVelocity" : 0.11743230372667313,
  "exposureDuration" : 0.01666666753590107,
  "time" : 918567.2097521252,
  "motionQuality" : 0.84230870008468628
}