{
  "projectionMatrix" : [
    1.5163979530334473,
    0,
    -0.0077123641967773438,
    0,
    0,
    2.0218639373779297,
    -0.0060111284255981445,
    0,
    0,
    0,
    -0.9999997615814209,
    -0.00099999981466680765,
    0,
    0,
    -1,
    0
  ],
  "intrinsics" : [
    1455.7420654296875,
    0,
    966.90386962890625,
    0,
    1455.7420654296875,
    715.1719970703125,
    0,
    0,
    1
  ],
  "cameraGrain" : 0,
  "averageVelocity" : 0.090844579041004181,
  "motionQuality" : 0.9129149317741394,
  "exposureDuration" : 0.01666666753590107,
  "averageAngularVelocity" : 0.30479767918586731,
  "frame_index" : 64,
  "cameraPoseARFrame" : [
    0.038229931145906448,
    -0.80566602945327759,
    -0.59113508462905884,
    -0.089049428701400757,
    -0.98288381099700928,
    -0.13700568675994873,
    0.12316180020570755,
    0.28973773121833801,
    -0.18021616339683533,
    0.57630860805511475,
    -0.79711395502090454,
    -0.20345400273799896,
    0,
    0,
    0,
    0.99999994039535522
  ],
  "time" : 918575.04512841685
}