{
  "time" : 918575.57698204182,
  "projectionMatrix" : [
    1.514529824256897,
    0,
    -0.0078890323638916016,
    0,
    0,
    2.0193731784820557,
    -0.0057277679443359375,
    0,
    0,
    0,
    -0.9999997615814209,
    -0.00099999981466680765,
    0,
    0,
    -1,
    0
  ],
  "cameraGrain" : 0,
  "averageVelocity" : 0.11190823465585709,
  "motionQuality" : 0.90410447120666504,
  "exposureDuration" : 0.01666666753590107,
  "averageAngularVelocity" : 0.33563441038131714,
  "frame_index" : 65,
  "cameraPoseARFrame" : [
    -0.014330611564218998,
    -0.77031522989273071,
    -0.63750201463699341,
    -0.13115698099136353,
    -0.98914819955825806,
    -0.082312874495983124,
    0.12169681489467621,
    0.28447332978248596,
    -0.14621958136558533,
    0.63232803344726562,
    -0.7607765793800354,
    -0.19406525790691376,
    0,
    0,
    0,
    0.99999994039535522
  ],
  "intrinsics" : [
    1453.9486083984375,
    0,
    967.07342529296875,
    0,
    1453.9486083984375,
    715.3759765625,
    0,
    0,
    1
  ]
}