{
  "cameraPoseARFrame" : [
    0.075334370136260986,
    -0.91685712337493896,
    -0.39204278588294983,
    -0.034987606108188629,
    -0.97737610340118408,
    -0.1458180695772171,
    0.1532086580991745,
    0.28553798794746399,
    -0.19763739407062531,
    0.37163135409355164,
    -0.90709954500198364,
    -0.18357817828655243,
    0,
    0,
    0,
    0.99999994039535522
  ],
  "motionQuality" : 0.75271511077880859,
  "time" : 918574.51185545849,
  "exposureDuration" : 0.01666666753590107,
  "averageVelocity" : 0.097956709563732147,
  "frame_index" : 63,
  "cameraGrain" : 0,
  "averageAngularVelocity" : 0.86549699306488037,
  "projectionMatrix" : [
    1.5391243696212769,
    0,
    -0.0077766180038452148,
    0,
    0,
    2.0521659851074219,
    -0.0057263374328613281,
    0,
    0,
    0,
    -0.9999997615814209,
    -0.00099999981466680765,
    0,
    0,
    -1,
    0
  ],
  "intrinsics" : [
    1477.5594482421875,
    0,
    966.96551513671875,
    0,
    1477.5594482421875,
    715.37701416015625,
    0,
    0,
    1
  ]
}