{
  "averageVelocity" : 0,
  "cameraPoseARFrame" : [
    0.22681006789207458,
    0.95881414413452148,
    0.17097541689872742,
    0.056523829698562622,
    -0.54921084642410278,
    -0.019062772393226624,
    0.83546632528305054,
    0.40843933820724487,
    0.80431628227233887,
    -0.28339371085166931,
    0.52226758003234863,
    0.13225281238555908,
    0,
    0,
    0,
    1
  ],
  "averageAngularVelocity" : 0.17786185443401337,
  "intrinsics" : [
    1481.3187255859375,
    0,
    963.9544677734375,
    0,
    1481.3187255859375,
    715.96337890625,
    0,
    0,
    1
  ],
  "motionQuality" : 0.94918233156204224,
  "frame_index" : 7,
  "exposureDuration" : 0.01666666753590107,
  "cameraGrain" : 0,
  "time" : 918545.00988804188,
  "projectionMatrix" : [
    1.54304039478302,
    0,
    -0.0046401023864746094,
    0,
    0,
    2.057387113571167,
    -0.0049120187759399414,
    0,
    0,
    0,
    -0.9999997615814209,
    -0.00099999981466680765,
    0,
    0,
    -1,
    0
  ]
}