{
  "intrinsics" : [
    1484.16015625,
    0,
    964.01068115234375,
    0,
    1484.16015625,
    716.230224609375,
    0,
    0,
    1
  ],
  "time" : 918542.94246666692,
  "averageVelocity" : 0.014218377880752087,
  "averageAngularVelocity" : 0,
  "cameraGrain" : 0.0023732867557555437,
  "frame_index" : 3,
  "cameraPoseARFrame" : [
    -0.2571987509727478,
    0.94697916507720947,
    -0.1925593763589859,
    -0.019248116761445999,
    -0.57135742902755737,
    0.011684859171509743,
    0.8206181526184082,
    0.39538481831550598,
    0.77935844659805298,
    0.32108220458030701,
    0.53805834054946899,
    0.13554637134075165,
    0,
    0,
    0,
    0.99999994039535522
  ],
  "projectionMatrix" : [
    1.5460001230239868,
    0,
    -0.004698634147644043,
    0,
    0,
    2.0613336563110352,
    -0.0045413970947265625,
    0,
    0,
    0,
    -0.9999997615814209,
    -0.00099999981466680765,
    0,
    0,
    -1,
    0
  ],
  "exposureDuration" : 0.01666666753590107,
  "motionQuality" : 0.99518609046936035
}