{
  "averageAngularVelocity" : 0.36529752612113953,
  "projectionMatrix" : [
    1.527870774269104,
    0,
    -0.0048750638961791992,
    0,
    0,
    2.037161111831665,
    -0.0048232078552246094,
    0,
    0,
    0,
    -0.9999997615814209,
    -0.00099999981466680765,
    0,
    0,
    -1,
    0
  ],
  "intrinsics" : [
    1466.7559814453125,
    0,
    964.1800537109375,
    0,
    1466.7559814453125,
    716.02728271484375,
    0,
    0,
    1
  ],
  "cameraGrain" : 0,
  "frame_index" : 10,
  "exposureDuration" : 0.01666666753590107,
  "cameraPoseARFrame" : [
    0.73763436079025269,
    0.37266185879707336,
    0.56304407119750977,
    0.16810570657253265,
    -0.59520870447158813,
    -0.034816291183233261,
    0.80281645059585571,
    0.42818489670753479,
    0.31878229975700378,
    -0.92731374502182007,
    0.19612996280193329,
    0.075825288891792297,
    0,
    0,
    0,
    0.99999994039535522
  ],
  "motionQuality" : 0.89562928676605225,
  "averageVelocity" : 0.052000578492879868,
  "time" : 918546.57488212525
}