{
  "averageAngularVelocity" : 0.23775534331798553,
  "projectionMatrix" : [
    1.5361087322235107,
    0,
    -0.0066030025482177734,
    0,
    0,
    2.048145055770874,
    -0.0045206546783447266,
    0,
    0,
    0,
    -0.9999997615814209,
    -0.00099999981466680765,
    0,
    0,
    -1,
    0
  ],
  "intrinsics" : [
    1474.6644287109375,
    0,
    965.8388671875,
    0,
    1474.6644287109375,
    716.2451171875,
    0,
    0,
    1
  ],
  "cameraGrain" : 0.026615196838974953,
  "frame_index" : 25,
  "exposureDuration" : 0.01666666753590107,
  "cameraPoseARFrame" : [
    0.17416369915008545,
    -0.95895928144454956,
    0.22374992072582245,
    0.094609364867210388,
    -0.81997221708297729,
    -0.015413251705467701,
    0.57219564914703369,
    0.31177225708961487,
    -0.54526364803314209,
    -0.28312453627586365,
    -0.78900450468063354,
    -0.18412438035011292,
    0,
    0,
    0,
    0.99999994039535522
  ],
  "motionQuality" : 0.93206989765167236,
  "averageVelocity" : 0.064592614769935608,
  "time" : 918554.54341616691
}