{
  "averageAngularVelocity" : 0,
  "projectionMatrix" : [
    1.5315077304840088,
    0,
    -0.0049021244049072266,
    0,
    0,
    2.0420103073120117,
    -0.0048763751983642578,
    0,
    0,
    0,
    -0.9999997615814209,
    -0.00099999981466680765,
    0,
    0,
    -1,
    0
  ],
  "intrinsics" : [
    1470.2474365234375,
    0,
    964.20599365234375,
    0,
    1470.2474365234375,
    715.989013671875,
    0,
    0,
    1
  ],
  "cameraGrain" : 0.018183572217822075,
  "frame_index" : 16,
  "exposureDuration" : 0.01666666753590107,
  "cameraPoseARFrame" : [
    0.40890336036682129,
    -0.87045717239379883,
    0.27404773235321045,
    0.088164761662483215,
    -0.56433242559432983,
    -0.0051955771632492542,
    0.82553118467330933,
    0.43495276570320129,
    -0.71716588735580444,
    -0.49221658706665039,
    -0.49335190653800964,
    -0.099638819694519043,
    0,
    0,
    0,
    0.99999988079071045
  ],
  "motionQuality" : 0.97183746099472046,
  "averageVelocity" : 0.078756138682365417,
  "time" : 918549.7768859585
}