{
  "cameraPoseARFrame" : [
    0.26359200477600098,
    -0.48673138022422791,
    0.83283358812332153,
    0.21273711323738098,
    -0.96332269906997681,
    -0.087815754115581512,
    0.2535698413848877,
    0.28394880890846252,
    -0.050284493714570999,
    -0.86912661790847778,
    -0.49202698469161987,
    -0.10494209080934525,
    0,
    0,
    0,
    0.99999994039535522
  ],
  "motionQuality" : 0.87246972322463989,
  "time" : 918571.87663766684,
  "exposureDuration" : 0.01666666753590107,
  "averageVelocity" : 0.070793189108371735,
  "frame_index" : 58,
  "cameraGrain" : 0,
  "averageAngularVelocity" : 0.44635602831840515,
  "projectionMatrix" : [
    1.533180832862854,
    0,
    -0.0076730251312255859,
    0,
    0,
    2.044241189956665,
    -0.0055373907089233398,
    0,
    0,
    0,
    -0.9999997615814209,
    -0.00099999981466680765,
    0,
    0,
    -1,
    0
  ],
  "intrinsics" : [
    1471.8536376953125,
    0,
    966.8660888671875,
    0,
    1471.8536376953125,
    715.5130615234375,
    0,
    0,
    1
  ]
}