{
  "averageAngularVelocity" : 0.23829181492328644,
  "projectionMatrix" : [
    1.5343362092971802,
    0,
    -0.0062650442123413086,
    0,
    0,
    2.0457816123962402,
    -0.005492091178894043,
    0,
    0,
    0,
    -0.9999997615814209,
    -0.00099999981466680765,
    0,
    0,
    -1,
    0
  ],
  "intrinsics" : [
    1472.9627685546875,
    0,
    965.514404296875,
    0,
    1472.9627685546875,
    715.54571533203125,
    0,
    0,
    1
  ],
  "cameraGrain" : 0.02672751247882843,
  "frame_index" : 31,
  "exposureDuration" : 0.01666666753590107,
  "cameraPoseARFrame" : [
    -0.52625733613967896,
    -0.40973332524299622,
    -0.7450985312461853,
    -0.15410333871841431,
    -0.79558473825454712,
    -0.072059758007526398,
    0.60154145956039429,
    0.34899249672889709,
    -0.30016326904296875,
    0.90935468673706055,
    -0.28805571794509888,
    -0.050081025809049606,
    0,
    0,
    0,
    0.99999994039535522
  ],
  "motionQuality" : 0.93191659450531006,
  "averageVelocity" : 0.054772432893514633,
  "time" : 918557.70907229185
}