{
  "averageAngularVelocity" : 0.33254140615463257,
  "projectionMatrix" : [
    1.5349018573760986,
    0,
    -0.0047900676727294922,
    0,
    0,
    2.0465357303619385,
    -0.0048333406448364258,
    0,
    0,
    0,
    -0.9999997615814209,
    -0.00099999981466680765,
    0,
    0,
    -1,
    0
  ],
  "intrinsics" : [
    1473.5057373046875,
    0,
    964.0985107421875,
    0,
    1473.5057373046875,
    716.02001953125,
    0,
    0,
    1
  ],
  "cameraGrain" : 0,
  "frame_index" : 13,
  "exposureDuration" : 0.01666666753590107,
  "cameraPoseARFrame" : [
    0.81824809312820435,
    -0.25857636332511902,
    0.5134279727935791,
    0.1396440863609314,
    -0.53690540790557861,
    -0.024581586942076683,
    0.84328418970108032,
    0.41544201970100403,
    -0.2054324746131897,
    -0.96567803621292114,
    -0.15894490480422974,
    -0.019930414855480194,
    0,
    0,
    0,
    0.99999994039535522
  ],
  "motionQuality" : 0.90498816967010498,
  "averageVelocity" : 0.12135407328605652,
  "time" : 918548.17689937516
}