{
  "averageAngularVelocity" : 0.22611039876937866,
  "frame_index" : 48,
  "cameraPoseARFrame" : [
    -0.24321669340133667,
    0.90862762928009033,
    -0.33947199583053589,
    -0.065624155104160309,
    -0.93578839302062988,
    -0.12771227955818176,
    0.32861754298210144,
    0.28197315335273743,
    0.25523629784584045,
    0.39759927988052368,
    0.88134515285491943,
    0.22658714652061462,
    0,
    0,
    0,
    0.99999994039535522
  ],
  "intrinsics" : [
    1475.7926025390625,
    0,
    966.74261474609375,
    0,
    1475.7926025390625,
    715.30364990234375,
    0,
    0,
    1
  ],
  "projectionMatrix" : [
    1.5372840166091919,
    0,
    -0.007544398307800293,
    0,
    0,
    2.0497119426727295,
    -0.0058282613754272461,
    0,
    0,
    0,
    -0.9999997615814209,
    -0.00099999981466680765,
    0,
    0,
    -1,
    0
  ],
  "cameraGrain" : 0,
  "averageVelocity" : 0.073350898921489716,
  "exposureDuration" : 0.01666666753590107,
  "time" : 918566.67785295856,
  "motionQuality" : 0.93539702892303467
}