{
  "averageAngularVelocity" : 0.27366873621940613,
  "cameraGrain" : 0,
  "cameraPoseARFrame" : [
    0.25464394688606262,
    0.14316041767597198,
    0.95637929439544678,
    0.24647806584835052,
    -0.96224731206893921,
    -0.060775384306907654,
    0.26530382037162781,
    0.31857720017433167,
    0.096105366945266724,
    -0.98783165216445923,
    0.12227971851825714,
    0.047212071716785431,
    0,
    0,
    0,
    0.99999982118606567
  ],
  "projectionMatrix" : [
    1.5250982046127319,
    0,
    -0.0075987577438354492,
    0,
    0,
    2.0334641933441162,
    -0.0053833723068237305,
    0,
    0,
    0,
    -0.9999997615814209,
    -0.00099999981466680765,
    0,
    0,
    -1,
    0
  ],
  "intrinsics" : [
    1464.09423828125,
    0,
    966.79486083984375,
    0,
    1464.09423828125,
    715.62396240234375,
    0,
    0,
    1
  ],
  "exposureDuration" : 0.01666666753590107,
  "frame_index" : 55,
  "time" : 918570.30993291689,
  "motionQuality" : 0.92180895805358887,
  "averageVelocity" : 0.11748203635215759
}