{
  "projectionMatrix" : [
    1.522632360458374,
    0,
    -0.0053352117538452148,
    0,
    0,
    2.0301764011383057,
    -0.0045821666717529297,
    0,
    0,
    0,
    -0.9999997615814209,
    -0.00099999981466680765,
    0,
    0,
    -1,
    0
  ],
  "cameraPoseARFrame" : [
    -0.3670671284198761,
    0.85057234764099121,
    -0.37654769420623779,
    -0.1023135781288147,
    -0.75444608926773071,
    -0.035436574369668961,
    0.65540444850921631,
    0.39404800534248352,
    0.54412549734115601,
    0.52466249465942383,
    0.65471881628036499,
    0.1750003844499588,
    0,
    0,
    0,
    0.99999982118606567
  ],
  "time" : 918565.1097070002,
  "motionQuality" : 0.79400730133056641,
  "averageAngularVelocity" : 0.7209743857383728,
  "exposureDuration" : 0.01666666753590107,
  "frame_index" : 45,
  "averageVelocity" : 0.10155555605888367,
  "intrinsics" : [
    1461.72705078125,
    0,
    964.621826171875,
    0,
    1461.72705078125,
    716.20086669921875,
    0,
    0,
    1
  ],
  "cameraGrain" : 0
}