{
  "averageAngularVelocity" : 0.088340878486633301,
  "projectionMatrix" : [
    1.528619647026062,
    0,
    -0.0047631263732910156,
    0,
    0,
    2.0381596088409424,
    -0.0048878192901611328,
    0,
    0,
    0,
    -0.9999997615814209,
    -0.00099999981466680765,
    0,
    0,
    -1,
    0
  ],
  "intrinsics" : [
    1467.474853515625,
    0,
    964.0726318359375,
    0,
    1467.474853515625,
    715.98077392578125,
    0,
    0,
    1
  ],
  "cameraGrain" : 0,
  "frame_index" : 17,
  "exposureDuration" : 0.01666666753590107,
  "cameraPoseARFrame" : [
    0.3351874053478241,
    -0.9083893895149231,
    0.24995605647563934,
    0.085104510188102722,
    -0.56482768058776855,
    0.018593838438391685,
    0.82499927282333374,
    0.43916895985603333,
    -0.75406837463378906,
    -0.41771149635314941,
    -0.5068511962890625,
    -0.089926391839981079,
    0,
    0,
    0,
    0.99999994039535522
  ],
  "motionQuality" : 0.97475975751876831,
  "averageVelocity" : 0.021222660318017006,
  "time" : 918550.30895470851
}