{
  "averageAngularVelocity" : 0.35051831603050232,
  "projectionMatrix" : [
    1.5367023944854736,
    0,
    -0.0064609050750732422,
    0,
    0,
    2.0489363670349121,
    -0.005234837532043457,
    0,
    0,
    0,
    -0.9999997615814209,
    -0.00099999981466680765,
    0,
    0,
    -1,
    0
  ],
  "intrinsics" : [
    1475.2342529296875,
    0,
    965.70245361328125,
    0,
    1475.2342529296875,
    715.73089599609375,
    0,
    0,
    1
  ],
  "cameraGrain" : 0.02892456017434597,
  "frame_index" : 32,
  "exposureDuration" : 0.01666666753590107,
  "cameraPoseARFrame" : [
    -0.57711386680603027,
    -0.16242320835590363,
    -0.80034887790679932,
    -0.1683628112077713,
    -0.80026644468307495,
    -0.082924030721187592,
    0.59388303756713867,
    0.35654038190841675,
    -0.16282862424850464,
    0.98323047161102295,
    -0.082125313580036163,
    -0.008226349949836731,
    0,
    0,
    0,
    1
  ],
  "motionQuality" : 0.89985191822052002,
  "averageVelocity" : 0.11678000539541245,
  "time" : 918558.2422520835
}