{
  "motionQuality" : 0.81860482692718506,
  "averageVelocity" : 0.082332804799079895,
  "intrinsics" : [
    1470.098388671875,
    0,
    966.492431640625,
    0,
    1470.098388671875,
    714.8348388671875,
    0,
    0,
    1
  ],
  "time" : 918568.74484987522,
  "exposureDuration" : 0.01666666753590107,
  "cameraPoseARFrame" : [
    0.080162689089775085,
    0.79019641876220703,
    0.60758829116821289,
    0.16008737683296204,
    -0.93262571096420288,
    -0.15569069981575012,
    0.32552972435951233,
    0.32481589913368225,
    0.35182830691337585,
    -0.59274768829345703,
    0.72447705268859863,
    0.19166585803031921,
    0,
    0,
    0,
    0.99999994039535522
  ],
  "averageAngularVelocity" : 0.63488316535949707,
  "projectionMatrix" : [
    1.5313525199890137,
    0,
    -0.0072838068008422852,
    0,
    0,
    2.0418033599853516,
    -0.0064793825149536133,
    0,
    0,
    0,
    -0.9999997615814209,
    -0.00099999981466680765,
    0,
    0,
    -1,
    0
  ],
  "cameraGrain" : 0,
  "frame_index" : 52
}