{
  "averageAngularVelocity" : 0.047264914959669113,
  "projectionMatrix" : [
    1.5279862880706787,
    0,
    -0.0050150156021118164,
    0,
    0,
    2.0373151302337646,
    -0.0049620866775512695,
    0,
    0,
    0,
    -0.9999997615814209,
    -0.00099999981466680765,
    0,
    0,
    -1,
    0
  ],
  "intrinsics" : [
    1466.8668212890625,
    0,
    964.314453125,
    0,
    1466.8668212890625,
    715.92730712890625,
    0,
    0,
    1
  ],
  "cameraGrain" : 0.0145427156239748,
  "frame_index" : 11,
  "exposureDuration" : 0.01666666753590107,
  "cameraPoseARFrame" : [
    0.78796344995498657,
    0.2336798757314682,
    0.56965541839599609,
    0.15793094038963318,
    -0.58286035060882568,
    -0.01512089092284441,
    0.81243157386779785,
    0.42227450013160706,
    0.19846267998218536,
    -0.97219610214233398,
    0.12428806722164154,
    0.049252193421125412,
    0,
    0,
    0,
    0.99999994039535522
  ],
  "motionQuality" : 0.98080939054489136,
  "averageVelocity" : 0.067167162895202637,
  "time" : 918547.10841800016
}