{
  "averageAngularVelocity" : 0.22874125838279724,
  "projectionMatrix" : [
    1.5298504829406738,
    0,
    -0.0063924789428710938,
    0,
    0,
    2.0398006439208984,
    -0.0056352615356445312,
    0,
    0,
    0,
    -0.9999997615814209,
    -0.00099999981466680765,
    0,
    0,
    -1,
    0
  ],
  "intrinsics" : [
    1468.656494140625,
    0,
    965.63677978515625,
    0,
    1468.656494140625,
    715.442626953125,
    0,
    0,
    1
  ],
  "cameraGrain" : 0.010836519300937653,
  "frame_index" : 33,
  "exposureDuration" : 0.01666666753590107,
  "cameraPoseARFrame" : [
    -0.58015584945678711,
    0.078407585620880127,
    -0.8107227087020874,
    -0.1950034499168396,
    -0.81395608186721802,
    -0.092358209192752838,
    0.57353746891021729,
    0.36857107281684875,
    -0.029907239601016045,
    0.99263393878936768,
    0.11740251630544662,
    0.037457242608070374,
    0,
    0,
    0,
    0.99999994039535522
  ],
  "motionQuality" : 0.93464535474777222,
  "averageVelocity" : 0,
  "time" : 918558.7754360002
}