{
  "exposureDuration" : 0.01666666753590107,
  "time" : 918576.61217587523,
  "projectionMatrix" : [
    1.526910662651062,
    0,
    -0.0076968669891357422,
    0,
    0,
    2.0358808040618896,
    -0.0059266090393066406,
    0,
    0,
    0,
    -0.9999997615814209,
    -0.00099999981466680765,
    0,
    0,
    -1,
    0
  ],
  "averageAngularVelocity" : 0.39193299412727356,
  "motionQuality" : 0.8880191445350647,
  "intrinsics" : [
    1465.834228515625,
    0,
    966.88897705078125,
    0,
    1465.834228515625,
    715.23284912109375,
    0,
    0,
    1
  ],
  "averageVelocity" : 0.11121227592229843,
  "cameraGrain" : 0,
  "frame_index" : 67,
  "cameraPoseARFrame" : [
    -0.094644948840141296,
    -0.478150874376297,
    -0.87316322326660156,
    -0.18210141360759735,
    -0.97668606042861938,
    -0.12516511976718903,
    0.17440751194953918,
    0.30416348576545715,
    -0.19268274307250977,
    0.86931318044662476,
    -0.45515713095664978,
    -0.093237146735191345,
    0,
    0,
    0,
    0.99999994039535522
  ]
}