{
  "averageAngularVelocity" : 0.44385236501693726,
  "projectionMatrix" : [
    1.5395666360855103,
    0,
    -0.0052392482757568359,
    0,
    0,
    2.05275559425354,
    -0.0040476322174072266,
    0,
    0,
    0,
    -0.9999997615814209,
    -0.00099999981466680765,
    0,
    0,
    -1,
    0
  ],
  "intrinsics" : [
    1477.9840087890625,
    0,
    964.5296630859375,
    0,
    1477.9840087890625,
    716.585693359375,
    0,
    0,
    1
  ],
  "cameraGrain" : 0,
  "frame_index" : 21,
  "exposureDuration" : 0.01666666753590107,
  "cameraPoseARFrame" : [
    0.15101735293865204,
    -0.9375530481338501,
    0.31334975361824036,
    0.095540136098861694,
    -0.7272186279296875,
    0.10934408009052277,
    0.67764067649841309,
    0.35609784722328186,
    -0.66958707571029663,
    -0.33020931482315063,
    -0.66529321670532227,
    -0.12124694138765335,
    0,
    0,
    0,
    0.99999994039535522
  ],
  "motionQuality" : 0.87318503856658936,
  "averageVelocity" : 0.08466608077287674,
  "time" : 918552.44195470854
}