{
  "averageAngularVelocity" : 0,
  "projectionMatrix" : [
    1.5401561260223389,
    0,
    -0.0063958168029785156,
    0,
    0,
    2.0535416603088379,
    -0.0043871402740478516,
    0,
    0,
    0,
    -0.9999997615814209,
    -0.00099999981466680765,
    0,
    0,
    -1,
    0
  ],
  "intrinsics" : [
    1478.5499267578125,
    0,
    965.6400146484375,
    0,
    1478.5499267578125,
    716.34124755859375,
    0,
    0,
    1
  ],
  "cameraGrain" : 0,
  "frame_index" : 24,
  "exposureDuration" : 0.01666666753590107,
  "cameraPoseARFrame" : [
    0.17365007102489471,
    -0.95010709762573242,
    0.2591177225112915,
    0.093369215726852417,
    -0.8140532374382019,
    0.009590628556907177,
    0.5807110071182251,
    0.29820385575294495,
    -0.55422288179397583,
    -0.31177619099617004,
    -0.77177256345748901,
    -0.16952766478061676,
    0,
    0,
    0,
    0.99999994039535522
  ],
  "motionQuality" : 0.97424888610839844,
  "averageVelocity" : 0.025621509179472923,
  "time" : 918554.01054825017
}