{
  "averageAngularVelocity" : 0.32065948843955994,
  "projectionMatrix" : [
    1.5278946161270142,
    0,
    -0.0064851045608520508,
    0,
    0,
    2.0371928215026855,
    -0.0061101913452148438,
    0,
    0,
    0,
    -0.9999997615814209,
    -0.00099999981466680765,
    0,
    0,
    -1,
    0
  ],
  "intrinsics" : [
    1466.77880859375,
    0,
    965.7257080078125,
    0,
    1466.77880859375,
    715.10064697265625,
    0,
    0,
    1
  ],
  "cameraGrain" : 0.011001641862094402,
  "frame_index" : 29,
  "exposureDuration" : 0.01666666753590107,
  "cameraPoseARFrame" : [
    -0.38277748227119446,
    -0.68341290950775146,
    -0.62163341045379639,
    -0.12567709386348724,
    -0.78332805633544922,
    -0.11663396656513214,
    0.61056816577911377,
    0.34053578972816467,
    -0.48977383971214294,
    0.72065466642379761,
    -0.49069175124168396,
    -0.13074380159378052,
    0,
    0,
    0,
    0.99999994039535522
  ],
  "motionQuality" : 0.90838301181793213,
  "averageVelocity" : 0.1245274543762207,
  "time" : 918556.64383379184
}