{
  "averageAngularVelocity" : 0.16498041152954102,
  "time" : 918545.54162937519,
  "cameraGrain" : 0,
  "cameraPoseARFrame" : [
    0.37468114495277405,
    0.88417863845825195,
    0.27900189161300659,
    0.093110218644142151,
    -0.59398525953292847,
    -0.0021425429731607437,
    0.80447298288345337,
    0.40966156125068665,
    0.7118956446647644,
    -0.46714377403259277,
    0.52438646554946899,
    0.13379290699958801,
    0,
    0,
    0,
    0.99999988079071045
  ],
  "projectionMatrix" : [
    1.5394551753997803,
    0,
    -0.0045917034149169922,
    0,
    0,
    2.0526068210601807,
    -0.0048289299011230469,
    0,
    0,
    0,
    -0.9999997615814209,
    -0.00099999981466680765,
    0,
    0,
    -1,
    0
  ],
  "exposureDuration" : 0.01666666753590107,
  "frame_index" : 8,
  "averageVelocity" : 0.12501402199268341,
  "motionQuality" : 0.95286273956298828,
  "intrinsics" : [
    1477.876953125,
    0,
    963.90802001953125,
    0,
    1477.876953125,
    716.023193359375,
    0,
    0,
    1
  ]
}