{
  "exposureDuration" : 0.01666666753590107,
  "averageAngularVelocity" : 0.34017884731292725,
  "projectionMatrix" : [
    1.5255961418151855,
    0,
    -0.0064667463302612305,
    0,
    0,
    2.0341281890869141,
    -0.0050649642944335938,
    0,
    0,
    0,
    -0.9999997615814209,
    -0.00099999981466680765,
    0,
    0,
    -1,
    0
  ],
  "cameraGrain" : 0.011182730086147785,
  "frame_index" : 37,
  "cameraPoseARFrame" : [
    -0.37609207630157471,
    0.76152634620666504,
    -0.52785629034042358,
    -0.12660105526447296,
    -0.83189314603805542,
    -0.026630168780684471,
    0.55429643392562866,
    0.3691273033618927,
    0.40805447101593018,
    0.6475866436958313,
    0.64352399110794067,
    0.17847712337970734,
    0,
    0,
    0,
    0.99999994039535522
  ],
  "averageVelocity" : 0.14291937649250031,
  "time" : 918560.87749916688,
  "intrinsics" : [
    1464.572265625,
    0,
    965.7081298828125,
    0,
    1464.572265625,
    715.85321044921875,
    0,
    0,
    1
  ],
  "motionQuality" : 0.90280604362487793
}