{
  "frame_index" : 46,
  "cameraPoseARFrame" : [
    -0.30352309346199036,
    0.84419649839401245,
    -0.44182112812995911,
    -0.0906568244099617,
    -0.90145647525787354,
    -0.1042277067899704,
    0.42013421654701233,
    0.30318799614906311,
    0.30862587690353394,
    0.52580296993255615,
    0.79264211654663086,
    0.20503945648670197,
    0,
    0,
    0,
    0.99999994039535522
  ],
  "intrinsics" : [
    1466.8782958984375,
    0,
    965.56976318359375,
    0,
    1466.8782958984375,
    715.810546875,
    0,
    0,
    1
  ],
  "averageVelocity" : 0.12216784805059433,
  "motionQuality" : 0.86362642049789429,
  "time" : 918565.64303554187,
  "averageAngularVelocity" : 0.47730752825737,
  "cameraGrain" : 0,
  "projectionMatrix" : [
    1.5279982089996338,
    0,
    -0.0063226222991943359,
    0,
    0,
    2.0373308658599854,
    -0.005124211311340332,
    0,
    0,
    0,
    -0.9999997615814209,
    -0.00099999981466680765,
    0,
    0,
    -1,
    0
  ],
  "exposureDuration" : 0.01666666753590107
}