{
  "time" : 918571.34314737516,
  "averageAngularVelocity" : 0.42258700728416443,
  "exposureDuration" : 0.01666666753590107,
  "projectionMatrix" : [
    1.5292172431945801,
    0,
    -0.0078662633895874023,
    0,
    0,
    2.0389564037322998,
    -0.0051132440567016602,
    0,
    0,
    0,
    -0.9999997615814209,
    -0.00099999981466680765,
    0,
    0,
    -1,
    0
  ],
  "cameraGrain" : 0,
  "motionQuality" : 0.8792608380317688,
  "cameraPoseARFrame" : [
    0.25151309370994568,
    -0.31694415211677551,
    0.91448760032653809,
    0.24623773992061615,
    -0.96782726049423218,
    -0.075358495116233826,
    0.24006533622741699,
    0.28934434056282043,
    -0.0071728914044797421,
    -0.94544565677642822,
    -0.32570084929466248,
    -0.064620405435562134,
    0,
    0,
    0,
    0.99999988079071045
  ],
  "intrinsics" : [
    1468.048583984375,
    0,
    967.0516357421875,
    0,
    1468.048583984375,
    715.8184814453125,
    0,
    0,
    1
  ],
  "frame_index" : 57,
  "averageVelocity" : 0.10722518712282181
}