{
  "averageAngularVelocity" : 0.12152329832315445,
  "projectionMatrix" : [
    1.5442472696304321,
    0,
    -0.0058505535125732422,
    0,
    0,
    2.0589964389801025,
    -0.0037403106689453125,
    0,
    0,
    0,
    -0.9999997615814209,
    -0.00099999981466680765,
    0,
    0,
    -1,
    0
  ],
  "intrinsics" : [
    1482.4774169921875,
    0,
    965.11651611328125,
    0,
    1482.4774169921875,
    716.80694580078125,
    0,
    0,
    1
  ],
  "cameraGrain" : 0.018556812778115273,
  "frame_index" : 22,
  "exposureDuration" : 0.01666666753590107,
  "cameraPoseARFrame" : [
    0.17409698665142059,
    -0.94223421812057495,
    0.28615516424179077,
    0.095367774367332458,
    -0.77230703830718994,
    0.049634985625743866,
    0.63330727815628052,
    0.301868736743927,
    -0.61092716455459595,
    -0.33125659823417664,
    -0.71905303001403809,
    -0.13814091682434082,
    0,
    0,
    0,
    1
  ],
  "motionQuality" : 0.96527904272079468,
  "averageVelocity" : 0.095020361244678497,
  "time" : 918552.94380708353
}