{
  "averageAngularVelocity" : 0,
  "projectionMatrix" : [
    1.5505534410476685,
    0,
    -0.004387974739074707,
    0,
    0,
    2.0674045085906982,
    -0.0042899847030639648,
    0,
    0,
    0,
    -0.9999997615814209,
    -0.00099999981466680765,
    0,
    0,
    -1,
    0
  ],
  "intrinsics" : [
    1488.53125,
    0,
    963.71240234375,
    0,
    1488.53125,
    716.41119384765625,
    0,
    0,
    1
  ],
  "cameraGrain" : 0,
  "frame_index" : 1,
  "exposureDuration" : 0.01666666753590107,
  "cameraPoseARFrame" : [
    -0.25794696807861328,
    0.94681328535079956,
    -0.19237419962882996,
    -0.015213193371891975,
    -0.55374419689178467,
    0.018284657970070839,
    0.83248597383499146,
    0.39201202988624573,
    0.79172641038894653,
    0.32126337289810181,
    0.51957601308822632,
    0.11861620098352432,
    0,
    0,
    0,
    0.99999988079071045
  ],
  "motionQuality" : 0.98116648197174072,
  "averageVelocity" : 0,
  "time" : 918541.87644587515
}