{
  "averageAngularVelocity" : 0,
  "projectionMatrix" : [
    1.5298385620117188,
    0,
    -0.0046393871307373047,
    0,
    0,
    2.0397846698760986,
    -0.0045208930969238281,
    0,
    0,
    0,
    -0.9999997615814209,
    -0.00099999981466680765,
    0,
    0,
    -1,
    0
  ],
  "intrinsics" : [
    1468.64501953125,
    0,
    963.95379638671875,
    0,
    1468.64501953125,
    716.2449951171875,
    0,
    0,
    1
  ],
  "cameraGrain" : 0.023743929341435432,
  "frame_index" : 18,
  "exposureDuration" : 0.01666666753590107,
  "cameraPoseARFrame" : [
    0.35718989372253418,
    -0.90502351522445679,
    0.23097138106822968,
    0.085474699735641479,
    -0.54902595281600952,
    -0.0033822767436504364,
    0.83579838275909424,
    0.42991164326667786,
    -0.75563603639602661,
    -0.42534810304641724,
    -0.49808964133262634,
    -0.092192165553569794,
    0,
    0,
    0,
    0.99999994039535522
  ],
  "motionQuality" : 0.99039936065673828,
  "averageVelocity" : 0,
  "time" : 918550.84351820848
}