{
  "motionQuality" : 0.89475017786026001,
  "projectionMatrix" : [
    1.529296875,
    0,
    -0.0077186822891235352,
    0,
    0,
    2.0390625,
    -0.0060633420944213867,
    0,
    0,
    0,
    -0.9999997615814209,
    -0.00099999981466680765,
    0,
    0,
    -1,
    0
  ],
  "time" : 918577.14370312518,
  "frame_index" : 68,
  "averageVelocity" : 0.015293660573661327,
  "intrinsics" : [
    1468.125,
    0,
    966.90997314453125,
    0,
    1468.125,
    715.1343994140625,
    0,
    0,
    1
  ],
  "averageAngularVelocity" : 0.36837431788444519,
  "cameraPoseARFrame" : [
    -0.14826400578022003,
    -0.32039079070091248,
    -0.93561071157455444,
    -0.19396558403968811,
    -0.97047698497772217,
    -0.13485725224018097,
    0.19996972382068634,
    0.3015303909778595,
    -0.19024239480495453,
    0.9376370906829834,
    -0.29093748331069946,
    -0.064498573541641235,
    0,
    0,
    0,
    0.99999994039535522
  ],
  "cameraGrain" : 0,
  "exposureDuration" : 0.01666666753590107
}