{
  "averageVelocity" : 0,
  "intrinsics" : [
    1472.438720703125,
    0,
    963.82049560546875,
    0,
    1472.438720703125,
    715.84625244140625,
    0,
    0,
    1
  ],
  "cameraGrain" : 0,
  "exposureDuration" : 0.01666666753590107,
  "time" : 918548.70896312525,
  "motionQuality" : 0.88950526714324951,
  "projectionMatrix" : [
    1.5337903499603271,
    0,
    -0.0045005083084106445,
    0,
    0,
    2.0450537204742432,
    -0.005074620246887207,
    0,
    0,
    0,
    -0.9999997615814209,
    -0.00099999981466680765,
    0,
    0,
    -1,
    0
  ],
  "averageAngularVelocity" : 0.38673162460327148,
  "cameraPoseARFrame" : [
    0.66259932518005371,
    -0.63306134939193726,
    0.40024402737617493,
    0.11782456189393997,
    -0.55065685510635376,
    -0.049532786011695862,
    0.83326059579849243,
    0.4248822033405304,
    -0.50767999887466431,
    -0.77251511812210083,
    -0.3814200758934021,
    -0.082043543457984924,
    0,
    0,
    0,
    0.99999994039535522
  ],
  "frame_index" : 14
}