{
  "frame_index" : 51,
  "exposureDuration" : 0.01666666753590107,
  "cameraPoseARFrame" : [
    -0.014207339845597744,
    0.91180509328842163,
    0.41037726402282715,
    0.11352741718292236,
    -0.9073219895362854,
    -0.18422985076904297,
    0.37792330980300903,
    0.31323078274726868,
    0.42019617557525635,
    -0.36697497963905334,
    0.8299185037612915,
    0.21035067737102509,
    0,
    0,
    0,
    0.99999994039535522
  ],
  "time" : 918568.24366833351,
  "projectionMatrix" : [
    1.5337624549865723,
    0,
    -0.0073829889297485352,
    0,
    0,
    2.0450167655944824,
    -0.0060989856719970703,
    0,
    0,
    0,
    -0.9999997615814209,
    -0.00099999981466680765,
    0,
    0,
    -1,
    0
  ],
  "averageVelocity" : 0.1591203510761261,
  "motionQuality" : 0.81254076957702637,
  "cameraGrain" : 0.010451670736074448,
  "intrinsics" : [
    1472.4119873046875,
    0,
    966.587646484375,
    0,
    1472.4119873046875,
    715.10870361328125,
    0,
    0,
    1
  ],
  "averageAngularVelocity" : 0.65610724687576294
}