{
  "averageAngularVelocity" : 0.44085517525672913,
  "projectionMatrix" : [
    1.5436139106750488,
    0,
    -0.0077632665634155273,
    0,
    0,
    2.0581519603729248,
    -0.0059677362442016602,
    0,
    0,
    0,
    -0.9999997615814209,
    -0.00099999981466680765,
    0,
    0,
    -1,
    0
  ],
  "intrinsics" : [
    1481.869384765625,
    0,
    966.95269775390625,
    0,
    1481.869384765625,
    715.2032470703125,
    0,
    0,
    1
  ],
  "cameraGrain" : 0,
  "frame_index" : 60,
  "exposureDuration" : 0.01666666753590107,
  "cameraPoseARFrame" : [
    0.18976813554763794,
    -0.88064318895339966,
    0.43411478400230408,
    0.12526798248291016,
    -0.97580474615097046,
    -0.12026244401931763,
    0.18259766697883606,
    0.27377608418464661,
    -0.10859566926956177,
    -0.45826259255409241,
    -0.88215786218643188,
    -0.17638802528381348,
    0,
    0,
    0,
    0.99999988079071045
  ],
  "motionQuality" : 0.87404137849807739,
  "averageVelocity" : 0.09490126371383667,
  "time" : 918572.94290637516
}