{
  "exposureDuration" : 0.01666666753590107,
  "averageVelocity" : 0.049875263124704361,
  "frame_index" : 40,
  "intrinsics" : [
    1460.2777099609375,
    0,
    965.09527587890625,
    0,
    1460.2777099609375,
    715.7642822265625,
    0,
    0,
    1
  ],
  "cameraGrain" : 0.0097413202747702599,
  "projectionMatrix" : [
    1.5211225748062134,
    0,
    -0.0058283805847167969,
    0,
    0,
    2.0281634330749512,
    -0.0051884651184082031,
    0,
    0,
    0,
    -0.9999997615814209,
    -0.00099999981466680765,
    0,
    0,
    -1,
    0
  ],
  "time" : 918562.47605283349,
  "motionQuality" : 0.97659295797348022,
  "averageAngularVelocity" : 0.081924714148044586,
  "cameraPoseARFrame" : [
    -0.40951406955718994,
    0.8341745138168335,
    -0.36939290165901184,
    -0.092102706432342529,
    -0.69000935554504395,
    -0.018326563760638237,
    0.72356832027435303,
    0.4000103771686554,
    0.59681260585784912,
    0.55119603872299194,
    0.58309322595596313,
    0.16797447204589844,
    0,
    0,
    0,
    0.99999994039535522
  ]
}