{
  "averageAngularVelocity" : 0,
  "projectionMatrix" : [
    1.5313246250152588,
    0,
    -0.0045626163482666016,
    0,
    0,
    2.0417661666870117,
    -0.0047441720962524414,
    0,
    0,
    0,
    -0.9999997615814209,
    -0.00099999981466680765,
    0,
    0,
    -1,
    0
  ],
  "intrinsics" : [
    1470.0716552734375,
    0,
    963.880126953125,
    0,
    1470.0716552734375,
    716.084228515625,
    0,
    0,
    1
  ],
  "cameraGrain" : 0.020146941766142845,
  "frame_index" : 19,
  "exposureDuration" : 0.01666666753590107,
  "cameraPoseARFrame" : [
    0.39711609482765198,
    -0.88979095220565796,
    0.22487947344779968,
    0.079454705119132996,
    -0.54408448934555054,
    -0.03091982938349247,
    0.83846038579940796,
    0.42351701855659485,
    -0.7391013503074646,
    -0.45531970262527466,
    -0.49640032649040222,
    -0.10023400187492371,
    0,
    0,
    0,
    0.99999988079071045
  ],
  "motionQuality" : 0.97603583335876465,
  "averageVelocity" : 0.024259118363261223,
  "time" : 918551.37524879188
}