{
  "averageAngularVelocity" : 0.41546139121055603,
  "time" : 918560.34380825015,
  "cameraGrain" : 0,
  "cameraPoseARFrame" : [
    -0.50385332107543945,
    0.62170892953872681,
    -0.59967464208602905,
    -0.14403769373893738,
    -0.79659855365753174,
    -0.065990433096885681,
    0.60089588165283203,
    0.35866823792457581,
    0.33400964736938477,
    0.78046345710754395,
    0.52850204706192017,
    0.11556672304868698,
    0,
    0,
    0,
    0.99999994039535522
  ],
  "projectionMatrix" : [
    1.5261299610137939,
    0,
    -0.0064605474472045898,
    0,
    0,
    2.0348398685455322,
    -0.0053261518478393555,
    0,
    0,
    0,
    -0.9999997615814209,
    -0.00099999981466680765,
    0,
    0,
    -1,
    0
  ],
  "exposureDuration" : 0.01666666753590107,
  "frame_index" : 36,
  "averageVelocity" : 0.064075186848640442,
  "motionQuality" : 0.88129675388336182,
  "intrinsics" : [
    1465.084716796875,
    0,
    965.70208740234375,
    0,
    1465.084716796875,
    715.6651611328125,
    0,
    0,
    1
  ]
}