{
  "cameraPoseARFrame" : [
    0.082479275763034821,
    -0.9706912636756897,
    0.22573341429233551,
    0.074332371354103088,
    -0.98863261938095093,
    -0.051123030483722687,
    0.1413925439119339,
    0.27723199129104614,
    -0.12570837140083313,
    -0.23482944071292877,
    -0.96387380361557007,
    -0.19677039980888367,
    0,
    0,
    0,
    1
  ],
  "motionQuality" : 0.90816402435302734,
  "time" : 918573.4449934169,
  "exposureDuration" : 0.01666666753590107,
  "averageVelocity" : 0,
  "frame_index" : 61,
  "cameraGrain" : 0.015368107706308365,
  "averageAngularVelocity" : 0.32142600417137146,
  "projectionMatrix" : [
    1.5405784845352173,
    0,
    -0.0077157020568847656,
    0,
    0,
    2.0541045665740967,
    -0.0057840347290039062,
    0,
    0,
    0,
    -0.9999997615814209,
    -0.00099999981466680765,
    0,
    0,
    -1,
    0
  ],
  "intrinsics" : [
    1478.955322265625,
    0,
    966.9071044921875,
    0,
    1478.955322265625,
    715.33551025390625,
    0,
    0,
    1
  ]
}