{
  "time" : 918541.34308250016,
  "cameraPoseARFrame" : [
    -0.24383328855037689,
    0.95248007774353027,
    -0.18255649507045746,
    -0.010039274580776691,
    -0.52075308561325073,
    0.030210835859179497,
    0.85317254066467285,
    0.39767077565193176,
    0.81814509630203247,
    0.30309879779815674,
    0.48864069581031799,
    0.10655483603477478,
    0,
    0,
    0,
    0.99999988079071045
  ],
  "averageVelocity" : 0,
  "motionQuality" : 1,
  "exposureDuration" : 0.01666666753590107,
  "intrinsics" : [
    1488.00732421875,
    0,
    963.79931640625,
    0,
    1488.00732421875,
    716.407958984375,
    0,
    0,
    1
  ],
  "averageAngularVelocity" : 0,
  "frame_index" : 0,
  "projectionMatrix" : [
    1.5500075817108154,
    0,
    -0.00447845458984375,
    0,
    0,
    2.0666768550872803,
    -0.0042945146560668945,
    0,
    0,
    0,
    -0.9999997615814209,
    -0.00099999981466680765,
    0,
    0,
    -1,
    0
  ],
  "cameraGrain" : 0
}