{
  "averageAngularVelocity" : 0,
  "projectionMatrix" : [
    1.5313125848770142,
    0,
    -0.0064768791198730469,
    0,
    0,
    2.0417501926422119,
    -0.0058653354644775391,
    0,
    0,
    0,
    -0.9999997615814209,
    -0.00099999981466680765,
    0,
    0,
    -1,
    0
  ],
  "intrinsics" : [
    1470.06005859375,
    0,
    965.71783447265625,
    0,
    1470.06005859375,
    715.2769775390625,
    0,
    0,
    1
  ],
  "cameraGrain" : 0.022675978019833565,
  "frame_index" : 30,
  "exposureDuration" : 0.01666666753590107,
  "cameraPoseARFrame" : [
    -0.48883020877838135,
    -0.49241423606872559,
    -0.72012031078338623,
    -0.14571808278560638,
    -0.80197387933731079,
    -0.071225658059120178,
    0.59309756755828857,
    0.35580363869667053,
    -0.34334084391593933,
    0.86744165420532227,
    -0.36008623242378235,
    -0.075335033237934113,
    0,
    0,
    0,
    0.99999994039535522
  ],
  "motionQuality" : 0.9759594202041626,
  "averageVelocity" : 0.084142029285430908,
  "time" : 918557.17557816685
}