{
  "frame_index" : 50,
  "exposureDuration" : 0.01666666753590107,
  "cameraPoseARFrame" : [
    -0.088961407542228699,
    0.98044633865356445,
    0.17552979290485382,
    0.047139812260866165,
    -0.92125219106674194,
    -0.14798992872238159,
    0.35971283912658691,
    0.31416967511177063,
    0.37865588068962097,
    -0.12970660626888275,
    0.91640383005142212,
    0.22856323421001434,
    0,
    0,
    0,
    0.99999994039535522
  ],
  "time" : 918567.74327604182,
  "projectionMatrix" : [
    1.5320694446563721,
    0,
    -0.0074898004531860352,
    0,
    0,
    2.0427591800689697,
    -0.0057008266448974609,
    0,
    0,
    0,
    -0.9999997615814209,
    -0.00099999981466680765,
    0,
    0,
    -1,
    0
  ],
  "averageVelocity" : 0.11986294388771057,
  "motionQuality" : 0.82979130744934082,
  "cameraGrain" : 0,
  "intrinsics" : [
    1470.78662109375,
    0,
    966.690185546875,
    0,
    1470.78662109375,
    715.39544677734375,
    0,
    0,
    1
  ],
  "averageAngularVelocity" : 0.59573042392730713
}