{
  "averageAngularVelocity" : 0.74979293346405029,
  "time" : 918555.07555775018,
  "cameraGrain" : 0.028010668233036995,
  "cameraPoseARFrame" : [
    0.093571394681930542,
    -0.99494034051895142,
    -0.036577746272087097,
    0.053874664008617401,
    -0.79651927947998047,
    -0.09685121476650238,
    0.59680545330047607,
    0.32189518213272095,
    -0.59732866287231445,
    -0.02670905739068985,
    -0.80155181884765625,
    -0.19542157649993896,
    0,
    0,
    0,
    1
  ],
  "projectionMatrix" : [
    1.5314481258392334,
    0,
    -0.006617426872253418,
    0,
    0,
    2.0419309139251709,
    -0.004590153694152832,
    0,
    0,
    0,
    -0.9999997615814209,
    -0.00099999981466680765,
    0,
    0,
    -1,
    0
  ],
  "exposureDuration" : 0.01666666753590107,
  "frame_index" : 26,
  "averageVelocity" : 0.13412867486476898,
  "motionQuality" : 0.78577345609664917,
  "intrinsics" : [
    1470.190185546875,
    0,
    965.85272216796875,
    0,
    1470.190185546875,
    716.19512939453125,
    0,
    0,
    1
  ]
}