{
  "averageAngularVelocity" : 0,
  "projectionMatrix" : [
    1.5152307748794556,
    0,
    -0.0077078342437744141,
    0,
    0,
    2.0203077793121338,
    -0.0059927701950073242,
    0,
    0,
    0,
    -0.9999997615814209,
    -0.00099999981466680765,
    0,
    0,
    -1,
    0
  ],
  "intrinsics" : [
    1454.62158203125,
    0,
    966.89947509765625,
    0,
    1454.62158203125,
    715.1851806640625,
    0,
    0,
    1
  ],
  "cameraGrain" : 0,
  "frame_index" : 70,
  "exposureDuration" : 0.01666666753590107,
  "cameraPoseARFrame" : [
    -0.16998879611492157,
    -0.22650487720966339,
    -0.95906168222427368,
    -0.18808238208293915,
    -0.97077769041061401,
    -0.12880308926105499,
    0.20248527824878693,
    0.30972066521644592,
    -0.16939404606819153,
    0.96545594930648804,
    -0.19799090921878815,
    -0.073190867900848389,
    0,
    0,
    0,
    0.99999994039535522
  ],
  "motionQuality" : 0.98750287294387817,
  "averageVelocity" : 0,
  "time" : 918578.1769262919
}