{
  "intrinsics" : [
    1489.043701171875,
    0,
    960.96331787109375,
    0,
    1489.043701171875,
    715.60833740234375,
    0,
    0,
    1
  ],
  "exposureDuration" : 0.01666666753590107,
  "averageVelocity" : 0.098238654434680939,
  "cameraPoseARFrame" : [
    -0.98701220750808716,
    0.15969288349151611,
    -0.01747785322368145,
    -0.030282663181424141,
    -0.0091003784909844398,
    0.053041461855173111,
    0.99855083227157593,
    0.18916487693786621,
    0.1603885293006897,
    0.98574090003967285,
    -0.050899311900138855,
    0.002585084643214941,
    0,
    0,
    0,
    1
  ],
  "projectionMatrix" : [
    1.5510871410369873,
    0,
    -0.0015243291854858398,
    0,
    0,
    2.0681161880493164,
    -0.0054050683975219727,
    0,
    0,
    0,
    -0.9999997615814209,
    -0.00099999981466680765,
    0,
    0,
    -1,
    0
  ],
  "motionQuality" : 0.9483569860458374,
  "frame_index" : 37,
  "time" : 972548.03010525019,
  "cameraGrain" : 0,
  "averageAngularVelocity" : 0.18075057864189148
}