{
  "frame_index" : 8,
  "time" : 972532.76423879189,
  "cameraGrain" : 0,
  "motionQuality" : 0.88465362787246704,
  "projectionMatrix" : [
    1.5360252857208252,
    0,
    -0.0082479715347290039,
    0,
    0,
    2.0480337142944336,
    -0.0063322782516479492,
    0,
    0,
    0,
    -0.9999997615814209,
    -0.00099999981466680765,
    0,
    0,
    -1,
    0
  ],
  "intrinsics" : [
    1474.584228515625,
    0,
    967.4180908203125,
    0,
    1474.584228515625,
    714.9407958984375,
    0,
    0,
    1
  ],
  "averageAngularVelocity" : 0.40371233224868774,
  "exposureDuration" : 0.01666666753590107,
  "cameraPoseARFrame" : [
    0.40215525031089783,
    0.57986420392990112,
    0.70853978395462036,
    0.11219209432601929,
    -0.84990477561950684,
    -0.051362957805395126,
    0.52442663908004761,
    0.15737497806549072,
    0.34048900008201599,
    -0.81309247016906738,
    0.4721735417842865,
    0.12562721967697144,
    0,
    0,
    0,
    0.99999988079071045
  ],
  "averageVelocity" : 0.10154100507497787
}