{
  "frame_index" : 6,
  "time" : 972531.72910191689,
  "cameraGrain" : 0,
  "motionQuality" : 0.86833178997039795,
  "projectionMatrix" : [
    1.5432275533676147,
    0,
    -0.0082761049270629883,
    0,
    0,
    2.0576367378234863,
    -0.0061186552047729492,
    0,
    0,
    0,
    -0.9999997615814209,
    -0.00099999981466680765,
    0,
    0,
    -1,
    0
  ],
  "intrinsics" : [
    1481.4984130859375,
    0,
    967.44500732421875,
    0,
    1481.4984130859375,
    715.09454345703125,
    0,
    0,
    1
  ],
  "averageAngularVelocity" : 0.46083870530128479,
  "exposureDuration" : 0.01666666753590107,
  "cameraPoseARFrame" : [
    0.19912570714950562,
    0.89752209186553955,
    0.39345061779022217,
    0.065707981586456299,
    -0.86210107803344727,
    -0.030471060425043106,
    0.50581938028335571,
    0.13291442394256592,
    0.46597298979759216,
    -0.43991586565971375,
    0.76768726110458374,
    0.17709244787693024,
    0,
    0,
    0,
    1
  ],
  "averageVelocity" : 0.09586670994758606
}