{
  "frame_index" : 3,
  "time" : 972530.12888220849,
  "cameraGrain" : 0,
  "motionQuality" : 0.99215483665466309,
  "projectionMatrix" : [
    1.5530869960784912,
    0,
    -0.0083113908767700195,
    0,
    0,
    2.0707826614379883,
    -0.0055701732635498047,
    0,
    0,
    0,
    -0.9999997615814209,
    -0.00099999981466680765,
    0,
    0,
    -1,
    0
  ],
  "intrinsics" : [
    1490.9635009765625,
    0,
    967.4788818359375,
    0,
    1490.9635009765625,
    715.48944091796875,
    0,
    0,
    1
  ],
  "averageAngularVelocity" : 0.027458025142550468,
  "exposureDuration" : 0.01666666753590107,
  "cameraPoseARFrame" : [
    0.016452863812446594,
    0.99852418899536133,
    -0.051759727299213409,
    -0.04167436808347702,
    -0.88707613945007324,
    0.038462083786725998,
    0.46001797914505005,
    0.10906987637281418,
    0.46132984757423401,
    0.0383460633456707,
    0.88639986515045166,
    0.18634621798992157,
    0,
    0,
    0,
    1
  ],
  "averageVelocity" : 0.0070821442641317844
}