{
  "cameraPoseARFrame" : [
    -0.79063904285430908,
    0.33725860714912415,
    -0.51102530956268311,
    -0.16278006136417389,
    -0.52576088905334473,
    0.053780294954776764,
    0.84893053770065308,
    0.25125205516815186,
    0.31379222869873047,
    0.93987476825714111,
    0.13479660451412201,
    0.045347891747951508,
    0,
    0,
    0,
    1
  ],
  "averageVelocity" : 0.16318534314632416,
  "averageAngularVelocity" : 0.79074776172637939,
  "frame_index" : 29,
  "projectionMatrix" : [
    1.5214571952819824,
    0,
    -0.0072218179702758789,
    0,
    0,
    2.0286095142364502,
    -0.0058180093765258789,
    0,
    0,
    0,
    -0.9999997615814209,
    -0.00099999981466680765,
    0,
    0,
    -1,
    0
  ],
  "motionQuality" : 0.77407205104827881,
  "cameraGrain" : 0,
  "exposureDuration" : 0.01666666753590107,
  "time" : 972543.82967520854,
  "intrinsics" : [
    1460.598876953125,
    0,
    966.43292236328125,
    0,
    1460.598876953125,
    715.31103515625,
    0,
    0,
    1
  ]
}