{
  "cameraPoseARFrame" : [
    0.49656006693840027,
    -0.34279021620750427,
    0.79744803905487061,
    0.15235807001590729,
    -0.85384368896484375,
    -0.027641702443361282,
    0.51979488134384155,
    0.18896770477294922,
    -0.15613782405853271,
    -0.93900537490844727,
    -0.30641511082649231,
    -0.050388023257255554,
    0,
    0,
    0,
    1
  ],
  "averageVelocity" : 0.10818858444690704,
  "averageAngularVelocity" : 0.27791067957878113,
  "frame_index" : 12,
  "projectionMatrix" : [
    1.5146052837371826,
    0,
    -0.0082728862762451172,
    0,
    0,
    2.0194737911224365,
    -0.006178736686706543,
    0,
    0,
    0,
    -0.9999997615814209,
    -0.00099999981466680765,
    0,
    0,
    -1,
    0
  ],
  "motionQuality" : 0.92059695720672607,
  "cameraGrain" : 0,
  "exposureDuration" : 0.01666666753590107,
  "time" : 972534.86254295858,
  "intrinsics" : [
    1454.0211181640625,
    0,
    967.4420166015625,
    0,
    1454.0211181640625,
    715.05126953125,
    0,
    0,
    1
  ]
}