{
  "frame_index" : 0,
  "averageVelocity" : 0,
  "cameraPoseARFrame" : [
    0.025801332667469978,
    0.99848312139511108,
    -0.048640299588441849,
    -0.042003870010375977,
    -0.88587027788162231,
    0.045383073389530182,
    0.46170786023139954,
    0.10228144377470016,
    0.46321499347686768,
    0.031176244840025902,
    0.88569760322570801,
    0.18184447288513184,
    0,
    0,
    0,
    1
  ],
  "cameraGrain" : 0,
  "exposureDuration" : 0.01666666753590107,
  "intrinsics" : [
    1492.4664306640625,
    0,
    967.46929931640625,
    0,
    1492.4664306640625,
    715.47698974609375,
    0,
    0,
    1
  ],
  "projectionMatrix" : [
    1.5546525716781616,
    0,
    -0.0083013772964477539,
    0,
    0,
    2.0728700160980225,
    -0.005587458610534668,
    0,
    0,
    0,
    -0.9999997615814209,
    -0.00099999981466680765,
    0,
    0,
    -1,
    0
  ],
  "motionQuality" : 1,
  "time" : 972528.5288793752,
  "averageAngularVelocity" : 0
}