{
  "cameraPoseARFrame" : [
    -0.96880179643630981,
    0.2153165340423584,
    -0.12272810190916061,
    -0.041508212685585022,
    -0.11328863352537155,
    0.055694833397865295,
    0.99199986457824707,
    0.23788952827453613,
    0.22042931616306305,
    0.97495490312576294,
    -0.029564341530203819,
    0.010745765641331673,
    0,
    0,
    0,
    1
  ],
  "averageVelocity" : 0,
  "motionQuality" : 0.91783207654953003,
  "cameraGrain" : 0,
  "exposureDuration" : 0.01666666753590107,
  "projectionMatrix" : [
    1.5359815359115601,
    0,
    -0.0032482147216796875,
    0,
    0,
    2.0479753017425537,
    -0.0054854154586791992,
    0,
    0,
    0,
    -0.9999997615814209,
    -0.00099999981466680765,
    0,
    0,
    -1,
    0
  ],
  "intrinsics" : [
    1474.542236328125,
    0,
    962.6182861328125,
    0,
    1474.542236328125,
    715.55047607421875,
    0,
    0,
    1
  ],
  "frame_index" : 32,
  "averageAngularVelocity" : 0.28758764266967773,
  "time" : 972545.39800850023
}