{
  "intrinsics" : [
    1508.4901123046875,
    0,
    961.0791015625,
    0,
    1508.4901123046875,
    715.5289306640625,
    0,
    0,
    1
  ],
  "exposureDuration" : 0.01666666753590107,
  "averageVelocity" : 0,
  "cameraPoseARFrame" : [
    -0.98771703243255615,
    0.15610381960868835,
    -0.0068486584350466728,
    -0.031663276255130768,
    0.00062525522662326694,
    0.047778520733118057,
    0.99885767698287964,
    0.17797428369522095,
    0.15625275671482086,
    0.98658442497253418,
    -0.047289278358221054,
    0.0034570698626339436,
    0,
    0,
    0,
    1
  ],
  "projectionMatrix" : [
    1.5713438987731934,
    0,
    -0.0016448497772216797,
    0,
    0,
    2.0951251983642578,
    -0.0055153369903564453,
    0,
    0,
    0,
    -0.9999997615814209,
    -0.00099999981466680765,
    0,
    0,
    -1,
    0
  ],
  "motionQuality" : 0.98798757791519165,
  "frame_index" : 38,
  "time" : 972548.56333779183,
  "cameraGrain" : 0,
  "averageAngularVelocity" : 0
}