{
  "cameraPoseARFrame" : [
    -0.86754786968231201,
    0.33450007438659668,
    -0.36806327104568481,
    -0.11798350512981415,
    -0.38120311498641968,
    0.028107535094022751,
    0.92406386137008667,
    0.26436811685562134,
    0.31944480538368225,
    0.94197660684585571,
    0.1031278669834137,
    0.014669105410575867,
    0,
    0,
    0,
    1
  ],
  "averageVelocity" : 0,
  "averageAngularVelocity" : 0.44009077548980713,
  "frame_index" : 30,
  "projectionMatrix" : [
    1.5238672494888306,
    0,
    -0.005514979362487793,
    0,
    0,
    2.0318231582641602,
    -0.0054442882537841797,
    0,
    0,
    0,
    -0.9999997615814209,
    -0.00099999981466680765,
    0,
    0,
    -1,
    0
  ],
  "motionQuality" : 0.87425976991653442,
  "cameraGrain" : 0,
  "exposureDuration" : 0.01666666753590107,
  "intrinsics" : [
    1462.91259765625,
    0,
    964.79443359375,
    0,
    1462.91259765625,
    715.580078125,
    0,
    0,
    1
  ],
  "time" : 972544.33004100027
}