{
  "frame_index" : 7,
  "time" : 972532.26379304193,
  "cameraGrain" : 0,
  "motionQuality" : 0.88845264911651611,
  "projectionMatrix" : [
    1.5367221832275391,
    0,
    -0.0081763267517089844,
    0,
    0,
    2.0489628314971924,
    -0.0063459873199462891,
    0,
    0,
    0,
    -0.9999997615814209,
    -0.00099999981466680765,
    0,
    0,
    -1,
    0
  ],
  "intrinsics" : [
    1475.2532958984375,
    0,
    967.34930419921875,
    0,
    1475.2532958984375,
    714.93084716796875,
    0,
    0,
    1
  ],
  "averageAngularVelocity" : 0.39041569828987122,
  "exposureDuration" : 0.01666666753590107,
  "cameraPoseARFrame" : [
    0.28115719556808472,
    0.78572207689285278,
    0.5509914755821228,
    0.096801117062568665,
    -0.87314975261688232,
    -0.028789611533284187,
    0.48660099506378174,
    0.14360910654067993,
    0.39819604158401489,
    -0.61790949106216431,
    0.67795878648757935,
    0.15534739196300507,
    0,
    0,
    0,
    1
  ],
  "averageVelocity" : 0
}