{
  "cameraPoseARFrame" : [
    -0.52026891708374023,
    0.0023270759265869856,
    -0.85399949550628662,
    -0.25072255730628967,
    -0.85364842414855957,
    0.027375156059861183,
    0.52012968063354492,
    0.20800685882568359,
    0.024588717147707939,
    0.999622642993927,
    -0.012255944311618805,
    -0.026407446712255478,
    0,
    0,
    0,
    1
  ],
  "averageVelocity" : 0.077744483947753906,
  "averageAngularVelocity" : 0.10248587280511856,
  "frame_index" : 25,
  "projectionMatrix" : [
    1.50838303565979,
    0,
    -0.0083489418029785156,
    0,
    0,
    2.0111773014068604,
    -0.0058436393737792969,
    0,
    0,
    0,
    -0.9999997615814209,
    -0.00099999981466680765,
    0,
    0,
    -1,
    0
  ],
  "motionQuality" : 0.97071832418441772,
  "cameraGrain" : 0,
  "exposureDuration" : 0.01666666753590107,
  "intrinsics" : [
    1448.0477294921875,
    0,
    967.51495361328125,
    0,
    1448.0477294921875,
    715.29254150390625,
    0,
    0,
    1
  ],
  "time" : 972541.69806670852
}