{
  "cameraPoseARFrame" : [
    -0.44929972290992737,
    -0.3944028913974762,
    -0.80160856246948242,
    -0.22115503251552582,
    -0.86787360906600952,
    -0.020188981667160988,
    0.49637442827224731,
    0.20182269811630249,
    -0.21195521950721741,
    0.91871583461761475,
    -0.33322107791900635,
    -0.089005641639232635,
    0,
    0,
    0,
    0.99999988079071045
  ],
  "averageVelocity" : 0.11107522249221802,
  "averageAngularVelocity" : 0.77080738544464111,
  "frame_index" : 23,
  "projectionMatrix" : [
    1.5147767066955566,
    0,
    -0.0081170797348022461,
    0,
    0,
    2.0197024345397949,
    -0.0059826374053955078,
    0,
    0,
    0,
    -0.9999997615814209,
    -0.00099999981466680765,
    0,
    0,
    -1,
    0
  ],
  "motionQuality" : 0.77976930141448975,
  "cameraGrain" : 0,
  "exposureDuration" : 0.01666666753590107,
  "intrinsics" : [
    1454.1856689453125,
    0,
    967.29241943359375,
    0,
    1454.1856689453125,
    715.1925048828125,
    0,
    0,
    1
  ],
  "time" : 972540.66395800025
}