{
  "cameraPoseARFrame" : [
    0.498496413230896,
    -0.12389475107192993,
    0.85799282789230347,
    0.18925979733467102,
    -0.86507642269134521,
    -0.0070761931128799915,
    0.5015900731086731,
    0.19662517309188843,
    -0.056073065847158432,
    -0.99227023124694824,
    -0.11070588231086731,
    -0.0050189271569252014,
    0,
    0,
    0,
    1
  ],
  "averageVelocity" : 0.061956088989973068,
  "averageAngularVelocity" : 0.29695135354995728,
  "frame_index" : 11,
  "projectionMatrix" : [
    1.5176049470901489,
    0,
    -0.008116602897644043,
    0,
    0,
    2.0234732627868652,
    -0.00653076171875,
    0,
    0,
    0,
    -0.9999997615814209,
    -0.00099999981466680765,
    0,
    0,
    -1,
    0
  ],
  "motionQuality" : 0.9151567816734314,
  "cameraGrain" : 0,
  "exposureDuration" : 0.01666666753590107,
  "time" : 972534.3307796669,
  "intrinsics" : [
    1456.9007568359375,
    0,
    967.2919921875,
    0,
    1456.9007568359375,
    714.7978515625,
    0,
    0,
    1
  ]
}