{
  "cameraPoseARFrame" : [
    -0.37769234180450439,
    -0.69252645969390869,
    -0.61461848020553589,
    -0.17576602101325989,
    -0.84836256504058838,
    -0.0071318494156002998,
    0.52936744689941406,
    0.19156515598297119,
    -0.37098443508148193,
    0.72135728597640991,
    -0.5848199725151062,
    -0.13864021003246307,
    0,
    0,
    0,
    1
  ],
  "averageVelocity" : 0.16095811128616333,
  "averageAngularVelocity" : 0.41173946857452393,
  "frame_index" : 22,
  "projectionMatrix" : [
    1.5169676542282104,
    0,
    -0.0082747936248779297,
    0,
    0,
    2.0226235389709473,
    -0.0059680938720703125,
    0,
    0,
    0,
    -0.9999997615814209,
    -0.00099999981466680765,
    0,
    0,
    -1,
    0
  ],
  "motionQuality" : 0.88236016035079956,
  "cameraGrain" : 0,
  "exposureDuration" : 0.01666666753590107,
  "time" : 972540.12946620851,
  "intrinsics" : [
    1456.2889404296875,
    0,
    967.44378662109375,
    0,
    1456.2889404296875,
    715.2030029296875,
    0,
    0,
    1
  ]
}