{
  "frame_index" : 1,
  "time" : 972529.06378300022,
  "cameraGrain" : 0,
  "motionQuality" : 0.99751627445220947,
  "projectionMatrix" : [
    1.5552738904953003,
    0,
    -0.0083222389221191406,
    0,
    0,
    2.0736985206604004,
    -0.0055768489837646484,
    0,
    0,
    0,
    -0.9999997615814209,
    -0.00099999981466680765,
    0,
    0,
    -1,
    0
  ],
  "intrinsics" : [
    1493.06298828125,
    0,
    967.4893798828125,
    0,
    1493.06298828125,
    715.48468017578125,
    0,
    0,
    1
  ],
  "averageAngularVelocity" : 0.0086929453536868095,
  "exposureDuration" : 0.01666666753590107,
  "cameraPoseARFrame" : [
    0.021835194900631905,
    0.99865186214447021,
    -0.047094929963350296,
    -0.04170043021440506,
    -0.88490808010101318,
    0.041226837784051895,
    0.46393752098083496,
    0.10514061897993088,
    0.46525365114212036,
    0.031544536352157593,
    0.88461542129516602,
    0.18167530000209808,
    0,
    0,
    0,
    1
  ],
  "averageVelocity" : 0.0080871284008026123
}