{
  "frame_index" : 2,
  "time" : 972529.59526308358,
  "cameraGrain" : 0,
  "motionQuality" : 0.99698972702026367,
  "projectionMatrix" : [
    1.5546565055847168,
    0,
    -0.0083234310150146484,
    0,
    0,
    2.0728752613067627,
    -0.0055776834487915039,
    0,
    0,
    0,
    -0.9999997615814209,
    -0.00099999981466680765,
    0,
    0,
    -1,
    0
  ],
  "intrinsics" : [
    1492.47021484375,
    0,
    967.49053955078125,
    0,
    1492.47021484375,
    715.48406982421875,
    0,
    0,
    1
  ],
  "averageAngularVelocity" : 0.010536032728850842,
  "exposureDuration" : 0.01666666753590107,
  "cameraPoseARFrame" : [
    0.02039911225438118,
    0.9984784722328186,
    -0.051233746111392975,
    -0.041919026523828506,
    -0.88795500993728638,
    0.04164397343993187,
    0.45804107189178467,
    0.10749327391386032,
    0.45947772264480591,
    0.036149594932794571,
    0.88745355606079102,
    0.18361471593379974,
    0,
    0,
    0,
    0.99999994039535522
  ],
  "averageVelocity" : 0
}