{
  "frame_index" : 23,
  "cameraPoseARFrame" : [
    0.39610368013381958,
    -0.84719419479370117,
    0.35406723618507385,
    0.091483466327190399,
    -0.64159739017486572,
    0.020477522164583206,
    0.76676827669143677,
    0.19729124009609222,
    -0.65685206651687622,
    -0.53088837862014771,
    -0.5354464054107666,
    -0.12213930487632751,
    0,
    0,
    0,
    1
  ],
  "averageVelocity" : 0,
  "intrinsics" : [
    1471.8421630859375,
    0,
    965.64801025390625,
    0,
    1471.8421630859375,
    715.4091796875,
    0,
    0,
    1
  ],
  "averageAngularVelocity" : 0.24584062397480011,
  "exposureDuration" : 0.01666666753590107,
  "motionQuality" : 0.92975980043411255,
  "time" : 972329.9048226669,
  "projectionMatrix" : [
    1.5331689119338989,
    0,
    -0.0064041614532470703,
    0,
    0,
    2.0442252159118652,
    -0.0056817531585693359,
    0,
    0,
    0,
    -0.9999997615814209,
    -0.00099999981466680765,
    0,
    0,
    -1,
    0
  ],
  "cameraGrain" : 0
}