{
  "frame_index" : 8,
  "cameraPoseARFrame" : [
    0.3099898099899292,
    0.92937308549880981,
    0.20042842626571655,
    0.052376411855220795,
    -0.57186567783355713,
    0.013853506185114384,
    0.82023030519485474,
    0.17070408165454865,
    0.75952339172363281,
    -0.36888119578361511,
    0.53577107191085815,
    0.097508780658245087,
    0,
    0,
    0,
    0.99999994039535522
  ],
  "averageVelocity" : 0,
  "intrinsics" : [
    1487.9384765625,
    0,
    965.25579833984375,
    0,
    1487.9384765625,
    715.35797119140625,
    0,
    0,
    1
  ],
  "averageAngularVelocity" : 0.16438426077365875,
  "exposureDuration" : 0.01666666753590107,
  "projectionMatrix" : [
    1.5499359369277954,
    0,
    -0.005995631217956543,
    0,
    0,
    2.0665812492370605,
    -0.0057528018951416016,
    0,
    0,
    0,
    -0.9999997615814209,
    -0.00099999981466680765,
    0,
    0,
    -1,
    0
  ],
  "motionQuality" : 0.95303308963775635,
  "time" : 972322.15277283359,
  "cameraGrain" : 0
}