{
  "frame_index" : 6,
  "cameraPoseARFrame" : [
    0.02965465746819973,
    0.99954146146774292,
    0.0060908901505172253,
    0.0087415184825658798,
    -0.57869511842727661,
    0.012199768796563148,
    0.81545263528823853,
    0.1843065470457077,
    0.81500452756881714,
    -0.027706734836101532,
    0.57879161834716797,
    0.11725327372550964,
    0,
    0,
    0,
    1
  ],
  "averageVelocity" : 0.02687605656683445,
  "intrinsics" : [
    1491.888916015625,
    0,
    965.2298583984375,
    0,
    1491.888916015625,
    715.4039306640625,
    0,
    0,
    1
  ],
  "averageAngularVelocity" : 0,
  "exposureDuration" : 0.01666666753590107,
  "projectionMatrix" : [
    1.5540509223937988,
    0,
    -0.0059685707092285156,
    0,
    0,
    2.0720679759979248,
    -0.0056890249252319336,
    0,
    0,
    0,
    -0.9999997615814209,
    -0.00099999981466680765,
    0,
    0,
    -1,
    0
  ],
  "time" : 972321.11918912525,
  "motionQuality" : 0.99136501550674438,
  "cameraGrain" : 0
}