{
  "frame_index" : 36,
  "cameraPoseARFrame" : [
    -0.61791998147964478,
    -0.11659111827611923,
    -0.77754819393157959,
    -0.17376580834388733,
    -0.78471428155899048,
    0.029857669025659561,
    0.61913794279098511,
    0.11936578899621964,
    -0.048970192670822144,
    0.99273085594177246,
    -0.10994032770395279,
    -0.017012428492307663,
    0,
    0,
    0,
    0.99999988079071045
  ],
  "averageVelocity" : 0.12124436348676682,
  "intrinsics" : [
    1480.7908935546875,
    0,
    967.67462158203125,
    0,
    1480.7908935546875,
    715.53265380859375,
    0,
    0,
    1
  ],
  "averageAngularVelocity" : 0.49579575657844543,
  "exposureDuration" : 0.01666666753590107,
  "projectionMatrix" : [
    1.5424904823303223,
    0,
    -0.0085152387619018555,
    0,
    0,
    2.0566539764404297,
    -0.0055102109909057617,
    0,
    0,
    0,
    -0.9999997615814209,
    -0.00099999981466680765,
    0,
    0,
    -1,
    0
  ],
  "motionQuality" : 0.85834407806396484,
  "time" : 972336.77068754192,
  "cameraGrain" : 0
}