{
  "frame_index" : 35,
  "cameraPoseARFrame" : [
    -0.44934466481208801,
    -0.14669880270957947,
    -0.88123136758804321,
    -0.19135946035385132,
    -0.89215958118438721,
    0.022601639851927757,
    0.45115455985069275,
    0.10889653116464615,
    -0.046266555786132812,
    0.9889228343963623,
    -0.14103469252586365,
    -0.034929979592561722,
    0,
    0,
    0,
    1
  ],
  "averageVelocity" : 0.031600244343280792,
  "intrinsics" : [
    1476.8863525390625,
    0,
    967.59814453125,
    0,
    1476.8863525390625,
    715.316650390625,
    0,
    0,
    1
  ],
  "averageAngularVelocity" : 0.11471722275018692,
  "exposureDuration" : 0.01666666753590107,
  "projectionMatrix" : [
    1.5384232997894287,
    0,
    -0.0084356069564819336,
    0,
    0,
    2.0512311458587646,
    -0.0058102607727050781,
    0,
    0,
    0,
    -0.9999997615814209,
    -0.00099999981466680765,
    0,
    0,
    -1,
    0
  ],
  "motionQuality" : 0.9672236442565918,
  "time" : 972336.23825970851,
  "cameraGrain" : 0
}