{
  "cameraPoseARFrame" : [
    -0.43567690253257751,
    0.77130776643753052,
    -0.4639715850353241,
    -0.10976213216781616,
    -0.70807796716690063,
    0.024549219757318497,
    0.70570743083953857,
    0.19295991957187653,
    0.55570781230926514,
    0.63598847389221191,
    0.53545057773590088,
    0.14720436930656433,
    0,
    0,
    0,
    1
  ],
  "intrinsics" : [
    1467.3143310546875,
    0,
    966.5809326171875,
    0,
    1467.3143310546875,
    715.53460693359375,
    0,
    0,
    1
  ],
  "frame_index" : 45,
  "cameraGrain" : 0,
  "exposureDuration" : 0.01666666753590107,
  "averageVelocity" : 0.14816884696483612,
  "motionQuality" : 0.89199119806289673,
  "averageAngularVelocity" : 0.37803074717521667,
  "projectionMatrix" : [
    1.5284523963928223,
    0,
    -0.0073759555816650391,
    0,
    0,
    2.0379366874694824,
    -0.0055074691772460938,
    0,
    0,
    0,
    -0.9999997615814209,
    -0.00099999981466680765,
    0,
    0,
    -1,
    0
  ],
  "time" : 972341.50539345853
}