{
  "frame_index" : 7,
  "cameraPoseARFrame" : [
    0.1324848085641861,
    0.9871826171875,
    0.088983014225959778,
    0.022877417504787445,
    -0.568206787109375,
    0.0020828517153859138,
    0.82288312911987305,
    0.1807393878698349,
    0.81215065717697144,
    -0.1595802903175354,
    0.56119990348815918,
    0.1109839454293251,
    0,
    0,
    0,
    0.99999994039535522
  ],
  "averageVelocity" : 0,
  "intrinsics" : [
    1487.36865234375,
    0,
    965.3375244140625,
    0,
    1487.36865234375,
    715.48321533203125,
    0,
    0,
    1
  ],
  "averageAngularVelocity" : 0.23912715911865234,
  "exposureDuration" : 0.01666666753590107,
  "projectionMatrix" : [
    1.5493423938751221,
    0,
    -0.0060807466506958008,
    0,
    0,
    2.0657896995544434,
    -0.0055788755416870117,
    0,
    0,
    0,
    -0.9999997615814209,
    -0.00099999981466680765,
    0,
    0,
    -1,
    0
  ],
  "time" : 972321.62092100026,
  "motionQuality" : 0.93167793750762939,
  "cameraGrain" : 0
}