{
  "frame_index" : 13,
  "cameraPoseARFrame" : [
    0.81428003311157227,
    0.30540505051612854,
    0.49363502860069275,
    0.10175779461860657,
    -0.52007186412811279,
    0.0061234938912093639,
    0.85410064458847046,
    0.18756978213787079,
    0.2578238844871521,
    -0.95220273733139038,
    0.1638188511133194,
    0.035510066896677017,
    0,
    0,
    0,
    1
  ],
  "averageVelocity" : 0.038561005145311356,
  "intrinsics" : [
    1488.6536865234375,
    0,
    964.80499267578125,
    0,
    1488.6536865234375,
    715.4288330078125,
    0,
    0,
    1
  ],
  "averageAngularVelocity" : 0.20219630002975464,
  "exposureDuration" : 0.01666666753590107,
  "motionQuality" : 0.94222962856292725,
  "time" : 972324.7217312085,
  "projectionMatrix" : [
    1.5506808757781982,
    0,
    -0.0055260658264160156,
    0,
    0,
    2.0675745010375977,
    -0.005654454231262207,
    0,
    0,
    0,
    -0.9999997615814209,
    -0.00099999981466680765,
    0,
    0,
    -1,
    0
  ],
  "cameraGrain" : 0
}