{
  "intrinsics" : [
    1474.68359375,
    0,
    966.266357421875,
    0,
    1474.68359375,
    715.40728759765625,
    0,
    0,
    1
  ],
  "averageVelocity" : 0.0055425860919058323,
  "frame_index" : 41,
  "averageAngularVelocity" : 0.023824179545044899,
  "time" : 972339.4045480002,
  "motionQuality" : 0.99319308996200562,
  "cameraPoseARFrame" : [
    -0.70298665761947632,
    0.079150669276714325,
    -0.70678478479385376,
    -0.15116368234157562,
    -0.7083204984664917,
    0.011464024893939495,
    0.70579785108566284,
    0.18398155272006989,
    0.063967011868953705,
    0.99679648876190186,
    0.048005033284425735,
    0.019628828391432762,
    0,
    0,
    0,
    0.99999988079071045
  ],
  "cameraGrain" : 0,
  "projectionMatrix" : [
    1.5361287593841553,
    0,
    -0.0070482492446899414,
    0,
    0,
    2.0481717586517334,
    -0.0056843757629394531,
    0,
    0,
    0,
    -0.9999997615814209,
    -0.00099999981466680765,
    0,
    0,
    -1,
    0
  ],
  "exposureDuration" : 0.01666666753590107
}