{
  "frame_index" : 11,
  "cameraPoseARFrame" : [
    0.68321257829666138,
    0.63035070896148682,
    0.3686167299747467,
    0.065658211708068848,
    -0.50118857622146606,
    0.037665724754333496,
    0.86451798677444458,
    0.18012891709804535,
    0.53106534481048584,
    -0.77539604902267456,
    0.34165835380554199,
    0.065488569438457489,
    0,
    0,
    0,
    1.0000001192092896
  ],
  "averageVelocity" : 0,
  "intrinsics" : [
    1493.6558837890625,
    0,
    964.9315185546875,
    0,
    1493.6558837890625,
    715.407470703125,
    0,
    0,
    1
  ],
  "averageAngularVelocity" : 0.11713752895593643,
  "exposureDuration" : 0.01666666753590107,
  "projectionMatrix" : [
    1.5558915138244629,
    0,
    -0.0056577920913696289,
    0,
    0,
    2.0745220184326172,
    -0.0056840181350708008,
    0,
    0,
    0,
    -0.9999997615814209,
    -0.00099999981466680765,
    0,
    0,
    -1,
    0
  ],
  "motionQuality" : 0.96653211116790771,
  "time" : 972323.68720670859,
  "cameraGrain" : 0
}