{
  "averageAngularVelocity" : 0.077172771096229553,
  "time" : 972338.33903020853,
  "cameraPoseARFrame" : [
    -0.70526272058486938,
    0.059066679328680038,
    -0.70648103952407837,
    -0.1481914222240448,
    -0.70648932456970215,
    0.024333029985427856,
    0.70730537176132202,
    0.18461446464061737,
    0.058969017118215561,
    0.99795734882354736,
    0.02456880547106266,
    0.011761749163269997,
    0,
    0,
    0,
    1
  ],
  "projectionMatrix" : [
    1.5385149717330933,
    0,
    -0.0069482326507568359,
    0,
    0,
    2.0513532161712646,
    -0.0055139064788818359,
    0,
    0,
    0,
    -0.9999997615814209,
    -0.00099999981466680765,
    0,
    0,
    -1,
    0
  ],
  "motionQuality" : 0.97795063257217407,
  "cameraGrain" : 0,
  "exposureDuration" : 0.01666666753590107,
  "intrinsics" : [
    1476.974365234375,
    0,
    966.1702880859375,
    0,
    1476.974365234375,
    715.530029296875,
    0,
    0,
    1
  ],
  "frame_index" : 39,
  "averageVelocity" : 0.027170656248927116
}