{
  "frame_index" : 3,
  "cameraPoseARFrame" : [
    0.029776807874441147,
    0.99954235553741455,
    0.0053143640980124474,
    0.0030392170883715153,
    -0.61201071739196777,
    0.014027961529791355,
    0.79072505235671997,
    0.12337178736925125,
    0.79028862714767456,
    -0.026797723025083542,
    0.6121484637260437,
    0.10488669574260712,
    0,
    0,
    0,
    1
  ],
  "averageVelocity" : 0.010839194990694523,
  "intrinsics" : [
    1515.9091796875,
    0,
    965.5457763671875,
    0,
    1515.9091796875,
    715.32818603515625,
    0,
    0,
    1
  ],
  "averageAngularVelocity" : 0.029312064871191978,
  "exposureDuration" : 0.01666666753590107,
  "projectionMatrix" : [
    1.579072117805481,
    0,
    -0.0062977075576782227,
    0,
    0,
    2.1054294109344482,
    -0.0057941675186157227,
    0,
    0,
    0,
    -0.9999997615814209,
    -0.00099999981466680765,
    0,
    0,
    -1,
    0
  ],
  "motionQuality" : 0.99162513017654419,
  "time" : 972319.55251541687,
  "cameraGrain" : 0
}