{
  "averageAngularVelocity" : 0,
  "time" : 972338.87058329186,
  "cameraPoseARFrame" : [
    -0.70597118139266968,
    0.075026832520961761,
    -0.70425516366958618,
    -0.15289884805679321,
    -0.70518219470977783,
    0.017843930050730705,
    0.70880156755447388,
    0.18233580887317657,
    0.065745837986469269,
    0.99702161550521851,
    0.040310308337211609,
    0.023475324735045433,
    0,
    0,
    0,
    0.99999988079071045
  ],
  "projectionMatrix" : [
    1.5367701053619385,
    0,
    -0.0070120096206665039,
    0,
    0,
    2.0490267276763916,
    -0.005686640739440918,
    0,
    0,
    0,
    -0.9999997615814209,
    -0.00099999981466680765,
    0,
    0,
    -1,
    0
  ],
  "motionQuality" : 0.99358928203582764,
  "cameraGrain" : 0,
  "exposureDuration" : 0.01666666753590107,
  "intrinsics" : [
    1475.29931640625,
    0,
    966.23150634765625,
    0,
    1475.29931640625,
    715.4056396484375,
    0,
    0,
    1
  ],
  "frame_index" : 40,
  "averageVelocity" : 0
}