{
  "frame_index" : 1,
  "cameraPoseARFrame" : [
    0.051343481987714767,
    0.99859315156936646,
    0.013244567438960075,
    0.0047319689765572548,
    -0.60921555757522583,
    0.02080913633108139,
    0.79273158311843872,
    0.12461663037538528,
    0.79134070873260498,
    -0.048770405352115631,
    0.60942697525024414,
    0.10265398025512695,
    0,
    0,
    0,
    0.99999994039535522
  ],
  "averageVelocity" : 0.0088639818131923676,
  "intrinsics" : [
    1515.737060546875,
    0,
    965.54632568359375,
    0,
    1515.737060546875,
    715.46539306640625,
    0,
    0,
    1
  ],
  "averageAngularVelocity" : 0,
  "exposureDuration" : 0.01666666753590107,
  "projectionMatrix" : [
    1.5788928270339966,
    0,
    -0.0062983036041259766,
    0,
    0,
    2.1051902770996094,
    -0.0056036710739135742,
    0,
    0,
    0,
    -0.9999997615814209,
    -0.00099999981466680765,
    0,
    0,
    -1,
    0
  ],
  "motionQuality" : 0.9917304515838623,
  "time" : 972318.48767537519,
  "cameraGrain" : 0
}