{
  "frame_index" : 27,
  "cameraPoseARFrame" : [
    -0.21569681167602539,
    -0.9634825587272644,
    -0.15866935253143311,
    -0.047301638871431351,
    -0.66256749629974365,
    0.025051316246390343,
    0.74858319759368896,
    0.21033434569835663,
    -0.71727192401885986,
    0.26659616827964783,
    -0.6437758207321167,
    -0.16585114598274231,
    0,
    0,
    0,
    1
  ],
  "averageVelocity" : 0.015426509082317352,
  "intrinsics" : [
    1462.8934326171875,
    0,
    966.00579833984375,
    0,
    1462.8934326171875,
    715.39788818359375,
    0,
    0,
    1
  ],
  "averageAngularVelocity" : 0,
  "exposureDuration" : 0.01666666753590107,
  "projectionMatrix" : [
    1.5238473415374756,
    0,
    -0.0067769289016723633,
    0,
    0,
    2.0317964553833008,
    -0.0056973695755004883,
    0,
    0,
    0,
    -0.9999997615814209,
    -0.00099999981466680765,
    0,
    0,
    -1,
    0
  ],
  "time" : 972332.00481125026,
  "motionQuality" : 0.98316580057144165,
  "cameraGrain" : 0
}