{
  "frame_index" : 20,
  "cameraPoseARFrame" : [
    0.53945839405059814,
    -0.7250104546546936,
    0.42818713188171387,
    0.098289556801319122,
    -0.60971307754516602,
    0.014372066594660282,
    0.79249191284179688,
    0.18829531967639923,
    -0.58071887493133545,
    -0.68858766555786133,
    -0.43429526686668396,
    -0.098263643682003021,
    0,
    0,
    0,
    1
  ],
  "averageVelocity" : 0,
  "intrinsics" : [
    1478.022216796875,
    0,
    965.53802490234375,
    0,
    1478.022216796875,
    715.35845947265625,
    0,
    0,
    1
  ],
  "averageAngularVelocity" : 0.041910551488399506,
  "exposureDuration" : 0.01666666753590107,
  "motionQuality" : 0.98802554607391357,
  "time" : 972328.33707366686,
  "projectionMatrix" : [
    1.5396064519882202,
    0,
    -0.0062896013259887695,
    0,
    0,
    2.0528085231781006,
    -0.0057520866394042969,
    0,
    0,
    0,
    -0.9999997615814209,
    -0.00099999981466680765,
    0,
    0,
    -1,
    0
  ],
  "cameraGrain" : 0
}