{
  "frame_index" : 21,
  "cameraPoseARFrame" : [
    0.52797907590866089,
    -0.73710572719573975,
    0.42179754376411438,
    0.09539293497800827,
    -0.61648136377334595,
    0.0089536905288696289,
    0.7873186469078064,
    0.19339968264102936,
    -0.58411365747451782,
    -0.67571794986724854,
    -0.44968459010124207,
    -0.10476747155189514,
    0,
    0,
    0,
    1
  ],
  "averageVelocity" : 0.005368395708501339,
  "intrinsics" : [
    1475.218994140625,
    0,
    965.5968017578125,
    0,
    1475.218994140625,
    715.418701171875,
    0,
    0,
    1
  ],
  "averageAngularVelocity" : 0.054819956421852112,
  "exposureDuration" : 0.01666666753590107,
  "projectionMatrix" : [
    1.5366864204406738,
    0,
    -0.0063508749008178711,
    0,
    0,
    2.0489153861999512,
    -0.0056685209274291992,
    0,
    0,
    0,
    -0.9999997615814209,
    -0.00099999981466680765,
    0,
    0,
    -1,
    0
  ],
  "time" : 972328.83832829189,
  "motionQuality" : 0.98433715105056763,
  "cameraGrain" : 0
}