{
  "frame_index" : 38,
  "projectionMatrix" : [
    1.5412994623184204,
    0,
    -0.0070079565048217773,
    0,
    0,
    2.0550658702850342,
    -0.0055257081985473633,
    0,
    0,
    0,
    -0.9999997615814209,
    -0.00099999981466680765,
    0,
    0,
    -1,
    0
  ],
  "intrinsics" : [
    1479.6474609375,
    0,
    966.2276611328125,
    0,
    1479.6474609375,
    715.521484375,
    0,
    0,
    1
  ],
  "motionQuality" : 0.95257818698883057,
  "cameraPoseARFrame" : [
    -0.71708768606185913,
    -0.0081921331584453583,
    -0.69693475961685181,
    -0.14051254093647003,
    -0.69677883386611938,
    0.032620728015899658,
    0.71654391288757324,
    0.18150605261325836,
    0.016864493489265442,
    0.99943417310714722,
    -0.029100010171532631,
    -0.0061757978983223438,
    0,
    0,
    0,
    1
  ],
  "averageAngularVelocity" : 0.16597640514373779,
  "time" : 972337.80494658358,
  "exposureDuration" : 0.01666666753590107,
  "averageVelocity" : 0.034172296524047852,
  "cameraGrain" : 0
}