{
  "frame_index" : 32,
  "cameraPoseARFrame" : [
    -0.37728264927864075,
    -0.54515695571899414,
    -0.74863964319229126,
    -0.15771082043647766,
    -0.88123297691345215,
    -0.037228453904390335,
    0.471213698387146,
    0.12704499065876007,
    -0.28475615382194519,
    0.83750677108764648,
    -0.46636471152305603,
    -0.11168884485960007,
    0,
    0,
    0,
    0.99999988079071045
  ],
  "averageVelocity" : 0.10675305873155594,
  "intrinsics" : [
    1472.3087158203125,
    0,
    967.414306640625,
    0,
    1472.3087158203125,
    715.127685546875,
    0,
    0,
    1
  ],
  "averageAngularVelocity" : 0.46802747249603271,
  "exposureDuration" : 0.01666666753590107,
  "motionQuality" : 0.86627787351608276,
  "time" : 972334.66975487524,
  "projectionMatrix" : [
    1.5336549282073975,
    0,
    -0.0082440376281738281,
    0,
    0,
    2.0448732376098633,
    -0.0060726404190063477,
    0,
    0,
    0,
    -0.9999997615814209,
    -0.00099999981466680765,
    0,
    0,
    -1,
    0
  ],
  "cameraGrain" : 0
}