{
  "frame_index" : 9,
  "cameraPoseARFrame" : [
    0.43729737401008606,
    0.84962987899780273,
    0.29478791356086731,
    0.058527268469333649,
    -0.56388092041015625,
    0.0036882907152175903,
    0.82584792375564575,
    0.16923077404499054,
    0.70057779550552368,
    -0.52736634016036987,
    0.4807029664516449,
    0.093095190823078156,
    0,
    0,
    0,
    1
  ],
  "averageVelocity" : 0,
  "intrinsics" : [
    1491.3572998046875,
    0,
    965.329345703125,
    0,
    1491.3572998046875,
    715.20013427734375,
    0,
    0,
    1
  ],
  "averageAngularVelocity" : 0.19714491069316864,
  "exposureDuration" : 0.01666666753590107,
  "motionQuality" : 0.94367289543151855,
  "time" : 972322.68583604193,
  "projectionMatrix" : [
    1.5534971952438354,
    0,
    -0.0060722827911376953,
    0,
    0,
    2.0713295936584473,
    -0.0059720277786254883,
    0,
    0,
    0,
    -0.9999997615814209,
    -0.00099999981466680765,
    0,
    0,
    -1,
    0
  ],
  "cameraGrain" : 0
}