{
  "frame_index" : 28,
  "cameraPoseARFrame" : [
    -0.21390791237354279,
    -0.96252918243408203,
    -0.1666753888130188,
    -0.045619800686836243,
    -0.65424907207489014,
    0.014460868202149868,
    0.75614088773727417,
    0.21054084599018097,
    -0.72539740800857544,
    0.27079173922538757,
    -0.6328272819519043,
    -0.16135141253471375,
    0,
    0,
    0,
    1
  ],
  "averageVelocity" : 0.0035198994446545839,
  "intrinsics" : [
    1463.5244140625,
    0,
    966.0067138671875,
    0,
    1463.5244140625,
    715.401123046875,
    0,
    0,
    1
  ],
  "averageAngularVelocity" : 0,
  "exposureDuration" : 0.01666666753590107,
  "projectionMatrix" : [
    1.524504542350769,
    0,
    -0.0067778825759887695,
    0,
    0,
    2.0326728820800781,
    -0.0056928396224975586,
    0,
    0,
    0,
    -0.9999997615814209,
    -0.00099999981466680765,
    0,
    0,
    -1,
    0
  ],
  "time" : 972332.5381130419,
  "motionQuality" : 0.98684984445571899,
  "cameraGrain" : 0
}