{
  "frame_index" : 18,
  "cameraPoseARFrame" : [
    0.69946426153182983,
    -0.53014832735061646,
    0.47926223278045654,
    0.10105579346418381,
    -0.55831676721572876,
    0.013271189294755459,
    0.82952171564102173,
    0.19566462934017181,
    -0.44613000750541687,
    -0.84780079126358032,
    -0.28670805692672729,
    -0.072767414152622223,
    0,
    0,
    0,
    0.99999994039535522
  ],
  "averageVelocity" : 0.08978811651468277,
  "intrinsics" : [
    1478.500244140625,
    0,
    965.0767822265625,
    0,
    1478.500244140625,
    715.61529541015625,
    0,
    0,
    1
  ],
  "averageAngularVelocity" : 0.4234936535358429,
  "exposureDuration" : 0.01666666753590107,
  "projectionMatrix" : [
    1.5401043891906738,
    0,
    -0.0058091878890991211,
    0,
    0,
    2.0534725189208984,
    -0.0053954124450683594,
    0,
    0,
    0,
    -0.9999997615814209,
    -0.00099999981466680765,
    0,
    0,
    -1,
    0
  ],
  "motionQuality" : 0.87900179624557495,
  "time" : 972327.30324337527,
  "cameraGrain" : 0
}