{
  "frame_index" : 12,
  "cameraPoseARFrame" : [
    0.77242559194564819,
    0.44722315669059753,
    0.45094341039657593,
    0.082400165498256683,
    -0.51024097204208374,
    0.014199960976839066,
    0.85991430282592773,
    0.18786881864070892,
    0.37817022204399109,
    -0.8943096399307251,
    0.23915998637676239,
    0.048880301415920258,
    0,
    0,
    0,
    1
  ],
  "averageVelocity" : 0,
  "intrinsics" : [
    1492.9788818359375,
    0,
    964.73834228515625,
    0,
    1492.9788818359375,
    715.534423828125,
    0,
    0,
    1
  ],
  "averageAngularVelocity" : 0.2789042592048645,
  "exposureDuration" : 0.01666666753590107,
  "motionQuality" : 0.92031306028366089,
  "time" : 972324.2186872086,
  "projectionMatrix" : [
    1.55518639087677,
    0,
    -0.0054565668106079102,
    0,
    0,
    2.0735816955566406,
    -0.0055077075958251953,
    0,
    0,
    0,
    -0.9999997615814209,
    -0.00099999981466680765,
    0,
    0,
    -1,
    0
  ],
  "cameraGrain" : 0
}