{
  "frame_index" : 24,
  "cameraPoseARFrame" : [
    0.21701048314571381,
    -0.95585763454437256,
    0.19809669256210327,
    0.043005917221307755,
    -0.63313430547714233,
    0.016637349501252174,
    0.77386319637298584,
    0.20372338593006134,
    -0.74299895763397217,
    -0.29335817694664001,
    -0.60157591104507446,
    -0.13092207908630371,
    0,
    0,
    0,
    1
  ],
  "averageVelocity" : 0.07193351536989212,
  "intrinsics" : [
    1471.2149658203125,
    0,
    965.9273681640625,
    0,
    1471.2149658203125,
    715.51666259765625,
    0,
    0,
    1
  ],
  "averageAngularVelocity" : 0.31810164451599121,
  "exposureDuration" : 0.01666666753590107,
  "motionQuality" : 0.90911382436752319,
  "time" : 972330.4384426669,
  "projectionMatrix" : [
    1.5325156450271606,
    0,
    -0.0066951513290405273,
    0,
    0,
    2.0433540344238281,
    -0.005532383918762207,
    0,
    0,
    0,
    -0.9999997615814209,
    -0.00099999981466680765,
    0,
    0,
    -1,
    0
  ],
  "cameraGrain" : 0
}