{
  "frame_index" : 5,
  "cameraPoseARFrame" : [
    0.031442984938621521,
    0.99949795007705688,
    -0.0038477045018225908,
    0.0051040453836321831,
    -0.58266282081604004,
    0.021457415074110031,
    0.812430739402771,
    0.18307845294475555,
    0.81210553646087646,
    -0.023303356021642685,
    0.58304506540298462,
    0.11705055087804794,
    0,
    0,
    0,
    0.99999994039535522
  ],
  "averageVelocity" : 0.073937803506851196,
  "intrinsics" : [
    1515.7255859375,
    0,
    965.42681884765625,
    0,
    1515.7255859375,
    715.446044921875,
    0,
    0,
    1
  ],
  "averageAngularVelocity" : 0,
  "exposureDuration" : 0.01666666753590107,
  "motionQuality" : 0.97887492179870605,
  "projectionMatrix" : [
    1.578880786895752,
    0,
    -0.0061737298965454102,
    0,
    0,
    2.1051745414733887,
    -0.0056304931640625,
    0,
    0,
    0,
    -0.9999997615814209,
    -0.00099999981466680765,
    0,
    0,
    -1,
    0
  ],
  "time" : 972320.58778362523,
  "cameraGrain" : 0
}