{
  "averageVelocity" : 0,
  "averageAngularVelocity" : 0.020921595394611359,
  "exposureDuration" : 0.01666666753590107,
  "intrinsics" : [
    1477.4141845703125,
    0,
    965.2657470703125,
    0,
    1477.4141845703125,
    715.3648681640625,
    0,
    0,
    1
  ],
  "cameraGrain" : 0,
  "projectionMatrix" : [
    1.5389730930328369,
    0,
    -0.0060060024261474609,
    0,
    0,
    2.0519640445709229,
    -0.0057432651519775391,
    0,
    0,
    0,
    -0.9999997615814209,
    -0.00099999981466680765,
    0,
    0,
    -1,
    0
  ],
  "motionQuality" : 0.9940224289894104,
  "frame_index" : 52,
  "cameraPoseARFrame" : [
    -0.045133579522371292,
    0.99835836887359619,
    -0.035263516008853912,
    -0.004708221647888422,
    -0.56066626310348511,
    0.0039008567109704018,
    0.82803285121917725,
    0.19629992544651031,
    0.82681101560592651,
    0.057143114507198334,
    0.55956977605819702,
    0.1242426261305809,
    0,
    0,
    0,
    1.0000001192092896
  ],
  "time" : 972345.20506270858
}