{
  "frame_index" : 37,
  "cameraPoseARFrame" : [
    -0.69173842668533325,
    -0.11742865294218063,
    -0.71253663301467896,
    -0.15062513947486877,
    -0.71985828876495361,
    0.033614523708820343,
    0.69330668449401855,
    0.16823641955852509,
    -0.05746246874332428,
    0.99251216650009155,
    -0.10778442770242691,
    -0.013987468555569649,
    0,
    0,
    0,
    1
  ],
  "averageVelocity" : 0.046240914613008499,
  "intrinsics" : [
    1481.2728271484375,
    0,
    966.6715087890625,
    0,
    1481.2728271484375,
    715.4228515625,
    0,
    0,
    1
  ],
  "averageAngularVelocity" : 0.16319075226783752,
  "exposureDuration" : 0.01666666753590107,
  "motionQuality" : 0.95337408781051636,
  "time" : 972337.30340525019,
  "projectionMatrix" : [
    1.5429924726486206,
    0,
    -0.0074703693389892578,
    0,
    0,
    2.0573234558105469,
    -0.0056626796722412109,
    0,
    0,
    0,
    -0.9999997615814209,
    -0.00099999981466680765,
    0,
    0,
    -1,
    0
  ],
  "cameraGrain" : 0
}