{
  "averageVelocity" : 0.011544703505933285,
  "averageAngularVelocity" : 0.017549460753798485,
  "exposureDuration" : 0.01666666753590107,
  "intrinsics" : [
    1475.142578125,
    0,
    965.32257080078125,
    0,
    1475.142578125,
    715.34405517578125,
    0,
    0,
    1
  ],
  "cameraGrain" : 0,
  "projectionMatrix" : [
    1.5366069078445435,
    0,
    -0.0060651302337646484,
    0,
    0,
    2.0488090515136719,
    -0.0057721138000488281,
    0,
    0,
    0,
    -0.9999997615814209,
    -0.00099999981466680765,
    0,
    0,
    -1,
    0
  ],
  "motionQuality" : 0.99498587846755981,
  "cameraPoseARFrame" : [
    -0.030652925372123718,
    0.9988628625869751,
    -0.036514431238174438,
    -0.012412471696734428,
    -0.56174427270889282,
    0.013000724837183952,
    0.8272087574005127,
    0.20016799867153168,
    0.82674282789230347,
    0.045868124812841415,
    0.5607069730758667,
    0.12672805786132812,
    0,
    0,
    0,
    1
  ],
  "frame_index" : 51,
  "time" : 972344.70362350019
}