{
  "frame_index" : 31,
  "cameraPoseARFrame" : [
    -0.3393552303314209,
    -0.73874294757843018,
    -0.58232021331787109,
    -0.12235245853662491,
    -0.8537527322769165,
    -0.017996888607740402,
    0.52036756277084351,
    0.15560467541217804,
    -0.39489778876304626,
    0.67374694347381592,
    -0.62459647655487061,
    -0.13805954158306122,
    0,
    0,
    0,
    1.0000001192092896
  ],
  "averageVelocity" : 0.13196380436420441,
  "intrinsics" : [
    1469.761962890625,
    0,
    966.559814453125,
    0,
    1469.761962890625,
    715.26885986328125,
    0,
    0,
    1
  ],
  "averageAngularVelocity" : 0.53233367204666138,
  "exposureDuration" : 0.01666666753590107,
  "motionQuality" : 0.84790468215942383,
  "time" : 972334.13831616694,
  "projectionMatrix" : [
    1.5310020446777344,
    0,
    -0.0073540210723876953,
    0,
    0,
    2.0413360595703125,
    -0.0058765411376953125,
    0,
    0,
    0,
    -0.9999997615814209,
    -0.00099999981466680765,
    0,
    0,
    -1,
    0
  ],
  "cameraGrain" : 0
}