{
  "frame_index" : 16,
  "cameraPoseARFrame" : [
    0.81161904335021973,
    -0.19850313663482666,
    0.54942750930786133,
    0.12472152709960938,
    -0.55863732099533081,
    0.011375912465155125,
    0.82933396100997925,
    0.19729803502559662,
    -0.1708756685256958,
    -0.9800339937210083,
    -0.10165837407112122,
    -0.020731577649712563,
    0,
    0,
    0,
    0.99999988079071045
  ],
  "averageVelocity" : 0.0328495092689991,
  "intrinsics" : [
    1477.9954833984375,
    0,
    965.40478515625,
    0,
    1477.9954833984375,
    715.2225341796875,
    0,
    0,
    1
  ],
  "averageAngularVelocity" : 0.042233500629663467,
  "exposureDuration" : 0.01666666753590107,
  "projectionMatrix" : [
    1.5395786762237549,
    0,
    -0.0061508417129516602,
    0,
    0,
    2.0527715682983398,
    -0.0059409141540527344,
    0,
    0,
    0,
    -0.9999997615814209,
    -0.00099999981466680765,
    0,
    0,
    -1,
    0
  ],
  "time" : 972326.30235404184,
  "motionQuality" : 0.98793327808380127,
  "cameraGrain" : 0
}