{
  "frame_index" : 10,
  "cameraPoseARFrame" : [
    0.58005368709564209,
    0.73486816883087158,
    0.35143455862998962,
    0.059951163828372955,
    -0.52736324071884155,
    0.0099701583385467529,
    0.84958142042160034,
    0.17505981028079987,
    0.62082654237747192,
    -0.67813646793365479,
    0.39332571625709534,
    0.082340419292449951,
    0,
    0,
    0,
    0.99999994039535522
  ],
  "averageVelocity" : 0,
  "intrinsics" : [
    1494.0916748046875,
    0,
    965.27685546875,
    0,
    1494.0916748046875,
    715.36981201171875,
    0,
    0,
    1
  ],
  "averageAngularVelocity" : 0.23925746977329254,
  "exposureDuration" : 0.01666666753590107,
  "projectionMatrix" : [
    1.5563454627990723,
    0,
    -0.0060175657272338867,
    0,
    0,
    2.0751273632049561,
    -0.0057363510131835938,
    0,
    0,
    0,
    -0.9999997615814209,
    -0.00099999981466680765,
    0,
    0,
    -1,
    0
  ],
  "motionQuality" : 0.93164074420928955,
  "time" : 972323.18677804188,
  "cameraGrain" : 0
}