{
  "frame_index" : 4,
  "cameraPoseARFrame" : [
    0.044213972985744476,
    0.99901586771011353,
    0.0034722853451967239,
    -0.0013751257210969925,
    -0.59998226165771484,
    0.023774357512593269,
    0.79966002702713013,
    0.13337494432926178,
    0.7987905740737915,
    -0.037439454346895218,
    0.60044306516647339,
    0.10773018002510071,
    0,
    0,
    0,
    1
  ],
  "averageVelocity" : 0.069122403860092163,
  "intrinsics" : [
    1515.5,
    0,
    965.53387451171875,
    0,
    1515.5,
    715.349609375,
    0,
    0,
    1
  ],
  "averageAngularVelocity" : 0.020005391910672188,
  "exposureDuration" : 0.01666666753590107,
  "projectionMatrix" : [
    1.5786458253860474,
    0,
    -0.0062853097915649414,
    0,
    0,
    2.1048610210418701,
    -0.0057644844055175781,
    0,
    0,
    0,
    -0.9999997615814209,
    -0.00099999981466680765,
    0,
    0,
    -1,
    0
  ],
  "time" : 972320.08586541691,
  "motionQuality" : 0.98025071620941162,
  "cameraGrain" : 0
}