{
  "frame_index" : 29,
  "cameraPoseARFrame" : [
    -0.21774102747440338,
    -0.9603235125541687,
    -0.17426221072673798,
    -0.039296519011259079,
    -0.63996028900146484,
    0.0056697470135986805,
    0.7683870792388916,
    0.20683299005031586,
    -0.73691213130950928,
    0.27883028984069824,
    -0.61580353975296021,
    -0.15462490916252136,
    0,
    0,
    0,
    1
  ],
  "averageVelocity" : 0.037676319479942322,
  "intrinsics" : [
    1464.14013671875,
    0,
    965.966796875,
    0,
    1464.14013671875,
    715.41033935546875,
    0,
    0,
    1
  ],
  "averageAngularVelocity" : 0,
  "exposureDuration" : 0.01666666753590107,
  "motionQuality" : 0.97422480583190918,
  "time" : 972333.06959966687,
  "projectionMatrix" : [
    1.5251460075378418,
    0,
    -0.0067362785339355469,
    0,
    0,
    2.0335278511047363,
    -0.005680084228515625,
    0,
    0,
    0,
    -0.9999997615814209,
    -0.00099999981466680765,
    0,
    0,
    -1,
    0
  ],
  "cameraGrain" : 0
}