{
  "frame_index" : 0,
  "cameraPoseARFrame" : [
    0.052243992686271667,
    0.99858939647674561,
    0.0094640199095010757,
    0.0039457157254219055,
    -0.60175949335098267,
    0.023916764184832573,
    0.79831922054290771,
    0.12066487222909927,
    0.7969667911529541,
    -0.047402497380971909,
    0.60216027498245239,
    0.10112697631120682,
    0,
    0,
    0,
    1.0000001192092896
  ],
  "averageVelocity" : 0,
  "intrinsics" : [
    1515.6031494140625,
    0,
    965.55523681640625,
    0,
    1515.6031494140625,
    715.454345703125,
    0,
    0,
    1
  ],
  "averageAngularVelocity" : 0,
  "exposureDuration" : 0.01666666753590107,
  "projectionMatrix" : [
    1.5787532329559326,
    0,
    -0.0063074827194213867,
    0,
    0,
    2.1050043106079102,
    -0.0056189298629760742,
    0,
    0,
    0,
    -0.9999997615814209,
    -0.00099999981466680765,
    0,
    0,
    -1,
    0
  ],
  "time" : 972317.95292075025,
  "motionQuality" : 1,
  "cameraGrain" : 0
}