{
  "frame_index" : 43,
  "projectionMatrix" : [
    1.5340614318847656,
    0,
    -0.0071452856063842773,
    0,
    0,
    2.0454151630401611,
    -0.005349278450012207,
    0,
    0,
    0,
    -0.9999997615814209,
    -0.00099999981466680765,
    0,
    0,
    -1,
    0
  ],
  "cameraGrain" : 0,
  "exposureDuration" : 0.01666666753590107,
  "cameraPoseARFrame" : [
    -0.65407580137252808,
    0.3627040684223175,
    -0.6637999415397644,
    -0.15047220885753632,
    -0.71010148525238037,
    0.0079707484692335129,
    0.70405429601669312,
    0.19520764052867889,
    0.26065436005592346,
    0.93187010288238525,
    0.25234323740005493,
    0.058855734765529633,
    0,
    0,
    0,
    1
  ],
  "motionQuality" : 0.82868784666061401,
  "averageVelocity" : 0.10895081609487534,
  "averageAngularVelocity" : 0.59959250688552856,
  "intrinsics" : [
    1472.698974609375,
    0,
    966.3594970703125,
    0,
    1472.698974609375,
    715.6485595703125,
    0,
    0,
    1
  ],
  "time" : 972340.47077566688
}