{
  "frame_index" : 50,
  "cameraGrain" : 0,
  "time" : 972344.17208566691,
  "intrinsics" : [
    1471.93408203125,
    0,
    965.633056640625,
    0,
    1471.93408203125,
    715.55865478515625,
    0,
    0,
    1
  ],
  "projectionMatrix" : [
    1.5332646369934082,
    0,
    -0.006388545036315918,
    0,
    0,
    2.0443530082702637,
    -0.005474090576171875,
    0,
    0,
    0,
    -0.9999997615814209,
    -0.00099999981466680765,
    0,
    0,
    -1,
    0
  ],
  "motionQuality" : 0.96199214458465576,
  "cameraPoseARFrame" : [
    -0.037219926714897156,
    0.99851834774017334,
    -0.039692703634500504,
    -0.0097912419587373734,
    -0.5796966552734375,
    0.01077976543456316,
    0.81476110219955444,
    0.20532511174678802,
    0.81398183107376099,
    0.053335055708885193,
    0.57843655347824097,
    0.12981504201889038,
    0,
    0,
    0,
    1
  ],
  "exposureDuration" : 0.01666666753590107,
  "averageVelocity" : 0,
  "averageAngularVelocity" : 0.13302752375602722
}