{
  "frame_index" : 30,
  "cameraPoseARFrame" : [
    -0.25358891487121582,
    -0.9218023419380188,
    -0.29321140050888062,
    -0.059359412640333176,
    -0.73534268140792847,
    -0.013229983858764172,
    0.67756634950637817,
    0.19184578955173492,
    -0.62846142053604126,
    0.38743418455123901,
    -0.67448562383651733,
    -0.14448919892311096,
    0,
    0,
    0,
    1
  ],
  "averageVelocity" : 0.10938198864459991,
  "intrinsics" : [
    1466.794189453125,
    0,
    965.77996826171875,
    0,
    1466.794189453125,
    715.48870849609375,
    0,
    0,
    1
  ],
  "averageAngularVelocity" : 0.595234215259552,
  "exposureDuration" : 0.01666666753590107,
  "motionQuality" : 0.8299330472946167,
  "time" : 972333.60293908359,
  "projectionMatrix" : [
    1.527910590171814,
    0,
    -0.0065416097640991211,
    0,
    0,
    2.0372140407562256,
    -0.0055712461471557617,
    0,
    0,
    0,
    -0.9999997615814209,
    -0.00099999981466680765,
    0,
    0,
    -1,
    0
  ],
  "cameraGrain" : 0
}