{
  "frame_index" : 14,
  "cameraPoseARFrame" : [
    0.80918335914611816,
    0.13969923555850983,
    0.57070696353912354,
    0.12937986850738525,
    -0.57573014497756958,
    -0.0053781382739543915,
    0.81762212514877319,
    0.19021712243556976,
    0.11729048192501068,
    -0.99017930030822754,
    0.076077140867710114,
    0.018005548045039177,
    0,
    0,
    0,
    1
  ],
  "averageVelocity" : 0.069128245115280151,
  "intrinsics" : [
    1483.1046142578125,
    0,
    964.96502685546875,
    0,
    1483.1046142578125,
    715.30218505859375,
    0,
    0,
    1
  ],
  "averageAngularVelocity" : 0.17191445827484131,
  "exposureDuration" : 0.01666666753590107,
  "projectionMatrix" : [
    1.54490065574646,
    0,
    -0.0056927204132080078,
    0,
    0,
    2.0598676204681396,
    -0.0058302879333496094,
    0,
    0,
    0,
    -0.9999997615814209,
    -0.00099999981466680765,
    0,
    0,
    -1,
    0
  ],
  "motionQuality" : 0.95088160037994385,
  "time" : 972325.25387095858,
  "cameraGrain" : 0
}