{
  "frame_index" : 25,
  "cameraPoseARFrame" : [
    -0.037375368177890778,
    -0.99920719861984253,
    0.013708085753023624,
    -0.0016170114977285266,
    -0.61186063289642334,
    0.033728022128343582,
    0.79024624824523926,
    0.20345090329647064,
    -0.79008191823959351,
    0.021148361265659332,
    -0.61263620853424072,
    -0.14258348941802979,
    0,
    0,
    0,
    1.0000001192092896
  ],
  "averageVelocity" : 0.16943824291229248,
  "intrinsics" : [
    1471.712158203125,
    0,
    965.63214111328125,
    0,
    1471.712158203125,
    715.54498291015625,
    0,
    0,
    1
  ],
  "averageAngularVelocity" : 0.29010304808616638,
  "exposureDuration" : 0.01666666753590107,
  "projectionMatrix" : [
    1.5330334901809692,
    0,
    -0.0063875913619995117,
    0,
    0,
    2.0440447330474854,
    -0.0054930448532104492,
    0,
    0,
    0,
    -0.9999997615814209,
    -0.00099999981466680765,
    0,
    0,
    -1,
    0
  ],
  "motionQuality" : 0.91711342334747314,
  "time" : 972330.9699693335,
  "cameraGrain" : 0
}