{
  "cameraPoseARFrame" : [
    -0.29668623208999634,
    0.90707176923751831,
    -0.29865992069244385,
    -0.049344081431627274,
    -0.70663595199584961,
    0.0018467118497937918,
    0.70757490396499634,
    0.20097275078296661,
    0.64237278699874878,
    0.42097160220146179,
    0.64042174816131592,
    0.16388267278671265,
    0,
    0,
    0,
    1
  ],
  "intrinsics" : [
    1465.111572265625,
    0,
    966.33624267578125,
    0,
    1465.111572265625,
    715.57501220703125,
    0,
    0,
    1
  ],
  "frame_index" : 46,
  "cameraGrain" : 0,
  "exposureDuration" : 0.01666666753590107,
  "averageVelocity" : 0.1374015212059021,
  "motionQuality" : 0.85275769233703613,
  "averageAngularVelocity" : 0.51534795761108398,
  "projectionMatrix" : [
    1.5261578559875488,
    0,
    -0.0071210861206054688,
    0,
    0,
    2.0348773002624512,
    -0.0054513216018676758,
    0,
    0,
    0,
    -0.9999997615814209,
    -0.00099999981466680765,
    0,
    0,
    -1,
    0
  ],
  "time" : 972342.03923504183
}