{
  "frame_index" : 49,
  "cameraGrain" : 0,
  "time" : 972343.63730425027,
  "motionQuality" : 0.94825893640518188,
  "projectionMatrix" : [
    1.5285201072692871,
    0,
    -0.0068166255950927734,
    0,
    0,
    2.0380268096923828,
    -0.0053706169128417969,
    0,
    0,
    0,
    -0.9999997615814209,
    -0.00099999981466680765,
    0,
    0,
    -1,
    0
  ],
  "cameraPoseARFrame" : [
    -0.0086190234869718552,
    0.99868309497833252,
    -0.050572026520967484,
    -0.015638455748558044,
    -0.62335449457168579,
    0.034178774803876877,
    0.78119206428527832,
    0.20875288546085358,
    0.78189182281494141,
    0.038257397711277008,
    0.62223905324935913,
    0.14760684967041016,
    0,
    0,
    0,
    1
  ],
  "intrinsics" : [
    1467.3792724609375,
    0,
    966.04400634765625,
    0,
    1467.3792724609375,
    715.6331787109375,
    0,
    0,
    1
  ],
  "exposureDuration" : 0.01666666753590107,
  "averageVelocity" : 0,
  "averageAngularVelocity" : 0.18109364807605743
}