{
  "frame_index" : 22,
  "cameraPoseARFrame" : [
    0.50382941961288452,
    -0.76224178075790405,
    0.40637814998626709,
    0.094267122447490692,
    -0.6188662052154541,
    0.0096837105229496956,
    0.78543674945831299,
    0.19559706747531891,
    -0.60262805223464966,
    -0.64721971750259399,
    -0.46684685349464417,
    -0.10809024423360825,
    0,
    0,
    0,
    1
  ],
  "averageVelocity" : 0,
  "intrinsics" : [
    1473.5899658203125,
    0,
    965.6187744140625,
    0,
    1473.5899658203125,
    715.3555908203125,
    0,
    0,
    1
  ],
  "averageAngularVelocity" : 0.050979699939489365,
  "exposureDuration" : 0.01666666753590107,
  "projectionMatrix" : [
    1.534989595413208,
    0,
    -0.0063737630844116211,
    0,
    0,
    2.0466527938842773,
    -0.0057561397552490234,
    0,
    0,
    0,
    -0.9999997615814209,
    -0.00099999981466680765,
    0,
    0,
    -1,
    0
  ],
  "time" : 972329.36964462523,
  "motionQuality" : 0.98543435335159302,
  "cameraGrain" : 0
}