{
  "frame_index" : 15,
  "cameraPoseARFrame" : [
    0.81645351648330688,
    -0.0099222445860505104,
    0.57732564210891724,
    0.13659404218196869,
    -0.57740545272827148,
    -0.0096686510369181633,
    0.81640034914016724,
    0.1869322806596756,
    -0.0025185658596456051,
    -0.99990391731262207,
    -0.013623178005218506,
    0.00041367998346686363,
    0,
    0,
    0,
    1
  ],
  "averageVelocity" : 0.039120305329561234,
  "intrinsics" : [
    1478.496337890625,
    0,
    965.36297607421875,
    0,
    1478.496337890625,
    715.2451171875,
    0,
    0,
    1
  ],
  "averageAngularVelocity" : 0.24471579492092133,
  "exposureDuration" : 0.01666666753590107,
  "projectionMatrix" : [
    1.5401003360748291,
    0,
    -0.0061072111129760742,
    0,
    0,
    2.0534670352935791,
    -0.0059095621109008789,
    0,
    0,
    0,
    -0.9999997615814209,
    -0.00099999981466680765,
    0,
    0,
    -1,
    0
  ],
  "time" : 972325.76884958358,
  "motionQuality" : 0.93008118867874146,
  "cameraGrain" : 0
}