{
  "intrinsics" : [
    1474.1981201171875,
    0,
    966.23712158203125,
    0,
    1474.1981201171875,
    715.4154052734375,
    0,
    0,
    1
  ],
  "averageVelocity" : 0.014428176917135715,
  "frame_index" : 42,
  "averageAngularVelocity" : 0.24059383571147919,
  "time" : 972339.93884879188,
  "motionQuality" : 0.9312589168548584,
  "cameraPoseARFrame" : [
    -0.68617260456085205,
    0.14060951769351959,
    -0.71371990442276001,
    -0.15738677978515625,
    -0.71845829486846924,
    0.022696811705827713,
    0.69519966840744019,
    0.18348865211009979,
    0.11395087093114853,
    0.98980486392974854,
    0.085448175668716431,
    0.022377416491508484,
    0,
    0,
    0,
    1
  ],
  "cameraGrain" : 0,
  "projectionMatrix" : [
    1.5356230735778809,
    0,
    -0.0070178508758544922,
    0,
    0,
    2.0474972724914551,
    -0.0056730508804321289,
    0,
    0,
    0,
    -0.9999997615814209,
    -0.00099999981466680765,
    0,
    0,
    -1,
    0
  ],
  "exposureDuration" : 0.01666666753590107
}