{
  "projectionMatrix" : [
    1.5257197618484497,
    0,
    -0.0070502758026123047,
    0,
    0,
    2.0342929363250732,
    -0.0056288242340087891,
    0,
    0,
    0,
    -0.9999997615814209,
    -0.00099999981466680765,
    0,
    0,
    -1,
    0
  ],
  "cameraGrain" : 0,
  "exposureDuration" : 0.01666666753590107,
  "motionQuality" : 0.94973456859588623,
  "cameraPoseARFrame" : [
    0.0015893176896497607,
    0.99809283018112183,
    -0.061707831919193268,
    -0.0087229739874601364,
    -0.6731840968132019,
    0.046699270606040955,
    0.73799896240234375,
    0.21235628426074982,
    0.73947322368621826,
    0.040367830544710159,
    0.67197448015213013,
    0.16720378398895264,
    0,
    0,
    0,
    1
  ],
  "time" : 972343.10508658353,
  "frame_index" : 48,
  "averageVelocity" : 0.050180729478597641,
  "averageAngularVelocity" : 0.17592893540859222,
  "intrinsics" : [
    1464.69091796875,
    0,
    966.26824951171875,
    0,
    1464.69091796875,
    715.447265625,
    0,
    0,
    1
  ]
}