{
  "frame_index" : 19,
  "cameraPoseARFrame" : [
    0.59020000696182251,
    -0.67480427026748657,
    0.44306084513664246,
    0.094235457479953766,
    -0.59660118818283081,
    0.0051153264939785004,
    0.80252164602279663,
    0.18535254895687103,
    -0.54381144046783447,
    -0.73797875642776489,
    -0.39957001805305481,
    -0.088925853371620178,
    0,
    0,
    0,
    1
  ],
  "averageVelocity" : 0,
  "intrinsics" : [
    1476.8673095703125,
    0,
    965.24420166015625,
    0,
    1476.8673095703125,
    715.281005859375,
    0,
    0,
    1
  ],
  "averageAngularVelocity" : 0.1712268739938736,
  "exposureDuration" : 0.01666666753590107,
  "motionQuality" : 0.95107805728912354,
  "time" : 972327.80431900022,
  "projectionMatrix" : [
    1.5384033918380737,
    0,
    -0.0059835910797119141,
    0,
    0,
    2.0512046813964844,
    -0.0058597326278686523,
    0,
    0,
    0,
    -0.9999997615814209,
    -0.00099999981466680765,
    0,
    0,
    -1,
    0
  ],
  "cameraGrain" : 0
}