{
  "frame_index" : 2,
  "cameraPoseARFrame" : [
    0.034767355769872665,
    0.99936181306838989,
    0.0081726424396038055,
    0.0070682782679796219,
    -0.61133468151092529,
    0.014797461219131947,
    0.79123377799987793,
    0.12479553371667862,
    0.7906079888343811,
    -0.032505292445421219,
    0.61145919561386108,
    0.10377946496009827,
    0,
    0,
    0,
    0.99999994039535522
  ],
  "averageVelocity" : 0,
  "intrinsics" : [
    1515.828857421875,
    0,
    965.603515625,
    0,
    1515.828857421875,
    715.3876953125,
    0,
    0,
    1
  ],
  "averageAngularVelocity" : 0.026555987074971199,
  "exposureDuration" : 0.01666666753590107,
  "projectionMatrix" : [
    1.5789884328842163,
    0,
    -0.0063577890396118164,
    0,
    0,
    2.1053178310394287,
    -0.0057115554809570312,
    0,
    0,
    0,
    -0.9999997615814209,
    -0.00099999981466680765,
    0,
    0,
    -1,
    0
  ],
  "time" : 972319.01894695859,
  "motionQuality" : 0.99241256713867188,
  "cameraGrain" : 0
}