{
  "frame_index" : 26,
  "cameraPoseARFrame" : [
    -0.17204532027244568,
    -0.97693973779678345,
    -0.12644685804843903,
    -0.040878411382436752,
    -0.66805392503738403,
    0.021376613527536392,
    0.74380582571029663,
    0.21755535900592804,
    -0.72395044565200806,
    0.21244162321090698,
    -0.6563262939453125,
    -0.16809701919555664,
    0,
    0,
    0,
    1
  ],
  "averageVelocity" : 0,
  "intrinsics" : [
    1465.1956787109375,
    0,
    965.76025390625,
    0,
    1465.1956787109375,
    715.4697265625,
    0,
    0,
    1
  ],
  "averageAngularVelocity" : 0.28174206614494324,
  "exposureDuration" : 0.01666666753590107,
  "projectionMatrix" : [
    1.5262454748153687,
    0,
    -0.0065211057662963867,
    0,
    0,
    2.0349938869476318,
    -0.0055975914001464844,
    0,
    0,
    0,
    -0.9999997615814209,
    -0.00099999981466680765,
    0,
    0,
    -1,
    0
  ],
  "motionQuality" : 0.91950225830078125,
  "time" : 972331.50305162522,
  "cameraGrain" : 0
}