{
  "frame_index" : 33,
  "cameraPoseARFrame" : [
    -0.41635990142822266,
    -0.41354161500930786,
    -0.80970829725265503,
    -0.17198053002357483,
    -0.88667798042297363,
    -0.012305981479585171,
    0.46222350001335144,
    0.12832878530025482,
    -0.20111291110515594,
    0.91040182113647461,
    -0.36155453324317932,
    -0.086568877100944519,
    0,
    0,
    0,
    0.99999988079071045
  ],
  "averageVelocity" : 0.075148388743400574,
  "intrinsics" : [
    1474.1787109375,
    0,
    967.59381103515625,
    0,
    1474.1787109375,
    714.97808837890625,
    0,
    0,
    1
  ],
  "averageAngularVelocity" : 0.16739673912525177,
  "exposureDuration" : 0.01666666753590107,
  "motionQuality" : 0.95217233896255493,
  "projectionMatrix" : [
    1.5356028079986572,
    0,
    -0.0084310770034790039,
    0,
    0,
    2.0474703311920166,
    -0.0062804222106933594,
    0,
    0,
    0,
    -0.9999997615814209,
    -0.00099999981466680765,
    0,
    0,
    -1,
    0
  ],
  "time" : 972335.20300750027,
  "cameraGrain" : 0
}