{
  "frame_index" : 44,
  "projectionMatrix" : [
    1.5286157131195068,
    0,
    -0.0071696043014526367,
    0,
    0,
    2.0381543636322021,
    -0.0057998895645141602,
    0,
    0,
    0,
    -0.9999997615814209,
    -0.00099999981466680765,
    0,
    0,
    -1,
    0
  ],
  "cameraGrain" : 0,
  "exposureDuration" : 0.01666666753590107,
  "cameraPoseARFrame" : [
    -0.50827592611312866,
    0.60261696577072144,
    -0.61523032188415527,
    -0.14059102535247803,
    -0.75902760028839111,
    0.024032579734921455,
    0.65061485767364502,
    0.19775389134883881,
    0.40685707330703735,
    0.79766851663589478,
    0.44518774747848511,
    0.1209123507142067,
    0,
    0,
    0,
    1.0000001192092896
  ],
  "motionQuality" : 0.92857909202575684,
  "averageVelocity" : 0,
  "averageAngularVelocity" : 0.24997319281101227,
  "intrinsics" : [
    1467.4710693359375,
    0,
    966.38287353515625,
    0,
    1467.4710693359375,
    715.3240966796875,
    0,
    0,
    1
  ],
  "time" : 972340.97241579182
}