{
  "frame_index" : 34,
  "cameraPoseARFrame" : [
    -0.46330279111862183,
    -0.2522086501121521,
    -0.84955346584320068,
    -0.19326730072498322,
    -0.8794521689414978,
    0.012773409485816956,
    0.47581595182418823,
    0.12376520782709122,
    -0.10915321111679077,
    0.96758842468261719,
    -0.22772336006164551,
    -0.048621818423271179,
    0,
    0,
    0,
    1
  ],
  "averageVelocity" : 0.07379121333360672,
  "intrinsics" : [
    1475.322265625,
    0,
    967.48468017578125,
    0,
    1475.322265625,
    715.12841796875,
    0,
    0,
    1
  ],
  "averageAngularVelocity" : 0.31791725754737854,
  "exposureDuration" : 0.01666666753590107,
  "motionQuality" : 0.90916651487350464,
  "projectionMatrix" : [
    1.5367940664291382,
    0,
    -0.0083173513412475586,
    0,
    0,
    2.0490586757659912,
    -0.0060716867446899414,
    0,
    0,
    0,
    -0.9999997615814209,
    -0.00099999981466680765,
    0,
    0,
    -1,
    0
  ],
  "time" : 972335.70475995855,
  "cameraGrain" : 0
}