{
  "projectionMatrix" : [
    1.5251538753509521,
    0,
    -0.0071288347244262695,
    0,
    0,
    2.0335385799407959,
    -0.0059194564819335938,
    0,
    0,
    0,
    -0.9999997615814209,
    -0.00099999981466680765,
    0,
    0,
    -1,
    0
  ],
  "cameraGrain" : 0,
  "exposureDuration" : 0.01666666753590107,
  "frame_index" : 47,
  "cameraPoseARFrame" : [
    -0.062161896377801895,
    0.99566346406936646,
    -0.06920914351940155,
    -0.0035950248129665852,
    -0.71152442693710327,
    0.0044190944172441959,
    0.70264750719070435,
    0.21734802424907684,
    0.69990628957748413,
    0.092921875417232513,
    0.70816433429718018,
    0.1809278130531311,
    0,
    0,
    0,
    1
  ],
  "motionQuality" : 0.88494199514389038,
  "time" : 972342.57089516683,
  "averageVelocity" : 0.048744555562734604,
  "averageAngularVelocity" : 0.40270301699638367,
  "intrinsics" : [
    1464.147705078125,
    0,
    966.34368896484375,
    0,
    1464.147705078125,
    715.23797607421875,
    0,
    0,
    1
  ]
}