{
  "frame_index" : 17,
  "cameraPoseARFrame" : [
    0.78673338890075684,
    -0.33337664604187012,
    0.51952892541885376,
    0.11768778413534164,
    -0.54177343845367432,
    0.030471814796328545,
    0.83997201919555664,
    0.19104643166065216,
    -0.29585808515548706,
    -0.94230103492736816,
    -0.1566414088010788,
    -0.026683714240789413,
    0,
    0,
    0,
    1
  ],
  "averageVelocity" : 0.041845578700304031,
  "intrinsics" : [
    1478.026123046875,
    0,
    965.15509033203125,
    0,
    1478.026123046875,
    715.33062744140625,
    0,
    0,
    1
  ],
  "averageAngularVelocity" : 0,
  "exposureDuration" : 0.01666666753590107,
  "projectionMatrix" : [
    1.5396105051040649,
    0,
    -0.0058907270431518555,
    0,
    0,
    2.0528140068054199,
    -0.0057908296585083008,
    0,
    0,
    0,
    -0.9999997615814209,
    -0.00099999981466680765,
    0,
    0,
    -1,
    0
  ],
  "motionQuality" : 0.97304034233093262,
  "time" : 972326.80281529191,
  "cameraGrain" : 0
}