{
  "intrinsics" : [
    1471.260986328125,
    0,
    960.613525390625,
    0,
    1471.260986328125,
    716.66357421875,
    0,
    0,
    1
  ],
  "cameraGrain" : 0,
  "time" : 321761.32547979173,
  "frame_index" : 33,
  "averageAngularVelocity" : 0.23717845976352692,
  "cameraPoseARFrame" : [
    0.70106977224349976,
    -0.68178141117095947,
    0.20898598432540894,
    0.041966535151004791,
    -0.20548616349697113,
    0.087487243115901947,
    0.97474169731140137,
    0.20150776207447052,
    -0.68284440040588379,
    -0.72630566358566284,
    -0.078761972486972809,
    -0.0023729852400720119,
    0,
    0,
    0,
    0.99999988079071045
  ],
  "averageVelocity" : 0.044821146875619888,
  "motionQuality" : 0.93223470449447632,
  "projectionMatrix" : [
    1.5325635671615601,
    0,
    -0.0011599063873291016,
    0,
    0,
    2.0434179306030273,
    -0.003939509391784668,
    0,
    0,
    0,
    -0.9999997615814209,
    -0.00099999981466680765,
    0,
    0,
    -1,
    0
  ],
  "exposureDuration" : 0.01666666753590107
}