{
  "cameraPoseARFrame" : [
    0.98115170001983643,
    -0.005180837120860815,
    0.19316916167736053,
    0.0385894775390625,
    -0.19255232810974121,
    0.057962227612733841,
    0.97957336902618408,
    0.20242668688297272,
    -0.016271527856588364,
    -0.99830526113510132,
    0.055872172117233276,
    -5.1968207117170095e-05,
    0,
    0,
    0,
    0.99999988079071045
  ],
  "time" : 321763.45870737504,
  "motionQuality" : 0.97069060802459717,
  "intrinsics" : [
    1469.0198974609375,
    0,
    960.98614501953125,
    0,
    1469.0198974609375,
    716.48870849609375,
    0,
    0,
    1
  ],
  "exposureDuration" : 0.01666666753590107,
  "averageVelocity" : 0.043340321630239487,
  "averageAngularVelocity" : 0.10258276760578156,
  "projectionMatrix" : [
    1.5302290916442871,
    0,
    -0.0015480518341064453,
    0,
    0,
    2.0403053760528564,
    -0.0041823387145996094,
    0,
    0,
    0,
    -0.9999997615814209,
    -0.00099999981466680765,
    0,
    0,
    -1,
    0
  ],
  "cameraGrain" : 0,
  "frame_index" : 37
}