{
  "projectionMatrix" : [
    1.5338342189788818,
    0,
    -0.0011361837387084961,
    0,
    0,
    2.0451123714447021,
    -0.0037491321563720703,
    0,
    0,
    0,
    -0.9999997615814209,
    -0.00099999981466680765,
    0,
    0,
    -1,
    0
  ],
  "intrinsics" : [
    1472.4808349609375,
    0,
    960.5906982421875,
    0,
    1472.4808349609375,
    716.80059814453125,
    0,
    0,
    1
  ],
  "cameraPoseARFrame" : [
    0.14041417837142944,
    -0.9855995774269104,
    0.094218865036964417,
    0.026157749816775322,
    -0.17113474011421204,
    0.069569267332553864,
    0.98278838396072388,
    0.19812591373920441,
    -0.97519069910049438,
    -0.15412157773971558,
    -0.15890185534954071,
    -0.031363058835268021,
    0,
    0,
    0,
    0.99999988079071045
  ],
  "motionQuality" : 0.90894180536270142,
  "averageVelocity" : 0.068734459578990936,
  "frame_index" : 29,
  "averageAngularVelocity" : 0.31870374083518982,
  "exposureDuration" : 0.01666666753590107,
  "time" : 321759.22931604175,
  "cameraGrain" : 0
}