{
  "intrinsics" : [
    1472.92822265625,
    0,
    960.5877685546875,
    0,
    1472.92822265625,
    716.7158203125,
    0,
    0,
    1
  ],
  "averageAngularVelocity" : 0.03765496239066124,
  "projectionMatrix" : [
    1.5343002080917358,
    0,
    -0.0011330842971801758,
    0,
    0,
    2.0457336902618408,
    -0.0038669109344482422,
    0,
    0,
    0,
    -0.9999997615814209,
    -0.00099999981466680765,
    0,
    0,
    -1,
    0
  ],
  "motionQuality" : 0.97688204050064087,
  "cameraPoseARFrame" : [
    0.55981379747390747,
    -0.81282347440719604,
    0.16101694107055664,
    0.051401335746049881,
    -0.16707897186279297,
    0.079601787030696869,
    0.98272484540939331,
    0.20347787439823151,
    -0.81159907579421997,
    -0.5770455002784729,
    -0.091243527829647064,
    -0.02636442519724369,
    0,
    0,
    0,
    0.99999988079071045
  ],
  "time" : 321760.26006379176,
  "exposureDuration" : 0.01666666753590107,
  "averageVelocity" : 0.080912888050079346,
  "cameraGrain" : 0,
  "frame_index" : 31
}