{
  "frame_index" : 24,
  "cameraGrain" : 0,
  "cameraPoseARFrame" : [
    -0.50359618663787842,
    -0.86353087425231934,
    0.026554213836789131,
    0.0063205854967236519,
    -0.10025115311145782,
    0.088938057422637939,
    0.99097919464111328,
    0.19197888672351837,
    -0.85810279846191406,
    0.49639123678207397,
    -0.13135884702205658,
    -0.028352642431855202,
    0,
    0,
    0,
    0.99999988079071045
  ],
  "intrinsics" : [
    1473.5706787109375,
    0,
    960.141845703125,
    0,
    1473.5706787109375,
    716.59112548828125,
    0,
    0,
    1
  ],
  "motionQuality" : 0.93076103925704956,
  "projectionMatrix" : [
    1.5349694490432739,
    0,
    -0.00066864490509033203,
    0,
    0,
    2.0466258525848389,
    -0.0040401220321655273,
    0,
    0,
    0,
    -0.9999997615814209,
    -0.00099999981466680765,
    0,
    0,
    -1,
    0
  ],
  "averageAngularVelocity" : 0.24233636260032654,
  "time" : 321756.62608391675,
  "averageVelocity" : 0.043190352618694305,
  "exposureDuration" : 0.01666666753590107
}