{
  "projectionMatrix" : [
    1.5285758972167969,
    0,
    -0.001378178596496582,
    0,
    0,
    2.0381011962890625,
    -0.0045170783996582031,
    0,
    0,
    0,
    -0.9999997615814209,
    -0.00099999981466680765,
    0,
    0,
    -1,
    0
  ],
  "time" : 321752.49075933342,
  "cameraPoseARFrame" : [
    -0.94244205951690674,
    0.28445509076118469,
    -0.17575080692768097,
    -0.014787783846259117,
    -0.17045240104198456,
    0.043481908738613129,
    0.98440605401992798,
    0.22586865723133087,
    0.28766125440597534,
    0.95770275592803955,
    0.0075068837031722069,
    -0.024718610569834709,
    0,
    0,
    0,
    0.99999988079071045
  ],
  "intrinsics" : [
    1467.432861328125,
    0,
    960.82305908203125,
    0,
    1467.432861328125,
    716.24774169921875,
    0,
    0,
    1
  ],
  "averageAngularVelocity" : 0.10229717940092087,
  "averageVelocity" : 0,
  "frame_index" : 16,
  "motionQuality" : 0.97077220678329468,
  "cameraGrain" : 0,
  "exposureDuration" : 0.01666666753590107
}