{
  "projectionMatrix" : [
    1.5338382720947266,
    0,
    -0.0012155771255493164,
    0,
    0,
    2.0451176166534424,
    -0.0036993026733398438,
    0,
    0,
    0,
    -0.9999997615814209,
    -0.00099999981466680765,
    0,
    0,
    -1,
    0
  ],
  "intrinsics" : [
    1472.4847412109375,
    0,
    960.6669921875,
    0,
    1472.4847412109375,
    716.83648681640625,
    0,
    0,
    1
  ],
  "motionQuality" : 0.97015178203582764,
  "cameraPoseARFrame" : [
    -0.060552589595317841,
    -0.99505841732025146,
    0.07868947833776474,
    0.027710795402526855,
    -0.15426747500896454,
    0.087216265499591827,
    0.98417210578918457,
    0.19139362871646881,
    -0.98617178201675415,
    0.047454923391342163,
    -0.158786341547966,
    -0.034585140645503998,
    0,
    0,
    0,
    0.99999982118606567
  ],
  "averageVelocity" : 0.037854414433240891,
  "frame_index" : 28,
  "averageAngularVelocity" : 0.10446884483098984,
  "exposureDuration" : 0.01666666753590107,
  "time" : 321758.72651179176,
  "cameraGrain" : 0
}