{
  "averageAngularVelocity" : 0,
  "intrinsics" : [
    1473.4522705078125,
    0,
    960.8768310546875,
    0,
    1473.4522705078125,
    716.75958251953125,
    0,
    0,
    1
  ],
  "frame_index" : 35,
  "cameraPoseARFrame" : [
    0.94690388441085815,
    -0.22970089316368103,
    0.22496791183948517,
    0.05061054602265358,
    -0.20820492506027222,
    0.095102317631244659,
    0.97345066070556641,
    0.1963248997926712,
    -0.24499742686748505,
    -0.96860355138778687,
    0.042227912694215775,
    0.0014722762862220407,
    0,
    0,
    0,
    0.99999988079071045
  ],
  "projectionMatrix" : [
    1.5348460674285889,
    0,
    -0.0014342069625854492,
    0,
    0,
    2.0464615821838379,
    -0.0038061141967773438,
    0,
    0,
    0,
    -0.9999997615814209,
    -0.00099999981466680765,
    0,
    0,
    -1,
    0
  ],
  "time" : 321762.39404479176,
  "motionQuality" : 0.9851914644241333,
  "cameraGrain" : 0,
  "exposureDuration" : 0.01666666753590107,
  "averageVelocity" : 0.049573581665754318
}