{
  "frame_index" : 27,
  "cameraPoseARFrame" : [
    -0.074039891362190247,
    -0.99286001920700073,
    0.093525052070617676,
    0.028924040496349335,
    -0.16347318887710571,
    0.10459724068641663,
    0.98098719120025635,
    0.20637501776218414,
    -0.98376548290252686,
    0.057343374937772751,
    -0.17005038261413574,
    -0.039689570665359497,
    0,
    0,
    0,
    0.99999988079071045
  ],
  "exposureDuration" : 0.01666666753590107,
  "projectionMatrix" : [
    1.5326192378997803,
    0,
    -0.00094509124755859375,
    0,
    0,
    2.043492317199707,
    -0.0036432743072509766,
    0,
    0,
    0,
    -0.9999997615814209,
    -0.00099999981466680765,
    0,
    0,
    -1,
    0
  ],
  "averageAngularVelocity" : 0.20521004498004913,
  "time" : 321758.19339525007,
  "intrinsics" : [
    1471.314453125,
    0,
    960.40728759765625,
    0,
    1471.314453125,
    716.8768310546875,
    0,
    0,
    1
  ],
  "averageVelocity" : 0.021122464910149574,
  "cameraGrain" : 0,
  "motionQuality" : 0.94136857986450195
}