{
  "intrinsics" : [
    1477.3568115234375,
    0,
    961.26910400390625,
    0,
    1477.3568115234375,
    716.3955078125,
    0,
    0,
    1
  ],
  "frame_index" : 9,
  "projectionMatrix" : [
    1.538913369178772,
    0,
    -0.0018428564071655273,
    0,
    0,
    2.0518844127655029,
    -0.0043118000030517578,
    0,
    0,
    0,
    -0.9999997615814209,
    -0.00099999981466680765,
    0,
    0,
    -1,
    0
  ],
  "time" : 321748.75965104176,
  "motionQuality" : 0.96978485584259033,
  "exposureDuration" : 0.01666666753590107,
  "cameraPoseARFrame" : [
    -0.10515500605106354,
    0.99126774072647095,
    -0.079564549028873444,
    -0.018222440034151077,
    -0.26126828789710999,
    0.049659229815006256,
    0.96398794651031494,
    0.19445003569126129,
    0.95952135324478149,
    0.12215588241815567,
    0.25376495718955994,
    0.050115197896957397,
    0,
    0,
    0,
    0.99999988079071045
  ],
  "cameraGrain" : 0,
  "averageVelocity" : 0.06591796875,
  "averageAngularVelocity" : 0.105753093957901
}