{
  "projectionMatrix" : [
    1.5420165061950684,
    0,
    -0.0019869804382324219,
    0,
    0,
    2.0560219287872314,
    -0.0041515827178955078,
    0,
    0,
    0,
    -0.9999997615814209,
    -0.00099999981466680765,
    0,
    0,
    -1,
    0
  ],
  "frame_index" : 6,
  "time" : 321747.22576441674,
  "intrinsics" : [
    1480.3358154296875,
    0,
    961.407470703125,
    0,
    1480.3358154296875,
    716.5108642578125,
    0,
    0,
    1
  ],
  "motionQuality" : 0.93735182285308838,
  "cameraGrain" : 0,
  "cameraPoseARFrame" : [
    0.34076884388923645,
    0.93995463848114014,
    0.019017159938812256,
    0.011744490824639797,
    -0.25592431426048279,
    0.073280230164527893,
    0.96391528844833374,
    0.17207314074039459,
    0.90464317798614502,
    -0.33333918452262878,
    0.26552891731262207,
    0.061772745102643967,
    0,
    0,
    0,
    0.99999988079071045
  ],
  "averageVelocity" : 0,
  "exposureDuration" : 0.01666666753590107,
  "averageAngularVelocity" : 0.21926862001419067
}