{
  "motionQuality" : 0.97496289014816284,
  "projectionMatrix" : [
    1.5297071933746338,
    0,
    -0.0013594627380371094,
    0,
    0,
    2.0396096706390381,
    -0.0045675039291381836,
    0,
    0,
    0,
    -0.9999997615814209,
    -0.00099999981466680765,
    0,
    0,
    -1,
    0
  ],
  "cameraPoseARFrame" : [
    -0.68189722299575806,
    0.7119673490524292,
    -0.16768589615821838,
    -0.031295966356992722,
    -0.21092996001243591,
    0.028109177947044373,
    0.97709691524505615,
    0.22607357800006866,
    0.70037472248077393,
    0.70164966583251953,
    0.13100768625736237,
    0.019940903410315514,
    0,
    0,
    0,
    0.99999988079071045
  ],
  "cameraGrain" : 0,
  "intrinsics" : [
    1468.5189208984375,
    0,
    960.8050537109375,
    0,
    1468.5189208984375,
    716.21136474609375,
    0,
    0,
    1
  ],
  "exposureDuration" : 0.01666666753590107,
  "frame_index" : 13,
  "averageVelocity" : 0.045610487461090088,
  "time" : 321750.89204741671,
  "averageAngularVelocity" : 0.087629817426204681
}