{
  "exposureDuration" : 0.01666666753590107,
  "frame_index" : 22,
  "intrinsics" : [
    1473.0621337890625,
    0,
    960.559326171875,
    0,
    1473.0621337890625,
    716.41168212890625,
    0,
    0,
    1
  ],
  "averageVelocity" : 0,
  "motionQuality" : 0.96251583099365234,
  "cameraPoseARFrame" : [
    -0.69141906499862671,
    -0.7210121750831604,
    -0.045619446784257889,
    0.0014304586220532656,
    -0.1362139880657196,
    0.068089805543422699,
    0.98833674192428589,
    0.19315405189990997,
    -0.70949667692184448,
    0.68956875801086426,
    -0.1452905684709549,
    -0.028047965839505196,
    0,
    0,
    0,
    0.99999988079071045
  ],
  "time" : 321755.59255520842,
  "projectionMatrix" : [
    1.5344396829605103,
    0,
    -0.001103520393371582,
    0,
    0,
    2.04591965675354,
    -0.0042893886566162109,
    0,
    0,
    0,
    -0.9999997615814209,
    -0.00099999981466680765,
    0,
    0,
    -1,
    0
  ],
  "averageAngularVelocity" : 0.13119451701641083,
  "cameraGrain" : 0.039637211710214615
}