{
  "cameraPoseARFrame" : [
    0.37574458122253418,
    0.9262426495552063,
    0.029842980206012726,
    0.011542953550815582,
    -0.25414317846298218,
    0.072022072970867157,
    0.9644811749458313,
    0.15748907625675201,
    0.89119428396224976,
    -0.36998292803764343,
    0.2624601423740387,
    0.05854535847902298,
    0,
    0,
    0,
    0.99999988079071045
  ],
  "cameraGrain" : 0,
  "intrinsics" : [
    1488.0379638671875,
    0,
    961.2735595703125,
    0,
    1488.0379638671875,
    716.49884033203125,
    0,
    0,
    1
  ],
  "averageAngularVelocity" : 0.035359982401132584,
  "motionQuality" : 0.98989713191986084,
  "exposureDuration" : 0.01666666753590107,
  "averageVelocity" : 0.0043402919545769691,
  "frame_index" : 1,
  "projectionMatrix" : [
    1.550039529800415,
    0,
    -0.0018475055694580078,
    0,
    0,
    2.0667192935943604,
    -0.0041682720184326172,
    0,
    0,
    0,
    -0.9999997615814209,
    -0.00099999981466680765,
    0,
    0,
    -1,
    0
  ],
  "time" : 321744.62594191672
}