{
  "motionQuality" : 0.96099346876144409,
  "projectionMatrix" : [
    1.5308583974838257,
    0,
    -0.001617431640625,
    0,
    0,
    2.0411443710327148,
    -0.0047267675399780273,
    0,
    0,
    0,
    -0.9999997615814209,
    -0.00099999981466680765,
    0,
    0,
    -1,
    0
  ],
  "cameraPoseARFrame" : [
    -0.52524363994598389,
    0.84199148416519165,
    -0.12316387146711349,
    -0.019014870747923851,
    -0.19958721101284027,
    0.018802637234330177,
    0.97969961166381836,
    0.21891434490680695,
    0.82721453905105591,
    0.53916293382644653,
    0.1581747978925705,
    0.023199807852506638,
    0,
    0,
    0,
    0.99999982118606567
  ],
  "cameraGrain" : 0,
  "intrinsics" : [
    1469.6240234375,
    0,
    961.052734375,
    0,
    1469.6240234375,
    716.09674072265625,
    0,
    0,
    1
  ],
  "exposureDuration" : 0.01666666753590107,
  "frame_index" : 12,
  "averageVelocity" : 0.048217829316854477,
  "time" : 321750.35749908339,
  "averageAngularVelocity" : 0.13652284443378448
}