{
  "projectionMatrix" : [
    1.527456521987915,
    0,
    -0.0012004375457763672,
    0,
    0,
    2.0366086959838867,
    -0.0042575597763061523,
    0,
    0,
    0,
    -0.9999997615814209,
    -0.00099999981466680765,
    0,
    0,
    -1,
    0
  ],
  "time" : 321752.99315037508,
  "cameraPoseARFrame" : [
    -0.9807276725769043,
    0.091182984411716461,
    -0.17279686033725739,
    -0.012731119059026241,
    -0.16855707764625549,
    0.052370086312294006,
    0.98429965972900391,
    0.24015523493289948,
    0.098800770938396454,
    0.99445605278015137,
    -0.03599127009510994,
    -0.032861687242984772,
    0,
    0,
    0,
    0.99999988079071045
  ],
  "intrinsics" : [
    1466.3582763671875,
    0,
    960.65240478515625,
    0,
    1466.3582763671875,
    716.4345703125,
    0,
    0,
    1
  ],
  "averageAngularVelocity" : 0.09442882239818573,
  "averageVelocity" : 0,
  "frame_index" : 17,
  "motionQuality" : 0.97302031517028809,
  "cameraGrain" : 0,
  "exposureDuration" : 0.01666666753590107
}