{
  "averageAngularVelocity" : 0.13900750875473022,
  "intrinsics" : [
    1473.4713134765625,
    0,
    960.8328857421875,
    0,
    1473.4713134765625,
    716.7591552734375,
    0,
    0,
    1
  ],
  "frame_index" : 34,
  "cameraPoseARFrame" : [
    0.8710293173789978,
    -0.44678789377212524,
    0.20417757332324982,
    0.062805227935314178,
    -0.17998349666595459,
    0.09647543728351593,
    0.9789271354675293,
    0.18670405447483063,
    -0.45707088708877563,
    -0.88942283391952515,
    0.0036185057833790779,
    0.0056061716750264168,
    0,
    0,
    0,
    0.99999982118606567
  ],
  "projectionMatrix" : [
    1.5348659753799438,
    0,
    -0.0013884305953979492,
    0,
    0,
    2.0464880466461182,
    -0.0038067102432250977,
    0,
    0,
    0,
    -0.9999997615814209,
    -0.00099999981466680765,
    0,
    0,
    -1,
    0
  ],
  "time" : 321761.85888379172,
  "motionQuality" : 0.96028357744216919,
  "cameraGrain" : 0,
  "exposureDuration" : 0.01666666753590107,
  "averageVelocity" : 0.019367953762412071
}