{
  "intrinsics" : [
    1463.6888427734375,
    0,
    960.73101806640625,
    0,
    1463.6888427734375,
    716.30255126953125,
    0,
    0,
    1
  ],
  "projectionMatrix" : [
    1.5246758460998535,
    0,
    -0.0012823343276977539,
    0,
    0,
    2.0329012870788574,
    -0.0044409036636352539,
    0,
    0,
    0,
    -0.9999997615814209,
    -0.00099999981466680765,
    0,
    0,
    -1,
    0
  ],
  "averageVelocity" : 0.050576984882354736,
  "cameraPoseARFrame" : [
    -0.98056769371032715,
    -0.127641960978508,
    -0.14897818863391876,
    0.0081419749185442924,
    -0.15383140742778778,
    0.028991967439651489,
    0.98767167329788208,
    0.2277032881975174,
    -0.12174922227859497,
    0.99139642715454102,
    -0.048063945025205612,
    -0.017288068309426308,
    0,
    0,
    0,
    0.99999988079071045
  ],
  "time" : 321754.02610883338,
  "averageAngularVelocity" : 0.15442395210266113,
  "cameraGrain" : 0.051461465656757355,
  "motionQuality" : 0.9558788537979126,
  "exposureDuration" : 0.01666666753590107,
  "frame_index" : 19
}