{
  "averageVelocity" : 0.07751455157995224,
  "projectionMatrix" : [
    1.5528240203857422,
    0,
    -0.008082270622253418,
    0,
    0,
    2.0704319477081299,
    -0.0064951181411743164,
    0,
    0,
    0,
    -0.9999997615814209,
    -0.00099999981466680765,
    0,
    0,
    -1,
    0
  ],
  "intrinsics" : [
    1490.7110595703125,
    0,
    967.259033203125,
    0,
    1490.7110595703125,
    714.823486328125,
    0,
    0,
    1
  ],
  "time" : 972276.85573875019,
  "motionQuality" : 0.87336575984954834,
  "cameraGrain" : 0,
  "cameraPoseARFrame" : [
    -0.33517411351203918,
    0.84560889005661011,
    -0.41545665264129639,
    -0.069095231592655182,
    -0.82813882827758789,
    -0.05414649099111557,
    0.55790162086486816,
    0.12109941244125366,
    0.44927108287811279,
    0.53104990720748901,
    0.71843010187149048,
    0.13210487365722656,
    0,
    0,
    0,
    1
  ],
  "frame_index" : 36,
  "exposureDuration" : 0.01666666753590107,
  "averageAngularVelocity" : 0.44321978092193604
}