{
  "averageVelocity" : 0,
  "frame_index" : 46,
  "averageAngularVelocity" : 0.023252459242939949,
  "projectionMatrix" : [
    1.5419049263000488,
    0,
    -0.0020849704742431641,
    0,
    0,
    2.0558733940124512,
    -0.0055449008941650391,
    0,
    0,
    0,
    -0.9999997615814209,
    -0.00099999981466680765,
    0,
    0,
    -1,
    0
  ],
  "time" : 972282.08728420851,
  "intrinsics" : [
    1480.228759765625,
    0,
    961.50152587890625,
    0,
    1480.228759765625,
    715.50762939453125,
    0,
    0,
    1
  ],
  "cameraGrain" : 0,
  "motionQuality" : 0.99335646629333496,
  "cameraPoseARFrame" : [
    -0.35487315058708191,
    0.93422389030456543,
    -0.035931814461946487,
    0.0026635807007551193,
    -0.044239211827516556,
    0.021610366180539131,
    0.9987872838973999,
    0.20347121357917786,
    0.93386739492416382,
    0.35603228211402893,
    0.033660396933555603,
    0.018091389909386635,
    0,
    0,
    0,
    1
  ],
  "exposureDuration" : 0.01666666753590107
}