{
  "motionQuality" : 0.99817395210266113,
  "time" : 972284.22237350023,
  "exposureDuration" : 0.01666666753590107,
  "frame_index" : 50,
  "cameraPoseARFrame" : [
    -0.36472108960151672,
    0.93033128976821899,
    -0.038243185728788376,
    0.0045486371964216232,
    -0.02340218611061573,
    0.031900431960821152,
    0.99921709299087524,
    0.19526857137680054,
    0.93082284927368164,
    0.36533048748970032,
    0.010137024335563183,
    0.017927912995219231,
    0,
    0,
    0,
    1
  ],
  "averageAngularVelocity" : 0,
  "intrinsics" : [
    1484.6419677734375,
    0,
    961.3267822265625,
    0,
    1484.6419677734375,
    715.48822021484375,
    0,
    0,
    1
  ],
  "projectionMatrix" : [
    1.5465019941329956,
    0,
    -0.0019029378890991211,
    0,
    0,
    2.0620026588439941,
    -0.0055719614028930664,
    0,
    0,
    0,
    -0.9999997615814209,
    -0.00099999981466680765,
    0,
    0,
    -1,
    0
  ],
  "cameraGrain" : 0,
  "averageVelocity" : 0
}