{
  "averageAngularVelocity" : 0.63311415910720825,
  "projectionMatrix" : [
    1.5427893400192261,
    0,
    -0.0080941915512084961,
    0,
    0,
    2.0570523738861084,
    -0.0060476064682006836,
    0,
    0,
    0,
    -0.9999997615814209,
    -0.00099999981466680765,
    0,
    0,
    -1,
    0
  ],
  "averageVelocity" : 0.13193303346633911,
  "cameraPoseARFrame" : [
    -0.29515865445137024,
    -0.7106742262840271,
    -0.63861089944839478,
    -0.11380991339683533,
    -0.8772118091583252,
    -0.063325725495815277,
    0.47590890526771545,
    0.082978188991546631,
    -0.37865668535232544,
    0.70066559314727783,
    -0.60472065210342407,
    -0.11092985421419144,
    0,
    0,
    0,
    1
  ],
  "time" : 972271.58692991687,
  "frame_index" : 26,
  "cameraGrain" : 0,
  "motionQuality" : 0.81911027431488037,
  "intrinsics" : [
    1481.0777587890625,
    0,
    967.27044677734375,
    0,
    1481.0777587890625,
    715.14569091796875,
    0,
    0,
    1
  ],
  "exposureDuration" : 0.01666666753590107
}