{
  "cameraPoseARFrame" : [
    -0.019156893715262413,
    -0.99571716785430908,
    -0.090447001159191132,
    -0.019942145794630051,
    -0.84544497728347778,
    -0.032158326357603073,
    0.53309351205825806,
    0.10315814614295959,
    -0.53371894359588623,
    0.086680412292480469,
    -0.84120804071426392,
    -0.16727197170257568,
    0,
    0,
    0,
    1
  ],
  "averageAngularVelocity" : 0.30634474754333496,
  "averageVelocity" : 0.070944860577583313,
  "cameraGrain" : 0,
  "exposureDuration" : 0.01666666753590107,
  "frame_index" : 23,
  "time" : 972270.05334075016,
  "intrinsics" : [
    1479.67041015625,
    0,
    967.1773681640625,
    0,
    1479.67041015625,
    715.00811767578125,
    0,
    0,
    1
  ],
  "projectionMatrix" : [
    1.5413233041763306,
    0,
    -0.0079972743988037109,
    0,
    0,
    2.0550978183746338,
    -0.0062386989593505859,
    0,
    0,
    0,
    -0.9999997615814209,
    -0.00099999981466680765,
    0,
    0,
    -1,
    0
  ],
  "motionQuality" : 0.91247290372848511
}