{
  "intrinsics" : [
    1492.4818115234375,
    0,
    967.57977294921875,
    0,
    1492.4818115234375,
    714.79254150390625,
    0,
    0,
    1
  ],
  "exposureDuration" : 0.01666666753590107,
  "averageVelocity" : 0,
  "projectionMatrix" : [
    1.5546685457229614,
    0,
    -0.0084164142608642578,
    0,
    0,
    2.0728914737701416,
    -0.0065381526947021484,
    0,
    0,
    0,
    -0.9999997615814209,
    -0.00099999981466680765,
    0,
    0,
    -1,
    0
  ],
  "motionQuality" : 0.94341087341308594,
  "averageAngularVelocity" : 0.19806194305419922,
  "frame_index" : 12,
  "cameraPoseARFrame" : [
    0.43166807293891907,
    0.31447947025299072,
    0.84543818235397339,
    0.16995072364807129,
    -0.87534666061401367,
    -0.080249592661857605,
    0.47678956389427185,
    0.070364654064178467,
    0.21778658032417297,
    -0.94586628675460815,
    0.2406373918056488,
    0.070731014013290405,
    0,
    0,
    0,
    1.0000001192092896
  ],
  "time" : 972264.27068991691,
  "cameraGrain" : 0
}