{
  "intrinsics" : [
    1490.886962890625,
    0,
    967.431640625,
    0,
    1490.886962890625,
    714.68902587890625,
    0,
    0,
    1
  ],
  "exposureDuration" : 0.01666666753590107,
  "averageVelocity" : 0.087092883884906769,
  "projectionMatrix" : [
    1.5530072450637817,
    0,
    -0.0082621574401855469,
    0,
    0,
    2.070676326751709,
    -0.0066819190979003906,
    0,
    0,
    0,
    -0.9999997615814209,
    -0.00099999981466680765,
    0,
    0,
    -1,
    0
  ],
  "motionQuality" : 0.87921923398971558,
  "averageAngularVelocity" : 0.42273259162902832,
  "frame_index" : 13,
  "cameraPoseARFrame" : [
    0.45672145485877991,
    0.13085219264030457,
    0.87993365526199341,
    0.17371633648872375,
    -0.87377601861953735,
    -0.11980358511209488,
    0.47134104371070862,
    0.056680142879486084,
    0.16709522902965546,
    -0.98413658142089844,
    0.059618618339300156,
    0.04743630439043045,
    0,
    0,
    0,
    0.99999988079071045
  ],
  "time" : 972264.80400791683,
  "cameraGrain" : 0
}