{
  "frame_index" : 41,
  "averageAngularVelocity" : 0.26011151075363159,
  "cameraPoseARFrame" : [
    -0.29443442821502686,
    0.95323151350021362,
    -0.0682520791888237,
    -0.012361738830804825,
    -0.17514258623123169,
    0.016386158764362335,
    0.98440676927566528,
    0.24265781044960022,
    0.93948590755462646,
    0.30179706215858459,
    0.16212679445743561,
    0.033137630671262741,
    0,
    0,
    0,
    1
  ],
  "motionQuality" : 0.9256824254989624,
  "cameraGrain" : 0,
  "time" : 972279.48689108354,
  "projectionMatrix" : [
    1.5251021385192871,
    0,
    -0.0040649175643920898,
    0,
    0,
    2.0334694385528564,
    -0.00559234619140625,
    0,
    0,
    0,
    -0.9999997615814209,
    -0.00099999981466680765,
    0,
    0,
    -1,
    0
  ],
  "averageVelocity" : 0,
  "intrinsics" : [
    1464.0980224609375,
    0,
    963.40234375,
    0,
    1464.0980224609375,
    715.4735107421875,
    0,
    0,
    1
  ],
  "exposureDuration" : 0.01666666753590107
}