{
  "frame_index" : 16,
  "motionQuality" : 0.91952556371688843,
  "cameraPoseARFrame" : [
    0.42978376150131226,
    -0.47559329867362976,
    0.76752680540084839,
    0.16329360008239746,
    -0.88757270574569702,
    -0.066406391561031342,
    0.45585629343986511,
    0.062929749488830566,
    -0.16583350300788879,
    -0.8771553635597229,
    -0.45066401362419128,
    -0.047432266175746918,
    0,
    0,
    0,
    1
  ],
  "time" : 972266.37166408356,
  "projectionMatrix" : [
    1.5484300851821899,
    0,
    -0.0085126161575317383,
    0,
    0,
    2.0645735263824463,
    -0.0063284635543823242,
    0,
    0,
    0,
    -0.9999997615814209,
    -0.00099999981466680765,
    0,
    0,
    -1,
    0
  ],
  "intrinsics" : [
    1486.492919921875,
    0,
    967.67205810546875,
    0,
    1486.492919921875,
    714.9434814453125,
    0,
    0,
    1
  ],
  "cameraGrain" : 0,
  "averageVelocity" : 0,
  "averageAngularVelocity" : 0.28166055679321289,
  "exposureDuration" : 0.01666666753590107
}