{
  "motionQuality" : 0.99968355894088745,
  "frame_index" : 5,
  "averageVelocity" : 0,
  "projectionMatrix" : [
    1.5552061796188354,
    0,
    -0.0089071989059448242,
    0,
    0,
    2.0736081600189209,
    -0.005665898323059082,
    0,
    0,
    0,
    -0.9999997615814209,
    -0.00099999981466680765,
    0,
    0,
    -1,
    0
  ],
  "intrinsics" : [
    1492.9979248046875,
    0,
    968.05096435546875,
    0,
    1492.9979248046875,
    715.4205322265625,
    0,
    0,
    1
  ],
  "cameraPoseARFrame" : [
    0.14469794929027557,
    0.89131462574005127,
    0.42967537045478821,
    0.088024057447910309,
    -0.96417385339736938,
    0.029436726123094559,
    0.26363292336463928,
    0.034227728843688965,
    0.22233167290687561,
    -0.45242887735366821,
    0.86364173889160156,
    0.17911000549793243,
    0,
    0,
    0,
    1
  ],
  "cameraGrain" : 0,
  "time" : 972260.57064750022,
  "averageAngularVelocity" : 0,
  "exposureDuration" : 0.01666666753590107
}