{
  "motionQuality" : 0.99611777067184448,
  "frame_index" : 2,
  "cameraPoseARFrame" : [
    0.14708220958709717,
    0.88990622758865356,
    0.43177968263626099,
    0.08757307380437851,
    -0.96332383155822754,
    0.029824770987033844,
    0.26667898893356323,
    0.034305870532989502,
    0.22444157302379608,
    -0.45516738295555115,
    0.86165469884872437,
    0.17892096936702728,
    0,
    0,
    0,
    0.99999994039535522
  ],
  "time" : 972259.02143495856,
  "projectionMatrix" : [
    1.5552141666412354,
    0,
    -0.0088506937026977539,
    0,
    0,
    2.0736188888549805,
    -0.0056892633438110352,
    0,
    0,
    0,
    -0.9999997615814209,
    -0.00099999981466680765,
    0,
    0,
    -1,
    0
  ],
  "intrinsics" : [
    1493.005615234375,
    0,
    967.99664306640625,
    0,
    1493.005615234375,
    715.40374755859375,
    0,
    0,
    1
  ],
  "cameraGrain" : 0,
  "averageVelocity" : 0.0013933357549831271,
  "averageAngularVelocity" : 0,
  "exposureDuration" : 0.01666666753590107
}