{
  "averageVelocity" : 0.12389703094959259,
  "projectionMatrix" : [
    1.528974175453186,
    0,
    -0.0076389312744140625,
    0,
    0,
    2.0386321544647217,
    -0.0063210725784301758,
    0,
    0,
    0,
    -0.9999997615814209,
    -0.00099999981466680765,
    0,
    0,
    -1,
    0
  ],
  "intrinsics" : [
    1467.815185546875,
    0,
    966.8333740234375,
    0,
    1467.815185546875,
    714.94879150390625,
    0,
    0,
    1
  ],
  "time" : 972277.92041725025,
  "motionQuality" : 0.89635860919952393,
  "cameraGrain" : 0,
  "cameraPoseARFrame" : [
    -0.19058895111083984,
    0.97123712301254272,
    -0.142738938331604,
    -0.030496269464492798,
    -0.68447351455688477,
    -0.027247417718172073,
    0.72852843999862671,
    0.19237825274467468,
    0.70368468761444092,
    0.23655045032501221,
    0.66997909545898438,
    0.13556627929210663,
    0,
    0,
    0,
    1
  ],
  "frame_index" : 38,
  "exposureDuration" : 0.01666666753590107,
  "averageAngularVelocity" : 0.36274489760398865
}