{
  "projectionMatrix" : [
    1.5495376586914062,
    0,
    -0.0084837675094604492,
    0,
    0,
    2.0660502910614014,
    -0.0066674947738647461,
    0,
    0,
    0,
    -0.9999997615814209,
    -0.00099999981466680765,
    0,
    0,
    -1,
    0
  ],
  "exposureDuration" : 0.01666666753590107,
  "motionQuality" : 0.95744341611862183,
  "cameraGrain" : 0,
  "time" : 972272.65559108357,
  "averageVelocity" : 0,
  "frame_index" : 28,
  "intrinsics" : [
    1487.55615234375,
    0,
    967.6444091796875,
    0,
    1487.55615234375,
    714.69940185546875,
    0,
    0,
    1
  ],
  "averageAngularVelocity" : 0.14894798398017883,
  "cameraPoseARFrame" : [
    -0.34281399846076965,
    -0.45878461003303528,
    -0.81975328922271729,
    -0.16459806263446808,
    -0.90421485900878906,
    -0.075448460876941681,
    0.42036068439483643,
    0.074837982654571533,
    -0.25470411777496338,
    0.88533866405487061,
    -0.38897505402565002,
    -0.065497726202011108,
    0,
    0,
    0,
    1
  ]
}