{
  "motionQuality" : 1,
  "frame_index" : 0,
  "cameraPoseARFrame" : [
    0.14710722863674164,
    0.88967055082321167,
    0.43225684762001038,
    0.087910756468772888,
    -0.96230584383010864,
    0.027663096785545349,
    0.27055925130844116,
    0.03405463695526123,
    0.22875106334686279,
    -0.45576447248458862,
    0.86020463705062866,
    0.17823264002799988,
    0,
    0,
    0,
    1
  ],
  "projectionMatrix" : [
    1.5558077096939087,
    0,
    -0.0088503360748291016,
    0,
    0,
    2.0744104385375977,
    -0.0056821107864379883,
    0,
    0,
    0,
    -0.9999997615814209,
    -0.00099999981466680765,
    0,
    0,
    -1,
    0
  ],
  "time" : 972257.9877417502,
  "intrinsics" : [
    1493.575439453125,
    0,
    967.996337890625,
    0,
    1493.575439453125,
    715.40887451171875,
    0,
    0,
    1
  ],
  "cameraGrain" : 0,
  "averageVelocity" : 0,
  "averageAngularVelocity" : 0,
  "exposureDuration" : 0.01666666753590107
}