{
  "averageVelocity" : 0,
  "cameraPoseARFrame" : [
    -0.44759881496429443,
    0.09874318540096283,
    -0.88876628875732422,
    -0.1805550754070282,
    -0.89418774843215942,
    -0.059588175266981125,
    0.4437088668346405,
    0.10186845064163208,
    -0.0091467062011361122,
    0.99332743883132935,
    0.11496656388044357,
    0.013533885590732098,
    0,
    0,
    0,
    1.0000001192092896
  ],
  "averageAngularVelocity" : 0.48961374163627625,
  "intrinsics" : [
    1483.5521240234375,
    0,
    967.5960693359375,
    0,
    1483.5521240234375,
    714.69427490234375,
    0,
    0,
    1
  ],
  "exposureDuration" : 0.01666666753590107,
  "cameraGrain" : 0,
  "frame_index" : 31,
  "projectionMatrix" : [
    1.5453667640686035,
    0,
    -0.0084334611892700195,
    0,
    0,
    2.0604891777038574,
    -0.006674647331237793,
    0,
    0,
    0,
    -0.9999997615814209,
    -0.00099999981466680765,
    0,
    0,
    -1,
    0
  ],
  "motionQuality" : 0.86011034250259399,
  "time" : 972274.22227308352
}