{
  "intrinsics" : [
    1491.453125,
    0,
    968.13067626953125,
    0,
    1491.453125,
    715.16253662109375,
    0,
    0,
    1
  ],
  "cameraGrain" : 0,
  "exposureDuration" : 0.01666666753590107,
  "time" : 972262.17048683355,
  "cameraPoseARFrame" : [
    0.16043843328952789,
    0.80948400497436523,
    0.56479674577713013,
    0.11771861463785172,
    -0.94344687461853027,
    -0.042420882731676102,
    0.32879820466041565,
    0.035025954246520996,
    0.2901160717010498,
    -0.58560764789581299,
    0.75689929723739624,
    0.14439578354358673,
    0,
    0,
    0,
    0.99999982118606567
  ],
  "averageAngularVelocity" : 0.41222086548805237,
  "projectionMatrix" : [
    1.5535969734191895,
    0,
    -0.0089902877807617188,
    0,
    0,
    2.0714626312255859,
    -0.0060242414474487305,
    0,
    0,
    0,
    -0.9999997615814209,
    -0.00099999981466680765,
    0,
    0,
    -1,
    0
  ],
  "motionQuality" : 0.88222259283065796,
  "averageVelocity" : 0,
  "frame_index" : 8
}