{
  "projectionMatrix" : [
    1.5446218252182007,
    0,
    -0.0085294246673583984,
    0,
    0,
    2.0594956874847412,
    -0.0066848993301391602,
    0,
    0,
    0,
    -0.9999997615814209,
    -0.00099999981466680765,
    0,
    0,
    -1,
    0
  ],
  "intrinsics" : [
    1482.8369140625,
    0,
    967.68829345703125,
    0,
    1482.8369140625,
    714.6868896484375,
    0,
    0,
    1
  ],
  "cameraGrain" : 0.014588329009711742,
  "cameraPoseARFrame" : [
    -0.35487672686576843,
    -0.34486836194992065,
    -0.86898136138916016,
    -0.17539553344249725,
    -0.91687047481536865,
    -0.053344722837209702,
    0.39560449123382568,
    0.094348758459091187,
    -0.18278701603412628,
    0.93713414669036865,
    -0.29726880788803101,
    -0.04090435802936554,
    0,
    0,
    0,
    1
  ],
  "motionQuality" : 0.90617161989212036,
  "time" : 972273.18803416693,
  "averageAngularVelocity" : 0.32839924097061157,
  "frame_index" : 29,
  "averageVelocity" : 0.048001687973737717,
  "exposureDuration" : 0.01666666753590107
}