{
  "intrinsics" : [
    1491.460693359375,
    0,
    967.43499755859375,
    0,
    1491.460693359375,
    715.096435546875,
    0,
    0,
    1
  ],
  "exposureDuration" : 0.01666666753590107,
  "averageVelocity" : 0.0679340660572052,
  "projectionMatrix" : [
    1.5536048412322998,
    0,
    -0.0082656145095825195,
    0,
    0,
    2.0714731216430664,
    -0.006116032600402832,
    0,
    0,
    0,
    -0.9999997615814209,
    -0.00099999981466680765,
    0,
    0,
    -1,
    0
  ],
  "motionQuality" : 0.94295603036880493,
  "averageAngularVelocity" : 0.19965384900569916,
  "frame_index" : 18,
  "time" : 972267.43823825021,
  "cameraPoseARFrame" : [
    0.37383690476417542,
    -0.69154250621795654,
    0.61807370185852051,
    0.12356488406658173,
    -0.85993409156799316,
    -0.0087537160143256187,
    0.51033002138137817,
    0.083782792091369629,
    -0.34750449657440186,
    -0.7222827672958374,
    -0.59795361757278442,
    -0.11667890101671219,
    0,
    0,
    0,
    1
  ],
  "cameraGrain" : 0
}