{
  "intrinsics" : [
    1472.38525390625,
    0,
    962.03131103515625,
    0,
    1472.38525390625,
    715.45989990234375,
    0,
    0,
    1
  ],
  "averageAngularVelocity" : 0.046642888337373734,
  "cameraGrain" : 0,
  "cameraPoseARFrame" : [
    -0.3558826744556427,
    0.93320471048355103,
    -0.049767293035984039,
    0.00323880510404706,
    -0.084382466971874237,
    0.020947780460119247,
    0.99621331691741943,
    0.22065567970275879,
    0.93071341514587402,
    0.35873445868492126,
    0.071291163563728333,
    0.019436804577708244,
    0,
    0,
    0,
    1
  ],
  "exposureDuration" : 0.01666666753590107,
  "averageVelocity" : 0.01814369298517704,
  "time" : 972280.52027608349,
  "frame_index" : 43,
  "projectionMatrix" : [
    1.5337346792221069,
    0,
    -0.0026367902755737305,
    0,
    0,
    2.0449795722961426,
    -0.0056113004684448242,
    0,
    0,
    0,
    -0.9999997615814209,
    -0.00099999981466680765,
    0,
    0,
    -1,
    0
  ],
  "motionQuality" : 0.98667347431182861
}