{
  "averageVelocity" : 0.11769416928291321,
  "projectionMatrix" : [
    1.5239230394363403,
    0,
    -0.0067410469055175781,
    0,
    0,
    2.0318973064422607,
    -0.0062670707702636719,
    0,
    0,
    0,
    -0.9999997615814209,
    -0.00099999981466680765,
    0,
    0,
    -1,
    0
  ],
  "intrinsics" : [
    1462.966064453125,
    0,
    965.971435546875,
    0,
    1462.966064453125,
    714.9876708984375,
    0,
    0,
    1
  ],
  "time" : 972278.45394629193,
  "motionQuality" : 0.88068902492523193,
  "cameraGrain" : 0,
  "cameraPoseARFrame" : [
    -0.18900133669376373,
    0.97384458780288696,
    -0.12611699104309082,
    -0.020481549203395844,
    -0.51949167251586914,
    0.0098292725160717964,
    0.8544190526008606,
    0.23133981227874756,
    0.83331102132797241,
    0.22700297832489014,
    0.50404649972915649,
    0.088111832737922668,
    0,
    0,
    0,
    1.0000001192092896
  ],
  "frame_index" : 39,
  "exposureDuration" : 0.01666666753590107,
  "averageAngularVelocity" : 0.41758841276168823
}