{
  "frame_index" : 42,
  "averageAngularVelocity" : 0.25371655821800232,
  "motionQuality" : 0.92750954627990723,
  "cameraPoseARFrame" : [
    -0.34567466378211975,
    0.93594902753829956,
    -0.067146919667720795,
    -0.00019785462063737214,
    -0.11871137470006943,
    0.027363961562514305,
    0.99255174398422241,
    0.23151713609695435,
    0.93081527948379517,
    0.35107102990150452,
    0.10164877027273178,
    0.026393786072731018,
    0,
    0,
    0,
    0.99999994039535522
  ],
  "cameraGrain" : 0,
  "time" : 972279.98751083354,
  "projectionMatrix" : [
    1.5285718441009521,
    0,
    -0.0032603740692138672,
    0,
    0,
    2.0380957126617432,
    -0.0058093070983886719,
    0,
    0,
    0,
    -0.9999997615814209,
    -0.00099999981466680765,
    0,
    0,
    -1,
    0
  ],
  "averageVelocity" : 0,
  "intrinsics" : [
    1467.428955078125,
    0,
    962.6300048828125,
    0,
    1467.428955078125,
    715.31732177734375,
    0,
    0,
    1
  ],
  "exposureDuration" : 0.01666666753590107
}