{
  "exposureDuration" : 0.01666666753590107,
  "frame_index" : 3,
  "time" : 972259.53556183353,
  "averageVelocity" : 0,
  "averageAngularVelocity" : 0,
  "motionQuality" : 0.99966681003570557,
  "cameraPoseARFrame" : [
    0.14570511877536774,
    0.89065468311309814,
    0.43070223927497864,
    0.087870486080646515,
    -0.96372604370117188,
    0.029379270970821381,
    0.26527151465415955,
    0.034293115139007568,
    0.22361160814762115,
    -0.45373037457466125,
    0.86262786388397217,
    0.17909744381904602,
    0,
    0,
    0,
    1
  ],
  "projectionMatrix" : [
    1.5552341938018799,
    0,
    -0.0089123249053955078,
    0,
    0,
    2.0736455917358398,
    -0.0056738853454589844,
    0,
    0,
    0,
    -0.9999997615814209,
    -0.00099999981466680765,
    0,
    0,
    -1,
    0
  ],
  "cameraGrain" : 0,
  "intrinsics" : [
    1493.0247802734375,
    0,
    968.0557861328125,
    0,
    1493.0247802734375,
    715.414794921875,
    0,
    0,
    1
  ]
}