{
  "frame_index" : 21,
  "motionQuality" : 0.91078823804855347,
  "cameraPoseARFrame" : [
    0.18700781464576721,
    -0.94507241249084473,
    0.26807910203933716,
    0.046004891395568848,
    -0.84018748998641968,
    -0.012466566637158394,
    0.5421527624130249,
    0.093325525522232056,
    -0.50903159379959106,
    -0.32662340998649597,
    -0.79636943340301514,
    -0.14849092066287994,
    0,
    0,
    0,
    1
  ],
  "projectionMatrix" : [
    1.546004056930542,
    0,
    -0.0082167387008666992,
    0,
    0,
    2.0613389015197754,
    -0.0060378313064575195,
    0,
    0,
    0,
    -0.9999997615814209,
    -0.00099999981466680765,
    0,
    0,
    -1,
    0
  ],
  "time" : 972269.00335654186,
  "intrinsics" : [
    1484.1639404296875,
    0,
    967.3880615234375,
    0,
    1484.1639404296875,
    715.15277099609375,
    0,
    0,
    1
  ],
  "cameraGrain" : 0,
  "averageVelocity" : 0,
  "averageAngularVelocity" : 0.31224116683006287,
  "exposureDuration" : 0.01666666753590107
}