{
  "projectionMatrix" : [
    1.5477250814437866,
    0,
    -0.0085545778274536133,
    0,
    0,
    2.0636334419250488,
    -0.0062195062637329102,
    0,
    0,
    0,
    -0.9999997615814209,
    -0.00099999981466680765,
    0,
    0,
    -1,
    0
  ],
  "intrinsics" : [
    1485.8160400390625,
    0,
    967.71234130859375,
    0,
    1485.8160400390625,
    715.02197265625,
    0,
    0,
    1
  ],
  "cameraGrain" : 0,
  "motionQuality" : 0.87837064266204834,
  "cameraPoseARFrame" : [
    -0.43770903348922729,
    -0.11003643274307251,
    -0.89235806465148926,
    -0.17706131935119629,
    -0.89328670501708984,
    -0.059617262333631516,
    0.44551593065261841,
    0.08654320240020752,
    -0.10222294926643372,
    0.99213802814483643,
    -0.072199068963527679,
    0.0010985080152750015,
    0,
    0,
    0,
    1
  ],
  "time" : 972273.72134525026,
  "averageAngularVelocity" : 0.42570281028747559,
  "frame_index" : 30,
  "averageVelocity" : 0.078660570085048676,
  "exposureDuration" : 0.01666666753590107
}