{
  "projectionMatrix" : [
    1.5217320919036865,
    0,
    -0.0054033994674682617,
    0,
    0,
    2.0289762020111084,
    -0.005601048469543457,
    0,
    0,
    0,
    -0.9999997615814209,
    -0.00099999981466680765,
    0,
    0,
    -1,
    0
  ],
  "exposureDuration" : 0.01666666753590107,
  "motionQuality" : 0.89527034759521484,
  "cameraGrain" : 0,
  "time" : 972278.9562390002,
  "averageVelocity" : 0,
  "frame_index" : 40,
  "intrinsics" : [
    1460.86279296875,
    0,
    964.68731689453125,
    0,
    1460.86279296875,
    715.46722412109375,
    0,
    0,
    1
  ],
  "averageAngularVelocity" : 0.36655378341674805,
  "cameraPoseARFrame" : [
    -0.23717710375785828,
    0.96458137035369873,
    -0.11545522511005402,
    -0.024105016142129898,
    -0.32972061634063721,
    0.03186306357383728,
    0.94354063272476196,
    0.24721783399581909,
    0.91380065679550171,
    0.26185411214828491,
    0.31048524379730225,
    0.047436311841011047,
    0,
    0,
    0,
    1
  ]
}