{
  "intrinsics" : [
    1475.7926025390625,
    0,
    961.787109375,
    0,
    1475.7926025390625,
    715.431396484375,
    0,
    0,
    1
  ],
  "averageAngularVelocity" : 0.0319070965051651,
  "cameraGrain" : 0,
  "cameraPoseARFrame" : [
    -0.35232862830162048,
    0.93464106321334839,
    -0.048071905970573425,
    0.0008670315146446228,
    -0.065308868885040283,
    0.026686109602451324,
    0.99750822782516479,
    0.21451178193092346,
    0.93359500169754028,
    0.35459014773368835,
    0.051638074219226837,
    0.015536637976765633,
    0,
    0,
    0,
    1
  ],
  "exposureDuration" : 0.01666666753590107,
  "averageVelocity" : 0.006632623728364706,
  "time" : 972281.02061925025,
  "frame_index" : 44,
  "projectionMatrix" : [
    1.5372840166091919,
    0,
    -0.0023823976516723633,
    0,
    0,
    2.0497119426727295,
    -0.0056508779525756836,
    0,
    0,
    0,
    -0.9999997615814209,
    -0.00099999981466680765,
    0,
    0,
    -1,
    0
  ],
  "motionQuality" : 0.99088370800018311
}