{
  "averageVelocity" : 0.10091636329889297,
  "cameraPoseARFrame" : [
    -0.44487056136131287,
    0.31694325804710388,
    -0.83763808012008667,
    -0.18303489685058594,
    -0.88564914464950562,
    -0.016687819734215736,
    0.46405503153800964,
    0.10956808924674988,
    0.13310077786445618,
    0.94829779863357544,
    0.28812450170516968,
    0.061200283467769623,
    0,
    0,
    0,
    0.99999994039535522
  ],
  "averageAngularVelocity" : 0.22256812453269958,
  "intrinsics" : [
    1476.9705810546875,
    0,
    967.61053466796875,
    0,
    1476.9705810546875,
    714.9766845703125,
    0,
    0,
    1
  ],
  "exposureDuration" : 0.01666666753590107,
  "cameraGrain" : 0,
  "frame_index" : 32,
  "projectionMatrix" : [
    1.5385110378265381,
    0,
    -0.008448481559753418,
    0,
    0,
    2.0513479709625244,
    -0.0062823295593261719,
    0,
    0,
    0,
    -0.9999997615814209,
    -0.00099999981466680765,
    0,
    0,
    -1,
    0
  ],
  "motionQuality" : 0.9364091157913208,
  "time" : 972274.75389875018
}