{
  "averageVelocity" : 0,
  "frame_index" : 45,
  "averageAngularVelocity" : 0.017067931592464447,
  "projectionMatrix" : [
    1.5396304130554199,
    0,
    -0.0022103786468505859,
    0,
    0,
    2.0528404712677002,
    -0.005663752555847168,
    0,
    0,
    0,
    -0.9999997615814209,
    -0.00099999981466680765,
    0,
    0,
    -1,
    0
  ],
  "time" : 972281.55432950018,
  "intrinsics" : [
    1478.045166015625,
    0,
    961.62200927734375,
    0,
    1478.045166015625,
    715.422119140625,
    0,
    0,
    1
  ],
  "cameraGrain" : 0,
  "motionQuality" : 0.99512344598770142,
  "cameraPoseARFrame" : [
    -0.35442227125167847,
    0.93404549360275269,
    -0.044092588126659393,
    0.001309415209107101,
    -0.051816247403621674,
    0.027463184669613838,
    0.99827897548675537,
    0.20903453230857849,
    0.93364894390106201,
    0.35609692335128784,
    0.038665175437927246,
    0.017828425392508507,
    0,
    0,
    0,
    0.99999994039535522
  ],
  "exposureDuration" : 0.01666666753590107
}