{
  "motionQuality" : 0.99945735931396484,
  "frame_index" : 4,
  "cameraPoseARFrame" : [
    0.1447327733039856,
    0.89124691486358643,
    0.42980393767356873,
    0.088141918182373047,
    -0.9639248251914978,
    0.028933085501194,
    0.26459735631942749,
    0.034198880195617676,
    0.2233860194683075,
    -0.45259460806846619,
    0.86328268051147461,
    0.17910030484199524,
    0,
    0,
    0,
    0.99999994039535522
  ],
  "time" : 972260.0371436252,
  "projectionMatrix" : [
    1.5552541017532349,
    0,
    -0.0089074373245239258,
    0,
    0,
    2.0736720561981201,
    -0.0057017803192138672,
    0,
    0,
    0,
    -0.9999997615814209,
    -0.00099999981466680765,
    0,
    0,
    -1,
    0
  ],
  "intrinsics" : [
    1493.0439453125,
    0,
    968.05108642578125,
    0,
    1493.0439453125,
    715.39471435546875,
    0,
    0,
    1
  ],
  "cameraGrain" : 0,
  "averageVelocity" : 0,
  "averageAngularVelocity" : 0,
  "exposureDuration" : 0.01666666753590107
}