{
  "averageVelocity" : 0.10279650241136551,
  "projectionMatrix" : [
    1.542442798614502,
    0,
    -0.0085889101028442383,
    0,
    0,
    2.0565905570983887,
    -0.0062844753265380859,
    0,
    0,
    0,
    -0.9999997615814209,
    -0.00099999981466680765,
    0,
    0,
    -1,
    0
  ],
  "time" : 972276.32023983356,
  "intrinsics" : [
    1480.7451171875,
    0,
    967.74530029296875,
    0,
    1480.7451171875,
    714.97515869140625,
    0,
    0,
    1
  ],
  "motionQuality" : 0.91011971235275269,
  "cameraGrain" : 0,
  "cameraPoseARFrame" : [
    -0.39967700839042664,
    0.70386821031570435,
    -0.58722072839736938,
    -0.11009318381547928,
    -0.85677492618560791,
    -0.059108804911375046,
    0.51229190826416016,
    0.10419368743896484,
    0.32587608695030212,
    0.70786720514297485,
    0.62668108940124512,
    0.13283529877662659,
    0,
    0,
    0,
    1
  ],
  "frame_index" : 35,
  "exposureDuration" : 0.01666666753590107,
  "averageAngularVelocity" : 0.31458094716072083
}