{
  "cameraGrain" : 0,
  "cameraPoseARFrame" : [
    -0.41904675960540771,
    0.43945911526679993,
    -0.79452866315841675,
    -0.19300316274166107,
    -0.89194732904434204,
    -0.035601403564214706,
    0.45073553919792175,
    0.12143281102180481,
    0.169793501496315,
    0.89755690097808838,
    0.40689307451248169,
    0.090831398963928223,
    0,
    0,
    0,
    1
  ],
  "averageAngularVelocity" : 0.21509853005409241,
  "exposureDuration" : 0.01666666753590107,
  "projectionMatrix" : [
    1.5330493450164795,
    0,
    -0.0083711147308349609,
    0,
    0,
    2.0440659523010254,
    -0.0062808990478515625,
    0,
    0,
    0,
    -0.9999997615814209,
    -0.00099999981466680765,
    0,
    0,
    -1,
    0
  ],
  "motionQuality" : 0.93854326009750366,
  "time" : 972275.28797308356,
  "intrinsics" : [
    1471.7274169921875,
    0,
    967.5362548828125,
    0,
    1471.7274169921875,
    714.977783203125,
    0,
    0,
    1
  ],
  "averageVelocity" : 0.045705154538154602,
  "frame_index" : 33
}