{
  "motionQuality" : 0.90642869472503662,
  "frame_index" : 17,
  "cameraPoseARFrame" : [
    0.41268634796142578,
    -0.59146881103515625,
    0.69271552562713623,
    0.13733315467834473,
    -0.86731743812561035,
    -0.022806370630860329,
    0.49723267555236816,
    0.061984535306692123,
    -0.27829933166503906,
    -0.80600541830062866,
    -0.52240318059921265,
    -0.079297631978988647,
    0,
    0,
    0,
    1.0000001192092896
  ],
  "projectionMatrix" : [
    1.5535690784454346,
    0,
    -0.0084021091461181641,
    0,
    0,
    2.0714254379272461,
    -0.0064727067947387695,
    0,
    0,
    0,
    -0.9999997615814209,
    -0.00099999981466680765,
    0,
    0,
    -1,
    0
  ],
  "time" : 972266.90499329183,
  "intrinsics" : [
    1491.42626953125,
    0,
    967.56597900390625,
    0,
    1491.42626953125,
    714.83966064453125,
    0,
    0,
    1
  ],
  "cameraGrain" : 0,
  "averageVelocity" : 0,
  "averageAngularVelocity" : 0.32749956846237183,
  "exposureDuration" : 0.01666666753590107
}