{
  "intrinsics" : [
    1486.4356689453125,
    0,
    967.35760498046875,
    0,
    1486.4356689453125,
    715.14654541015625,
    0,
    0,
    1
  ],
  "exposureDuration" : 0.01666666753590107,
  "averageVelocity" : 0,
  "projectionMatrix" : [
    1.5483704805374146,
    0,
    -0.0081850290298461914,
    0,
    0,
    2.0644938945770264,
    -0.0060464143753051758,
    0,
    0,
    0,
    -0.9999997615814209,
    -0.00099999981466680765,
    0,
    0,
    -1,
    0
  ],
  "motionQuality" : 0.94420313835144043,
  "averageAngularVelocity" : 0.1952890008687973,
  "frame_index" : 19,
  "cameraPoseARFrame" : [
    0.34223219752311707,
    -0.77141469717025757,
    0.53646689653396606,
    0.10435254871845245,
    -0.86404401063919067,
    -0.034035395830869675,
    0.50226444005966187,
    0.079271614551544189,
    -0.36919525265693665,
    -0.63542205095291138,
    -0.67818427085876465,
    -0.13399294018745422,
    0,
    0,
    0,
    0.99999994039535522
  ],
  "time" : 972267.96980979189,
  "cameraGrain" : 0
}