{
  "motionQuality" : 0.89903974533081055,
  "frame_index" : 14,
  "cameraPoseARFrame" : [
    0.45117256045341492,
    -0.063120290637016296,
    0.8902018666267395,
    0.19676926732063293,
    -0.8916965126991272,
    -0.07250504195690155,
    0.44678902626037598,
    0.070124685764312744,
    0.036342643201351166,
    -0.99536877870559692,
    -0.088996469974517822,
    0.0035313041880726814,
    0,
    0,
    0,
    1
  ],
  "time" : 972265.33664216683,
  "projectionMatrix" : [
    1.5490156412124634,
    0,
    -0.0083734989166259766,
    0,
    0,
    2.0653543472290039,
    -0.0068099498748779297,
    0,
    0,
    0,
    -0.9999997615814209,
    -0.00099999981466680765,
    0,
    0,
    -1,
    0
  ],
  "intrinsics" : [
    1487.0550537109375,
    0,
    967.53851318359375,
    0,
    1487.0550537109375,
    714.5968017578125,
    0,
    0,
    1
  ],
  "cameraGrain" : 0,
  "averageVelocity" : 0.091287001967430115,
  "averageAngularVelocity" : 0.35336095094680786,
  "exposureDuration" : 0.01666666753590107
}