{
  "projectionMatrix" : [
    1.5609385967254639,
    0,
    -0.0087330341339111328,
    0,
    0,
    2.0812516212463379,
    -0.006056666374206543,
    0,
    0,
    0,
    -0.9999997615814209,
    -0.00099999981466680765,
    0,
    0,
    -1,
    0
  ],
  "cameraPoseARFrame" : [
    0.23094883561134338,
    0.71135187149047852,
    0.66380834579467773,
    0.12649539113044739,
    -0.93027448654174805,
    -0.0384359210729599,
    0.36484524607658386,
    0.038759231567382812,
    0.28504741191864014,
    -0.70178443193435669,
    0.65287572145462036,
    0.13204494118690491,
    0,
    0,
    0,
    1
  ],
  "intrinsics" : [
    1498.5010986328125,
    0,
    967.88372802734375,
    0,
    1498.5010986328125,
    715.13922119140625,
    0,
    0,
    1
  ],
  "cameraGrain" : 0,
  "exposureDuration" : 0.01666666753590107,
  "time" : 972262.70304020855,
  "frame_index" : 9,
  "averageAngularVelocity" : 0.43650224804878235,
  "motionQuality" : 0.87528508901596069,
  "averageVelocity" : 0.038447145372629166
}