{
  "intrinsics" : [
    1481.9764404296875,
    0,
    961.447021484375,
    0,
    1481.9764404296875,
    715.46405029296875,
    0,
    0,
    1
  ],
  "frame_index" : 47,
  "motionQuality" : 0.99156361818313599,
  "projectionMatrix" : [
    1.5437254905700684,
    0,
    -0.0020281076431274414,
    0,
    0,
    2.0583004951477051,
    -0.0056054592132568359,
    0,
    0,
    0,
    -0.9999997615814209,
    -0.00099999981466680765,
    0,
    0,
    -1,
    0
  ],
  "cameraPoseARFrame" : [
    -0.35292929410934448,
    0.93495082855224609,
    -0.036166820675134659,
    0.0018506108317524195,
    -0.03623262420296669,
    0.024968409910798073,
    0.9990314245223999,
    0.20031315088272095,
    0.93494826555252075,
    0.35389783978462219,
    0.025063645094633102,
    0.015586230903863907,
    0,
    0,
    0,
    0.99999988079071045
  ],
  "averageAngularVelocity" : 0.029527293518185616,
  "averageVelocity" : 0,
  "cameraGrain" : 0,
  "exposureDuration" : 0.01666666753590107,
  "time" : 972282.62071929185
}