{
  "exposureDuration" : 0.01666666753590107,
  "frame_index" : 1,
  "time" : 972258.52074000018,
  "averageVelocity" : 0.002818054286763072,
  "averageAngularVelocity" : 0.01099090464413166,
  "motionQuality" : 0.99685972929000854,
  "cameraPoseARFrame" : [
    0.14762018620967865,
    0.88962292671203613,
    0.43217983841896057,
    0.087701752781867981,
    -0.96284997463226318,
    0.029364950954914093,
    0.26843538880348206,
    0.0339774489402771,
    0.22611534595489502,
    -0.45575082302093506,
    0.86090844869613647,
    0.17859159409999847,
    0,
    0,
    0,
    1
  ],
  "projectionMatrix" : [
    1.5558596849441528,
    0,
    -0.0088521242141723633,
    0,
    0,
    2.0744795799255371,
    -0.0056664943695068359,
    0,
    0,
    0,
    -0.9999997615814209,
    -0.00099999981466680765,
    0,
    0,
    -1,
    0
  ],
  "cameraGrain" : 0,
  "intrinsics" : [
    1493.625244140625,
    0,
    967.998046875,
    0,
    1493.625244140625,
    715.420166015625,
    0,
    0,
    1
  ]
}