{
  "time" : 972268.47188500024,
  "motionQuality" : 0.89088767766952515,
  "averageAngularVelocity" : 0.3818930983543396,
  "averageVelocity" : 0,
  "cameraGrain" : 0,
  "cameraPoseARFrame" : [
    0.24657987058162689,
    -0.86702466011047363,
    0.43297460675239563,
    0.077063679695129395,
    -0.87466347217559814,
    -0.0067108510993421078,
    0.4846842885017395,
    0.094073504209518433,
    -0.41732761263847351,
    -0.49822032451629639,
    -0.76000970602035522,
    -0.14109152555465698,
    0,
    0,
    0,
    1.0000001192092896
  ],
  "frame_index" : 20,
  "exposureDuration" : 0.01666666753590107,
  "projectionMatrix" : [
    1.5452711582183838,
    0,
    -0.0083017349243164062,
    0,
    0,
    2.0603616237640381,
    -0.0060975551605224609,
    0,
    0,
    0,
    -0.9999997615814209,
    -0.00099999981466680765,
    0,
    0,
    -1,
    0
  ],
  "intrinsics" : [
    1483.4603271484375,
    0,
    967.46966552734375,
    0,
    1483.4603271484375,
    715.10980224609375,
    0,
    0,
    1
  ]
}