{
  "intrinsics" : [
    1482.9630126953125,
    0,
    961.358642578125,
    0,
    1482.9630126953125,
    715.4969482421875,
    0,
    0,
    1
  ],
  "cameraPoseARFrame" : [
    -0.36245736479759216,
    0.93105989694595337,
    -0.041863102465867996,
    0.0052544311620295048,
    -0.031950842589139938,
    0.032477833330631256,
    0.9989616870880127,
    0.19859850406646729,
    0.93145275115966797,
    0.36341843008995056,
    0.017976317554712296,
    0.017076874151825905,
    0,
    0,
    0,
    1.0000001192092896
  ],
  "motionQuality" : 0.98746627569198608,
  "frame_index" : 48,
  "projectionMatrix" : [
    1.5447531938552856,
    0,
    -0.0019360780715942383,
    0,
    0,
    2.0596709251403809,
    -0.0055598020553588867,
    0,
    0,
    0,
    -0.9999997615814209,
    -0.00099999981466680765,
    0,
    0,
    -1,
    0
  ],
  "averageAngularVelocity" : 0,
  "averageVelocity" : 0.012181979604065418,
  "cameraGrain" : 0,
  "exposureDuration" : 0.01666666753590107,
  "time" : 972283.15414433356
}