{
  "motionQuality" : 0.97435629367828369,
  "frame_index" : 6,
  "averageVelocity" : 0,
  "projectionMatrix" : [
    1.5552022457122803,
    0,
    -0.0089125633239746094,
    0,
    0,
    2.0736029148101807,
    -0.0056908130645751953,
    0,
    0,
    0,
    -0.9999997615814209,
    -0.00099999981466680765,
    0,
    0,
    -1,
    0
  ],
  "intrinsics" : [
    1492.994140625,
    0,
    968.05609130859375,
    0,
    1492.994140625,
    715.402587890625,
    0,
    0,
    1
  ],
  "cameraPoseARFrame" : [
    0.13871423900127411,
    0.88929885625839233,
    0.43578222393989563,
    0.088663361966609955,
    -0.96693992614746094,
    0.026544125750660896,
    0.25361907482147217,
    0.034282144159078598,
    0.2139756977558136,
    -0.45655578374862671,
    0.86358064413070679,
    0.18015195429325104,
    0,
    0,
    0,
    1.0000001192092896
  ],
  "cameraGrain" : 0,
  "time" : 972261.10355083353,
  "averageAngularVelocity" : 0.089753001928329468,
  "exposureDuration" : 0.01666666753590107
}