{
  "motionQuality" : 0.93848937749862671,
  "frame_index" : 11,
  "cameraPoseARFrame" : [
    0.37751075625419617,
    0.41959422826766968,
    0.8254857063293457,
    0.15765532851219177,
    -0.8910941481590271,
    -0.077857963740825653,
    0.44708994030952454,
    0.0561177097260952,
    0.25186699628829956,
    -0.90436673164367676,
    0.34450569748878479,
    0.093828380107879639,
    0,
    0,
    0,
    1.0000001192092896
  ],
  "time" : 972263.73722570855,
  "projectionMatrix" : [
    1.5558675527572632,
    0,
    -0.0084781646728515625,
    0,
    0,
    2.0744900703430176,
    -0.0065472126007080078,
    0,
    0,
    0,
    -0.9999997615814209,
    -0.00099999981466680765,
    0,
    0,
    -1,
    0
  ],
  "intrinsics" : [
    1493.6328125,
    0,
    967.6390380859375,
    0,
    1493.6328125,
    714.7860107421875,
    0,
    0,
    1
  ],
  "cameraGrain" : 0,
  "averageVelocity" : 0.053232863545417786,
  "averageAngularVelocity" : 0.21528720855712891,
  "exposureDuration" : 0.01666666753590107
}