{
  "intrinsics" : [
    1490.92529296875,
    0,
    968.07403564453125,
    0,
    1490.92529296875,
    715.54815673828125,
    0,
    0,
    1
  ],
  "cameraGrain" : 0,
  "exposureDuration" : 0.01666666753590107,
  "time" : 972261.63607212517,
  "cameraPoseARFrame" : [
    0.1017005443572998,
    0.86354672908782959,
    0.49390736222267151,
    0.10028116405010223,
    -0.97908300161361694,
    -0.0010612987680360675,
    0.20345871150493622,
    0.03653329610824585,
    0.17622028291225433,
    -0.5042681097984314,
    0.84537589550018311,
    0.18321520090103149,
    0,
    0,
    0,
    1
  ],
  "averageAngularVelocity" : 0.35982370376586914,
  "projectionMatrix" : [
    1.5530471801757812,
    0,
    -0.008931279182434082,
    0,
    0,
    2.0707294940948486,
    -0.0054886341094970703,
    0,
    0,
    0,
    -0.9999997615814209,
    -0.00099999981466680765,
    0,
    0,
    -1,
    0
  ],
  "motionQuality" : 0.89719325304031372,
  "averageVelocity" : 0.042300894856452942,
  "frame_index" : 7
}