{
  "cameraGrain" : 0,
  "cameraPoseARFrame" : [
    -0.3577556312084198,
    0.56771993637084961,
    -0.74142110347747803,
    -0.16094471514225006,
    -0.90914613008499146,
    -0.030462570488452911,
    0.41536173224449158,
    0.10437339544296265,
    0.21322356164455414,
    0.8226580023765564,
    0.52703863382339478,
    0.11384532600641251,
    0,
    0,
    0,
    1
  ],
  "averageAngularVelocity" : 0.26384064555168152,
  "exposureDuration" : 0.01666666753590107,
  "projectionMatrix" : [
    1.5286037921905518,
    0,
    -0.0084363222122192383,
    0,
    0,
    2.0381383895874023,
    -0.0061714649200439453,
    0,
    0,
    0,
    -0.9999997615814209,
    -0.00099999981466680765,
    0,
    0,
    -1,
    0
  ],
  "motionQuality" : 0.92461693286895752,
  "time" : 972275.78903195856,
  "intrinsics" : [
    1467.4595947265625,
    0,
    967.598876953125,
    0,
    1467.4595947265625,
    715.0565185546875,
    0,
    0,
    1
  ],
  "averageVelocity" : 0.126758873462677,
  "frame_index" : 34
}