{
  "cameraPoseARFrame" : [
    -0.21656914055347443,
    -0.8931351900100708,
    -0.39421764016151428,
    -0.077897153794765472,
    -0.84950321912765503,
    -0.026583096012473106,
    0.5269133448600769,
    0.11172878742218018,
    -0.48108434677124023,
    0.44900232553482056,
    -0.75296413898468018,
    -0.14767977595329285,
    0,
    0,
    0,
    1
  ],
  "averageAngularVelocity" : 0.32007765769958496,
  "averageVelocity" : 0.060351315885782242,
  "cameraGrain" : 0,
  "exposureDuration" : 0.01666666753590107,
  "frame_index" : 25,
  "time" : 972271.05519091687,
  "intrinsics" : [
    1476.381591796875,
    0,
    967.3662109375,
    0,
    1476.381591796875,
    715.0718994140625,
    0,
    0,
    1
  ],
  "projectionMatrix" : [
    1.5378974676132202,
    0,
    -0.0081939697265625,
    0,
    0,
    2.050529956817627,
    -0.0061501264572143555,
    0,
    0,
    0,
    -0.9999997615814209,
    -0.00099999981466680765,
    0,
    0,
    -1,
    0
  ],
  "motionQuality" : 0.90854924917221069
}