{
  "cameraGrain" : 0,
  "intrinsics" : [
    1495.7208251953125,
    0,
    967.868896484375,
    0,
    1495.7208251953125,
    714.97137451171875,
    0,
    0,
    1
  ],
  "cameraPoseARFrame" : [
    0.27749097347259521,
    0.53813457489013672,
    0.79587054252624512,
    0.1498076319694519,
    -0.92422670125961304,
    -0.076650030910968781,
    0.37407165765762329,
    0.05379563570022583,
    0.26230445504188538,
    -0.83936631679534912,
    0.47608885169029236,
    0.11325493454933167,
    0,
    0,
    0,
    0.99999982118606567
  ],
  "averageAngularVelocity" : 0.42319688200950623,
  "frame_index" : 10,
  "projectionMatrix" : [
    1.5580425262451172,
    0,
    -0.008717656135559082,
    0,
    0,
    2.0773899555206299,
    -0.0062897205352783203,
    0,
    0,
    0,
    -0.9999997615814209,
    -0.00099999981466680765,
    0,
    0,
    -1,
    0
  ],
  "motionQuality" : 0.87908661365509033,
  "averageVelocity" : 0,
  "exposureDuration" : 0.01666666753590107,
  "time" : 972263.20387712517
}