{
  "averageAngularVelocity" : 0.31699427962303162,
  "projectionMatrix" : [
    1.5494340658187866,
    0,
    -0.0084016323089599609,
    0,
    0,
    2.0659120082855225,
    -0.0065611600875854492,
    0,
    0,
    0,
    -0.9999997615814209,
    -0.00099999981466680765,
    0,
    0,
    -1,
    0
  ],
  "averageVelocity" : 0.050177149474620819,
  "frame_index" : 27,
  "time" : 972272.1215740419,
  "cameraPoseARFrame" : [
    -0.32052326202392578,
    -0.5547369122505188,
    -0.76780992746353149,
    -0.1535239964723587,
    -0.90290111303329468,
    -0.066170193254947662,
    0.4247247576713562,
    0.070204377174377441,
    -0.28641662001609802,
    0.82939064502716064,
    -0.47966349124908447,
    -0.082359127700328827,
    0,
    0,
    0,
    0.99999994039535522
  ],
  "cameraGrain" : 0,
  "motionQuality" : 0.90943020582199097,
  "intrinsics" : [
    1487.4566650390625,
    0,
    967.5655517578125,
    0,
    1487.4566650390625,
    714.7760009765625,
    0,
    0,
    1
  ],
  "exposureDuration" : 0.01666666753590107
}