{
  "motionQuality" : 0.90720325708389282,
  "frame_index" : 22,
  "cameraPoseARFrame" : [
    0.080413736402988434,
    -0.99541282653808594,
    0.051837500184774399,
    0.016546450555324554,
    -0.83006411790847778,
    -0.038082629442214966,
    0.55636614561080933,
    0.1049703061580658,
    -0.55183988809585571,
    -0.087767831981182098,
    -0.82931894063949585,
    -0.16869497299194336,
    0,
    0,
    0,
    1
  ],
  "time" : 972269.5369382085,
  "projectionMatrix" : [
    1.5453429222106934,
    0,
    -0.0080838203430175781,
    0,
    0,
    2.0604572296142578,
    -0.0061509609222412109,
    0,
    0,
    0,
    -0.9999997615814209,
    -0.00099999981466680765,
    0,
    0,
    -1,
    0
  ],
  "intrinsics" : [
    1483.5291748046875,
    0,
    967.26043701171875,
    0,
    1483.5291748046875,
    715.07135009765625,
    0,
    0,
    1
  ],
  "cameraGrain" : 0,
  "averageVelocity" : 0.084777988493442535,
  "averageAngularVelocity" : 0.32478860020637512,
  "exposureDuration" : 0.01666666753590107
}