{
  "motionQuality" : 0.98717892169952393,
  "time" : 972283.68843779189,
  "exposureDuration" : 0.01666666753590107,
  "frame_index" : 49,
  "cameraPoseARFrame" : [
    -0.361672043800354,
    0.93146383762359619,
    -0.039605937898159027,
    0.0054633263498544693,
    -0.025226710364222527,
    0.032688718289136887,
    0.99914717674255371,
    0.19673541188240051,
    0.9319642186164856,
    0.36236259341239929,
    0.011675175279378891,
    0.016811627894639969,
    0,
    0,
    0,
    0.99999994039535522
  ],
  "averageAngularVelocity" : 0.044873714447021484,
  "intrinsics" : [
    1483.5177001953125,
    0,
    961.3228759765625,
    0,
    1483.5177001953125,
    715.48590087890625,
    0,
    0,
    1
  ],
  "projectionMatrix" : [
    1.5453308820724487,
    0,
    -0.0018988847732543945,
    0,
    0,
    2.060441255569458,
    -0.0055751800537109375,
    0,
    0,
    0,
    -0.9999997615814209,
    -0.00099999981466680765,
    0,
    0,
    -1,
    0
  ],
  "cameraGrain" : 0,
  "averageVelocity" : 0
}