{
  "motionQuality" : 0.856597900390625,
  "frame_index" : 15,
  "exposureDuration" : 0.01666666753590107,
  "cameraGrain" : 0,
  "averageVelocity" : 0.083095647394657135,
  "cameraPoseARFrame" : [
    0.43026840686798096,
    -0.26099839806556702,
    0.86414641141891479,
    0.18138986825942993,
    -0.89898025989532471,
    -0.037065319716930389,
    0.43641769886016846,
    0.063564479351043701,
    -0.081874482333660126,
    -0.96462744474411011,
    -0.25058048963546753,
    -0.030138125643134117,
    0,
    0,
    0,
    0.99999988079071045
  ],
  "intrinsics" : [
    1484.0875244140625,
    0,
    967.5836181640625,
    0,
    1484.0875244140625,
    714.8133544921875,
    0,
    0,
    1
  ],
  "time" : 972265.83735950023,
  "projectionMatrix" : [
    1.5459245443344116,
    0,
    -0.0084204673767089844,
    0,
    0,
    2.0612325668334961,
    -0.0065091848373413086,
    0,
    0,
    0,
    -0.9999997615814209,
    -0.00099999981466680765,
    0,
    0,
    -1,
    0
  ],
  "averageAngularVelocity" : 0.50190740823745728
}