{
  "averageVelocity" : 0.070086866617202759,
  "projectionMatrix" : [
    1.5419965982437134,
    0,
    -0.0078463554382324219,
    0,
    0,
    2.0559954643249512,
    -0.0065045356750488281,
    0,
    0,
    0,
    -0.9999997615814209,
    -0.00099999981466680765,
    0,
    0,
    -1,
    0
  ],
  "intrinsics" : [
    1480.3167724609375,
    0,
    967.032470703125,
    0,
    1480.3167724609375,
    714.8167724609375,
    0,
    0,
    1
  ],
  "time" : 972277.38741600025,
  "motionQuality" : 0.9101448655128479,
  "cameraGrain" : 0,
  "cameraPoseARFrame" : [
    -0.20662163197994232,
    0.95892620086669922,
    -0.19434088468551636,
    -0.054057583212852478,
    -0.78649705648422241,
    -0.044630493968725204,
    0.61597937345504761,
    0.15441694855690002,
    0.58200520277023315,
    0.28012308478355408,
    0.76341426372528076,
    0.15332019329071045,
    0,
    0,
    0,
    0.99999994039535522
  ],
  "frame_index" : 37,
  "exposureDuration" : 0.01666666753590107,
  "averageAngularVelocity" : 0.31449291110038757
}