{
  "motionQuality" : 0.89626264572143555,
  "time" : 972270.55459650024,
  "averageAngularVelocity" : 0.36308065056800842,
  "averageVelocity" : 0.074489347636699677,
  "cameraGrain" : 0,
  "cameraPoseARFrame" : [
    -0.10662876069545746,
    -0.96323984861373901,
    -0.24657563865184784,
    -0.049949008971452713,
    -0.87034034729003906,
    -0.029489181935787201,
    0.49156701564788818,
    0.11676746606826782,
    -0.48076826333999634,
    0.26701992750167847,
    -0.83520209789276123,
    -0.16936811804771423,
    0,
    0,
    0,
    0.99999994039535522
  ],
  "frame_index" : 24,
  "exposureDuration" : 0.01666666753590107,
  "projectionMatrix" : [
    1.5397260189056396,
    0,
    -0.0082547664642333984,
    0,
    0,
    2.0529680252075195,
    -0.0062651634216308594,
    0,
    0,
    0,
    -0.9999997615814209,
    -0.00099999981466680765,
    0,
    0,
    -1,
    0
  ],
  "intrinsics" : [
    1478.136962890625,
    0,
    967.42462158203125,
    0,
    1478.136962890625,
    714.98907470703125,
    0,
    0,
    1
  ]
}