{
  "exposureDuration" : 0.01666666753590107,
  "averageVelocity" : 0.085506580770015717,
  "cameraPoseARFrame" : [
    -0.19458766281604767,
    -0.78786343336105347,
    -0.58430004119873047,
    -0.16237552464008331,
    -0.91326957941055298,
    -0.071813434362411499,
    0.4009757936000824,
    0.37054163217544556,
    -0.35787475109100342,
    0.61164849996566772,
    -0.70555758476257324,
    -0.23909249901771545,
    0,
    0,
    0,
    0.99999988079071045
  ],
  "motionQuality" : 0.92157530784606934,
  "cameraGrain" : 0.037526484578847885,
  "time" : 918643.81333625026,
  "frame_index" : 84,
  "averageAngularVelocity" : 0.27448639273643494,
  "projectionMatrix" : [
    1.5146533250808716,
    0,
    -0.0073014497756958008,
    0,
    0,
    2.0195376873016357,
    -0.0050907135009765625,
    0,
    0,
    0,
    -0.9999997615814209,
    -0.00099999981466680765,
    0,
    0,
    -1,
    0
  ],
  "intrinsics" : [
    1454.067138671875,
    0,
    966.50933837890625,
    0,
    1454.067138671875,
    715.83465576171875,
    0,
    0,
    1
  ]
}