{
  "exposureDuration" : 0.01666666753590107,
  "cameraPoseARFrame" : [
    -0.061066370457410812,
    0.99248665571212769,
    -0.1060221791267395,
    -0.070195466279983521,
    -0.96841150522232056,
    -0.033184409141540527,
    0.24713949859142303,
    0.28811269998550415,
    0.24176439642906189,
    0.11776493489742279,
    0.9631621241569519,
    0.22187729179859161,
    0,
    0,
    0,
    0.99999994039535522
  ],
  "averageVelocity" : 0,
  "averageAngularVelocity" : 0.2229105532169342,
  "frame_index" : 38,
  "projectionMatrix" : [
    1.5226682424545288,
    0,
    -0.0078868865966796875,
    0,
    0,
    2.0302243232727051,
    -0.0051600933074951172,
    0,
    0,
    0,
    -0.9999997615814209,
    -0.00099999981466680765,
    0,
    0,
    -1,
    0
  ],
  "time" : 918619.62982925016,
  "cameraGrain" : 0,
  "motionQuality" : 0.93631124496459961,
  "intrinsics" : [
    1461.761474609375,
    0,
    967.0714111328125,
    0,
    1461.761474609375,
    715.78472900390625,
    0,
    0,
    1
  ]
}