{
  "exposureDuration" : 0.01666666753590107,
  "frame_index" : 13,
  "cameraPoseARFrame" : [
    0.21807464957237244,
    -0.63516807556152344,
    0.74094861745834351,
    0.13238793611526489,
    -0.96845293045043945,
    -0.047028638422489166,
    0.24471868574619293,
    0.26491504907608032,
    -0.12059171497821808,
    -0.77094066143035889,
    -0.62538635730743408,
    -0.14015501737594604,
    0,
    0,
    0,
    0.99999994039535522
  ],
  "averageAngularVelocity" : 0.34851947426795959,
  "cameraGrain" : 0,
  "motionQuality" : 0.90042299032211304,
  "averageVelocity" : 0.085010498762130737,
  "projectionMatrix" : [
    1.5517246723175049,
    0,
    -0.0077201128005981445,
    0,
    0,
    2.0689661502838135,
    -0.0053539276123046875,
    0,
    0,
    0,
    -0.9999997615814209,
    -0.00099999981466680765,
    0,
    0,
    -1,
    0
  ],
  "time" : 918606.49538945849,
  "intrinsics" : [
    1489.6556396484375,
    0,
    966.9112548828125,
    0,
    1489.6556396484375,
    715.6451416015625,
    0,
    0,
    1
  ]
}