{
  "cameraPoseARFrame" : [
    0.23767310380935669,
    -0.18687954545021057,
    0.95319849252700806,
    0.15728983283042908,
    -0.9710584282875061,
    -0.069557704031467438,
    0.22848919034004211,
    0.26742297410964966,
    0.023602327331900597,
    -0.97991704940795898,
    -0.19800308346748352,
    -0.060445051640272141,
    0,
    0,
    0,
    0.99999994039535522
  ],
  "intrinsics" : [
    1493.02099609375,
    0,
    966.86553955078125,
    0,
    1493.02099609375,
    715.2593994140625,
    0,
    0,
    1
  ],
  "motionQuality" : 0.80161237716674805,
  "frame_index" : 11,
  "exposureDuration" : 0.01666666753590107,
  "projectionMatrix" : [
    1.5552302598953247,
    0,
    -0.007672429084777832,
    0,
    0,
    2.0736403465270996,
    -0.0058897733688354492,
    0,
    0,
    0,
    -0.9999997615814209,
    -0.00099999981466680765,
    0,
    0,
    -1,
    0
  ],
  "averageAngularVelocity" : 0.69435656070709229,
  "time" : 918605.4296757502,
  "cameraGrain" : 0,
  "averageVelocity" : 0.043911807239055634
}