{
  "cameraPoseARFrame" : [
    -0.00028474483406171203,
    -0.89448177814483643,
    -0.4471038281917572,
    -0.12147562950849533,
    -0.98355287313461304,
    -0.080505505204200745,
    0.16168674826622009,
    0.24137717485427856,
    -0.18062020838260651,
    0.43979644775390625,
    -0.87974727153778076,
    -0.20917272567749023,
    0,
    0,
    0,
    0.99999994039535522
  ],
  "averageVelocity" : 0,
  "projectionMatrix" : [
    1.5477448701858521,
    0,
    -0.0078374147415161133,
    0,
    0,
    2.0636599063873291,
    -0.0053002834320068359,
    0,
    0,
    0,
    -0.9999997615814209,
    -0.00099999981466680765,
    0,
    0,
    -1,
    0
  ],
  "intrinsics" : [
    1485.8350830078125,
    0,
    967.02392578125,
    0,
    1485.8350830078125,
    715.683837890625,
    0,
    0,
    1
  ],
  "time" : 918610.19598533353,
  "exposureDuration" : 0.01666666753590107,
  "motionQuality" : 0.96329760551452637,
  "cameraGrain" : 0.0088043762370944023,
  "frame_index" : 20,
  "averageAngularVelocity" : 0.12845836579799652
}