{
  "projectionMatrix" : [
    1.5258193016052246,
    0,
    -0.0077245235443115234,
    0,
    0,
    2.0344257354736328,
    -0.0054376125335693359,
    0,
    0,
    0,
    -0.9999997615814209,
    -0.00099999981466680765,
    0,
    0,
    -1,
    0
  ],
  "averageVelocity" : 0.040340237319469452,
  "cameraPoseARFrame" : [
    -0.13596659898757935,
    0.93556791543960571,
    -0.3259223997592926,
    -0.12204903364181519,
    -0.96800118684768677,
    -0.055416904389858246,
    0.24475012719631195,
    0.30606704950332642,
    0.21091878414154053,
    0.34877103567123413,
    0.91316574811935425,
    0.17949306964874268,
    0,
    0,
    0,
    0.99999982118606567
  ],
  "frame_index" : 36,
  "intrinsics" : [
    1464.7864990234375,
    0,
    966.91552734375,
    0,
    1464.7864990234375,
    715.5849609375,
    0,
    0,
    1
  ],
  "exposureDuration" : 0.01666666753590107,
  "time" : 918618.59829816688,
  "motionQuality" : 0.87587213516235352,
  "averageAngularVelocity" : 0.43444746732711792,
  "cameraGrain" : 0
}