{
  "projectionMatrix" : [
    1.543617844581604,
    0,
    -0.0075500011444091797,
    0,
    0,
    2.058157205581665,
    -0.0054800510406494141,
    0,
    0,
    0,
    -0.9999997615814209,
    -0.00099999981466680765,
    0,
    0,
    -1,
    0
  ],
  "frame_index" : 65,
  "intrinsics" : [
    1481.8731689453125,
    0,
    966.748046875,
    0,
    1481.8731689453125,
    715.5543212890625,
    0,
    0,
    1
  ],
  "time" : 918633.84642787522,
  "motionQuality" : 0.92881608009338379,
  "cameraPoseARFrame" : [
    0.30011388659477234,
    0.2307012528181076,
    0.92558544874191284,
    0.16760692000389099,
    -0.93625479936599731,
    -0.11454571783542633,
    0.33212375640869141,
    0.29598408937454224,
    0.18264320492744446,
    -0.96625864505767822,
    0.18161842226982117,
    0.0093402573838829994,
    0,
    0,
    0,
    0.99999988079071045
  ],
  "averageAngularVelocity" : 0.24914370477199554,
  "averageVelocity" : 0.1214827299118042,
  "exposureDuration" : 0.01666666753590107,
  "cameraGrain" : 0.01832754909992218
}