{
  "exposureDuration" : 0.01666666753590107,
  "frame_index" : 14,
  "cameraPoseARFrame" : [
    0.19513638317584991,
    -0.77016454935073853,
    0.60726290941238403,
    0.11242426931858063,
    -0.96745282411575317,
    -0.049441423267126083,
    0.24817456305027008,
    0.27856475114822388,
    -0.16111132502555847,
    -0.6359260082244873,
    -0.75474578142166138,
    -0.16686250269412994,
    0,
    0,
    0,
    0.99999994039535522
  ],
  "averageAngularVelocity" : 0.52770239114761353,
  "cameraGrain" : 0,
  "motionQuality" : 0.8492279052734375,
  "averageVelocity" : 0,
  "projectionMatrix" : [
    1.5493464469909668,
    0,
    -0.007784724235534668,
    0,
    0,
    2.0657951831817627,
    -0.0051034688949584961,
    0,
    0,
    0,
    -0.9999997615814209,
    -0.00099999981466680765,
    0,
    0,
    -1,
    0
  ],
  "time" : 918607.03078583349,
  "intrinsics" : [
    1487.37255859375,
    0,
    966.973388671875,
    0,
    1487.37255859375,
    715.82550048828125,
    0,
    0,
    1
  ]
}