{
  "projectionMatrix" : [
    1.5521587133407593,
    0,
    -0.0076265335083007812,
    0,
    0,
    2.0695450305938721,
    -0.005341649055480957,
    0,
    0,
    0,
    -0.9999997615814209,
    -0.00099999981466680765,
    0,
    0,
    -1,
    0
  ],
  "exposureDuration" : 0.01666666753590107,
  "averageVelocity" : 0.1049581915140152,
  "motionQuality" : 0.85783684253692627,
  "intrinsics" : [
    1490.0723876953125,
    0,
    966.82147216796875,
    0,
    1490.0723876953125,
    715.65399169921875,
    0,
    0,
    1
  ],
  "averageAngularVelocity" : 0.49757096171379089,
  "time" : 918608.62880133349,
  "cameraPoseARFrame" : [
    0.095697470009326935,
    -0.99507826566696167,
    0.025708653032779694,
    -0.017784753814339638,
    -0.97477859258651733,
    -0.088451527059078217,
    0.20489779114723206,
    0.27048903703689575,
    -0.20161536335945129,
    -0.044668328016996384,
    -0.97844564914703369,
    -0.20455943048000336,
    0,
    0,
    0,
    1
  ],
  "cameraGrain" : 0,
  "frame_index" : 17
}