{
  "time" : 918640.68092008354,
  "projectionMatrix" : [
    1.5233055353164673,
    0,
    -0.0015999078750610352,
    0,
    0,
    2.031074047088623,
    -0.0045628547668457031,
    0,
    0,
    0,
    -0.9999997615814209,
    -0.00099999981466680765,
    0,
    0,
    -1,
    0
  ],
  "averageVelocity" : 0.014174078591167927,
  "averageAngularVelocity" : 0,
  "motionQuality" : 0.98234653472900391,
  "exposureDuration" : 0.01666666753590107,
  "cameraPoseARFrame" : [
    0.17655536532402039,
    -0.98387324810028076,
    0.028659448027610779,
    0.018361056223511696,
    -0.15899407863616943,
    0.00022728192561771721,
    0.98727953433990479,
    0.46497708559036255,
    -0.97136443853378296,
    -0.17886611819267273,
    -0.15638990700244904,
    -0.072206713259220123,
    0,
    0,
    0,
    0.99999988079071045
  ],
  "intrinsics" : [
    1462.373291015625,
    0,
    961.035888671875,
    0,
    1462.373291015625,
    716.2147216796875,
    0,
    0,
    1
  ],
  "cameraGrain" : 0.015414591878652573,
  "frame_index" : 78
}