{
  "projectionMatrix" : [
    1.5551544427871704,
    0,
    -0.007752537727355957,
    0,
    0,
    2.0735392570495605,
    -0.0056288242340087891,
    0,
    0,
    0,
    -0.9999997615814209,
    -0.00099999981466680765,
    0,
    0,
    -1,
    0
  ],
  "exposureDuration" : 0.01666666753590107,
  "averageVelocity" : 0,
  "motionQuality" : 0.88803809881210327,
  "intrinsics" : [
    1492.9482421875,
    0,
    966.94244384765625,
    0,
    1492.9482421875,
    715.44720458984375,
    0,
    0,
    1
  ],
  "averageAngularVelocity" : 0.39186659455299377,
  "time" : 918609.13110208348,
  "cameraPoseARFrame" : [
    0.037858352065086365,
    -0.97768723964691162,
    -0.20662540197372437,
    -0.053616590797901154,
    -0.98122215270996094,
    -0.075505681335926056,
    0.17748787999153137,
    0.26122933626174927,
    -0.1891290545463562,
    0.1960260421037674,
    -0.96218699216842651,
    -0.21496349573135376,
    0,
    0,
    0,
    0.99999982118606567
  ],
  "cameraGrain" : 0,
  "frame_index" : 18
}