{
  "motionQuality" : 0.94733589887619019,
  "intrinsics" : [
    1478.045166015625,
    0,
    966.86285400390625,
    0,
    1478.045166015625,
    715.51531982421875,
    0,
    0,
    1
  ],
  "averageVelocity" : 0.10395382344722748,
  "cameraPoseARFrame" : [
    -0.24620507657527924,
    0.62165361642837524,
    -0.74359244108200073,
    -0.19892445206642151,
    -0.96686536073684692,
    -0.1041109636425972,
    0.23309297859668732,
    0.27183514833450317,
    0.067486971616744995,
    0.77634239196777344,
    0.62668806314468384,
    0.12736913561820984,
    0,
    0,
    0,
    1
  ],
  "exposureDuration" : 0.01666666753590107,
  "time" : 918616.99780137523,
  "projectionMatrix" : [
    1.5396304130554199,
    0,
    -0.0076696872711181641,
    0,
    0,
    2.0528404712677002,
    -0.0055342912673950195,
    0,
    0,
    0,
    -0.9999997615814209,
    -0.00099999981466680765,
    0,
    0,
    -1,
    0
  ],
  "averageAngularVelocity" : 0.18432433903217316,
  "frame_index" : 33,
  "cameraGrain" : 0
}