{
  "time" : 918642.74905279186,
  "projectionMatrix" : [
    1.5141792297363281,
    0,
    -0.0067651271820068359,
    0,
    0,
    2.0189056396484375,
    -0.0046663284301757812,
    0,
    0,
    0,
    -0.9999997615814209,
    -0.00099999981466680765,
    0,
    0,
    -1,
    0
  ],
  "averageVelocity" : 0.11798303574323654,
  "averageAngularVelocity" : 0.42517241835594177,
  "motionQuality" : 0.87852215766906738,
  "exposureDuration" : 0.01666666753590107,
  "cameraPoseARFrame" : [
    -0.14059151709079742,
    -0.95045936107635498,
    -0.27723792195320129,
    -0.091014564037322998,
    -0.87983345985412598,
    -0.0084676723927259445,
    0.47520673274993896,
    0.38686162233352661,
    -0.4540121853351593,
    0.31073334813117981,
    -0.83505541086196899,
    -0.21276459097862244,
    0,
    0,
    0,
    1
  ],
  "intrinsics" : [
    1453.612060546875,
    0,
    965.9945068359375,
    0,
    1453.612060546875,
    716.1402587890625,
    0,
    0,
    1
  ],
  "cameraGrain" : 0.01959664560854435,
  "frame_index" : 82
}