{
  "time" : 918646.38305337518,
  "exposureDuration" : 0.01666666753590107,
  "averageVelocity" : 0.12673555314540863,
  "motionQuality" : 0.85557210445404053,
  "projectionMatrix" : [
    1.5181269645690918,
    0,
    -0.0070426464080810547,
    0,
    0,
    2.0241692066192627,
    -0.0050108432769775391,
    0,
    0,
    0,
    -0.9999997615814209,
    -0.00099999981466680765,
    0,
    0,
    -1,
    0
  ],
  "cameraGrain" : 0,
  "intrinsics" : [
    1457.40185546875,
    0,
    966.260986328125,
    0,
    1457.40185546875,
    715.8922119140625,
    0,
    0,
    1
  ],
  "cameraPoseARFrame" : [
    -0.64552205801010132,
    -0.34010273218154907,
    -0.68383556604385376,
    -0.2185719758272171,
    -0.72315412759780884,
    -0.015819482505321503,
    0.69050556421279907,
    0.41612011194229126,
    -0.24566070735454559,
    0.94025516510009766,
    -0.23573482036590576,
    -0.1105220764875412,
    0,
    0,
    0,
    0.99999994039535522
  ],
  "frame_index" : 89,
  "averageAngularVelocity" : 0.50549757480621338
}