{
  "time" : 918629.61528695852,
  "motionQuality" : 0.93468058109283447,
  "projectionMatrix" : [
    1.5510871410369873,
    0,
    -0.007054448127746582,
    0,
    0,
    2.0681161880493164,
    -0.0046474933624267578,
    0,
    0,
    0,
    -0.9999997615814209,
    -0.00099999981466680765,
    0,
    0,
    -1,
    0
  ],
  "averageAngularVelocity" : 0.22861805558204651,
  "exposureDuration" : 0.01666666753590107,
  "averageVelocity" : 0,
  "frame_index" : 57,
  "intrinsics" : [
    1489.043701171875,
    0,
    966.27227783203125,
    0,
    1489.043701171875,
    716.15380859375,
    0,
    0,
    1
  ],
  "cameraGrain" : 0,
  "cameraPoseARFrame" : [
    0.090442128479480743,
    0.96840775012969971,
    0.23239299654960632,
    0.0057629384100437164,
    -0.92279928922653198,
    -0.0062627247534692287,
    0.38523021340370178,
    0.29285150766372681,
    0.37451529502868652,
    -0.24929319322109222,
    0.89307957887649536,
    0.1610543429851532,
    0,
    0,
    0,
    1
  ]
}