{
  "cameraGrain" : 0,
  "exposureDuration" : 0.01666666753590107,
  "averageVelocity" : 0.086043722927570343,
  "cameraPoseARFrame" : [
    -0.26615715026855469,
    0.286542147397995,
    -0.92035520076751709,
    -0.22058548033237457,
    -0.96386486291885376,
    -0.090179659426212311,
    0.25066331028938293,
    0.25816446542739868,
    -0.011171696707606316,
    0.95381385087966919,
    0.30018991231918335,
    0.059583935886621475,
    0,
    0,
    0,
    0.99999994039535522
  ],
  "projectionMatrix" : [
    1.5390328168869019,
    0,
    -0.0077837705612182617,
    0,
    0,
    2.0520439147949219,
    -0.0054426193237304688,
    0,
    0,
    0,
    -0.9999997615814209,
    -0.00099999981466680765,
    0,
    0,
    -1,
    0
  ],
  "averageAngularVelocity" : 0.24957506358623505,
  "intrinsics" : [
    1477.4715576171875,
    0,
    966.972412109375,
    0,
    1477.4715576171875,
    715.581298828125,
    0,
    0,
    1
  ],
  "time" : 918615.96407887526,
  "frame_index" : 31,
  "motionQuality" : 0.92869281768798828
}