{
  "exposureDuration" : 0.01666666753590107,
  "frame_index" : 7,
  "averageVelocity" : 0.099101148545742035,
  "averageAngularVelocity" : 0.40568426251411438,
  "projectionMatrix" : [
    1.5552698373794556,
    0,
    -0.0078246593475341797,
    0,
    0,
    2.0736932754516602,
    -0.0052669048309326172,
    0,
    0,
    0,
    -0.9999997615814209,
    -0.00099999981466680765,
    0,
    0,
    -1,
    0
  ],
  "time" : 918603.36211595859,
  "intrinsics" : [
    1493.05908203125,
    0,
    967.01165771484375,
    0,
    1493.05908203125,
    715.70782470703125,
    0,
    0,
    1
  ],
  "motionQuality" : 0.88409018516540527,
  "cameraGrain" : 0,
  "cameraPoseARFrame" : [
    0.12213705480098724,
    0.61812067031860352,
    0.77653658390045166,
    0.10052663087844849,
    -0.97270411252975464,
    -0.080987803637981415,
    0.21745720505714417,
    0.2593114972114563,
    0.19730480015277863,
    -0.78189986944198608,
    0.59135693311691284,
    0.090597979724407196,
    0,
    0,
    0,
    0.99999994039535522
  ]
}