{
  "projectionMatrix" : [
    1.5187563896179199,
    0,
    -0.0075944662094116211,
    0,
    0,
    2.0250084400177002,
    -0.0052115917205810547,
    0,
    0,
    0,
    -0.9999997615814209,
    -0.00099999981466680765,
    0,
    0,
    -1,
    0
  ],
  "averageVelocity" : 0.072692684829235077,
  "cameraPoseARFrame" : [
    -0.090093597769737244,
    0.98404383659362793,
    -0.15342974662780762,
    -0.10249815881252289,
    -0.96749246120452881,
    -0.049922563135623932,
    0.24792373180389404,
    0.28815227746963501,
    0.23630823194980621,
    0.1707783043384552,
    0.95655268430709839,
    0.20169620215892792,
    0,
    0,
    0,
    0.99999994039535522
  ],
  "frame_index" : 37,
  "intrinsics" : [
    1458.006103515625,
    0,
    966.79071044921875,
    0,
    1458.006103515625,
    715.7476806640625,
    0,
    0,
    1
  ],
  "exposureDuration" : 0.01666666753590107,
  "time" : 918619.09868004185,
  "motionQuality" : 0.93722271919250488,
  "averageAngularVelocity" : 0.21972048282623291,
  "cameraGrain" : 0
}