{
  "motionQuality" : 0.82868200540542603,
  "intrinsics" : [
    1484.194580078125,
    0,
    966.67388916015625,
    0,
    1484.194580078125,
    715.31329345703125,
    0,
    0,
    1
  ],
  "projectionMatrix" : [
    1.5460360050201416,
    0,
    -0.0074727535247802734,
    0,
    0,
    2.0613813400268555,
    -0.0058149099349975586,
    0,
    0,
    0,
    -0.9999997615814209,
    -0.00099999981466680765,
    0,
    0,
    -1,
    0
  ],
  "cameraGrain" : 0.011965288780629635,
  "exposureDuration" : 0.01666666753590107,
  "cameraPoseARFrame" : [
    0.32134681940078735,
    -0.026132579892873764,
    0.94660091400146484,
    0.16941279172897339,
    -0.94253832101821899,
    -0.1053309291601181,
    0.31705984473228455,
    0.29875856637954712,
    0.091420739889144897,
    -0.99409377574920654,
    -0.058478765189647675,
    -0.02817072719335556,
    0,
    0,
    0,
    1
  ],
  "time" : 918634.34913541691,
  "frame_index" : 66,
  "averageVelocity" : 0.08766164630651474,
  "averageAngularVelocity" : 0.59961295127868652
}