{
  "time" : 918612.26445937518,
  "averageAngularVelocity" : 0.28183296322822571,
  "exposureDuration" : 0.01666666753590107,
  "projectionMatrix" : [
    1.5368857383728027,
    0,
    -0.0078046321868896484,
    0,
    0,
    2.0491809844970703,
    -0.0057916641235351562,
    0,
    0,
    0,
    -0.9999997615814209,
    -0.00099999981466680765,
    0,
    0,
    -1,
    0
  ],
  "intrinsics" : [
    1475.4102783203125,
    0,
    966.992431640625,
    0,
    1475.4102783203125,
    715.33001708984375,
    0,
    0,
    1
  ],
  "motionQuality" : 0.91947627067565918,
  "frame_index" : 24,
  "averageVelocity" : 0.054662477225065231,
  "cameraGrain" : 0,
  "cameraPoseARFrame" : [
    -0.1578141450881958,
    -0.40107032656669617,
    -0.90235090255737305,
    -0.23160386085510254,
    -0.98049056529998779,
    -0.044800139963626862,
    0.19139263033866882,
    0.26160722970962524,
    -0.11718734353780746,
    0.91495096683502197,
    -0.38617560267448425,
    -0.12868337333202362,
    0,
    0,
    0,
    0.99999994039535522
  ]
}