{
  "exposureDuration" : 0.01666666753590107,
  "frame_index" : 2,
  "averageVelocity" : 0.031507067382335663,
  "averageAngularVelocity" : 0.22604826092720032,
  "projectionMatrix" : [
    1.5593292713165283,
    0,
    -0.0077593326568603516,
    0,
    0,
    2.0791056156158447,
    -0.0050523281097412109,
    0,
    0,
    0,
    -0.9999997615814209,
    -0.00099999981466680765,
    0,
    0,
    -1,
    0
  ],
  "time" : 918600.7292842085,
  "intrinsics" : [
    1496.9560546875,
    0,
    966.948974609375,
    0,
    1496.9560546875,
    715.86236572265625,
    0,
    0,
    1
  ],
  "motionQuality" : 0.93541479110717773,
  "cameraGrain" : 0,
  "cameraPoseARFrame" : [
    0.0067246402613818645,
    0.97186553478240967,
    0.23543933033943176,
    0.014188206754624844,
    -0.98125386238098145,
    -0.03893502801656723,
    0.1887458860874176,
    0.25958758592605591,
    0.1926024854183197,
    -0.23229508101940155,
    0.9533851146697998,
    0.15317222476005554,
    0,
    0,
    0,
    0.99999994039535522
  ]
}