{
  "motionQuality" : 0.89667963981628418,
  "projectionMatrix" : [
    1.5171030759811401,
    0,
    -0.0061355829238891602,
    0,
    0,
    2.0228040218353271,
    -0.0040982961654663086,
    0,
    0,
    0,
    -0.9999997615814209,
    -0.00099999981466680765,
    0,
    0,
    -1,
    0
  ],
  "time" : 918621.19625050016,
  "averageAngularVelocity" : 0.36162123084068298,
  "exposureDuration" : 0.01666666753590107,
  "averageVelocity" : 0.091045260429382324,
  "frame_index" : 41,
  "intrinsics" : [
    1456.4189453125,
    0,
    965.39013671875,
    0,
    1456.4189453125,
    716.5491943359375,
    0,
    0,
    1
  ],
  "cameraGrain" : 0.025596728548407555,
  "cameraPoseARFrame" : [
    0.062224265187978745,
    0.99730962514877319,
    -0.038748331367969513,
    -0.033371523022651672,
    -0.65137588977813721,
    0.069994822144508362,
    0.75551986694335938,
    0.46789318323135376,
    0.75619930028915405,
    -0.021772025153040886,
    0.65397888422012329,
    0.16967317461967468,
    0,
    0,
    0,
    1
  ]
}