{
  "motionQuality" : 0.77832978963851929,
  "projectionMatrix" : [
    1.52234947681427,
    0,
    -0.0079507827758789062,
    0,
    0,
    2.029799222946167,
    -0.0048872232437133789,
    0,
    0,
    0,
    -0.9999997615814209,
    -0.00099999981466680765,
    0,
    0,
    -1,
    0
  ],
  "time" : 918620.13152375026,
  "averageAngularVelocity" : 0.77584570646286011,
  "exposureDuration" : 0.01666666753590107,
  "averageVelocity" : 0.13009652495384216,
  "frame_index" : 39,
  "intrinsics" : [
    1461.4554443359375,
    0,
    967.13275146484375,
    0,
    1461.4554443359375,
    715.981201171875,
    0,
    0,
    1
  ],
  "cameraGrain" : 0,
  "cameraPoseARFrame" : [
    0.010832489468157291,
    0.99958765506744385,
    -0.026590492576360703,
    -0.050153292715549469,
    -0.92006188631057739,
    0.020378312095999718,
    0.39124283194541931,
    0.32755571603775024,
    0.39162334799766541,
    0.020226679742336273,
    0.9199032187461853,
    0.23305022716522217,
    0,
    0,
    0,
    0.99999988079071045
  ]
}