{
  "time" : 918642.24751362519,
  "projectionMatrix" : [
    1.5174776315689087,
    0,
    -0.0057414770126342773,
    0,
    0,
    2.0233035087585449,
    -0.0041824579238891602,
    0,
    0,
    0,
    -0.9999997615814209,
    -0.00099999981466680765,
    0,
    0,
    -1,
    0
  ],
  "averageVelocity" : 0.13361808657646179,
  "averageAngularVelocity" : 0.52221041917800903,
  "motionQuality" : 0.85079705715179443,
  "exposureDuration" : 0.01666666753590107,
  "cameraPoseARFrame" : [
    -0.10064951330423355,
    -0.98331183195114136,
    -0.15154930949211121,
    -0.039103202521800995,
    -0.82895171642303467,
    -0.0013533170567825437,
    0.55931854248046875,
    0.40434294939041138,
    -0.55018961429595947,
    0.18192225694656372,
    -0.81498199701309204,
    -0.20673851668834686,
    0,
    0,
    0,
    0.99999994039535522
  ],
  "intrinsics" : [
    1456.778564453125,
    0,
    965.0118408203125,
    0,
    1456.778564453125,
    716.4886474609375,
    0,
    0,
    1
  ],
  "cameraGrain" : 0.023950522765517235,
  "frame_index" : 81
}