{
  "exposureDuration" : 0.01666666753590107,
  "time" : 918637.01584800018,
  "cameraPoseARFrame" : [
    0.32816830277442932,
    -0.85400491952896118,
    0.40370872616767883,
    0.057727955281734467,
    -0.75281250476837158,
    0.021711118519306183,
    0.65787684917449951,
    0.41339355707168579,
    -0.57059520483016968,
    -0.51981121301651001,
    -0.63578087091445923,
    -0.19161303341388702,
    0,
    0,
    0,
    0.99999994039535522
  ],
  "cameraGrain" : 0.022743115201592445,
  "intrinsics" : [
    1458.572021484375,
    0,
    965.819091796875,
    0,
    1458.572021484375,
    715.872802734375,
    0,
    0,
    1
  ],
  "averageVelocity" : 0,
  "projectionMatrix" : [
    1.5193458795547485,
    0,
    -0.0065823793411254883,
    0,
    0,
    2.025794506072998,
    -0.0050377845764160156,
    0,
    0,
    0,
    -0.9999997615814209,
    -0.00099999981466680765,
    0,
    0,
    -1,
    0
  ],
  "frame_index" : 71,
  "motionQuality" : 0.88071876764297485,
  "averageAngularVelocity" : 0.41748440265655518
}