{
  "averageAngularVelocity" : 0.60687929391860962,
  "exposureDuration" : 0.01666666753590107,
  "averageVelocity" : 0.082892902195453644,
  "intrinsics" : [
    1469.6661376953125,
    0,
    966.9814453125,
    0,
    1469.6661376953125,
    715.67437744140625,
    0,
    0,
    1
  ],
  "cameraPoseARFrame" : [
    -0.17299123108386993,
    0.86460262537002563,
    -0.4717373251914978,
    -0.14626350998878479,
    -0.97018760442733765,
    -0.067045673727989197,
    0.23289676010608673,
    0.28989940881729126,
    0.16973523795604706,
    0.4979625940322876,
    0.85042524337768555,
    0.17816747725009918,
    0,
    0,
    0,
    0.99999994039535522
  ],
  "time" : 918618.0632977502,
  "frame_index" : 35,
  "projectionMatrix" : [
    1.5309022665023804,
    0,
    -0.0077931880950927734,
    0,
    0,
    2.0412030220031738,
    -0.0053133964538574219,
    0,
    0,
    0,
    -0.9999997615814209,
    -0.00099999981466680765,
    0,
    0,
    -1,
    0
  ],
  "motionQuality" : 0.82660591602325439,
  "cameraGrain" : 0
}