{
  "time" : 918631.21341183351,
  "projectionMatrix" : [
    1.5493662357330322,
    0,
    -0.0075975656509399414,
    0,
    0,
    2.065821647644043,
    -0.0046751499176025391,
    0,
    0,
    0,
    -0.9999997615814209,
    -0.00099999981466680765,
    0,
    0,
    -1,
    0
  ],
  "motionQuality" : 0.97847706079483032,
  "averageAngularVelocity" : 0.075330324470996857,
  "exposureDuration" : 0.01666666753590107,
  "averageVelocity" : 0.04451553151011467,
  "frame_index" : 60,
  "intrinsics" : [
    1487.3916015625,
    0,
    966.793701171875,
    0,
    1487.3916015625,
    716.13385009765625,
    0,
    0,
    1
  ],
  "cameraGrain" : 0,
  "cameraPoseARFrame" : [
    0.09270874410867691,
    0.92814415693283081,
    0.36049020290374756,
    0.042512863874435425,
    -0.9534563422203064,
    -0.021577024832367897,
    0.30075812339782715,
    0.26752239465713501,
    0.28692519664764404,
    -0.37159460783004761,
    0.88294464349746704,
    0.16053228080272675,
    0,
    0,
    0,
    0.99999994039535522
  ]
}