{
  "exposureDuration" : 0.01666666753590107,
  "averageVelocity" : 0.0089623965322971344,
  "frame_index" : 1,
  "time" : 918600.22865516692,
  "motionQuality" : 0.98256808519363403,
  "cameraPoseARFrame" : [
    0.016206523403525352,
    0.98067855834960938,
    0.19495245814323425,
    0.011959138326346874,
    -0.97212612628936768,
    -0.030156400054693222,
    0.23251064121723175,
    0.25910311937332153,
    0.23389729857444763,
    -0.19328667223453522,
    0.95285463333129883,
    0.1493607759475708,
    0,
    0,
    0,
    0.99999994039535522
  ],
  "intrinsics" : [
    1497.4686279296875,
    0,
    966.9844970703125,
    0,
    1497.4686279296875,
    715.89996337890625,
    0,
    0,
    1
  ],
  "projectionMatrix" : [
    1.5598632097244263,
    0,
    -0.0077964067459106445,
    0,
    0,
    2.079817533493042,
    -0.004999995231628418,
    0,
    0,
    0,
    -0.9999997615814209,
    -0.00099999981466680765,
    0,
    0,
    -1,
    0
  ],
  "cameraGrain" : 0,
  "averageAngularVelocity" : 0.061011642217636108
}