{
  "time" : 918612.79625270853,
  "averageAngularVelocity" : 0.2379927784204483,
  "exposureDuration" : 0.01666666753590107,
  "intrinsics" : [
    1474.6683349609375,
    0,
    966.97174072265625,
    0,
    1474.6683349609375,
    715.866455078125,
    0,
    0,
    1
  ],
  "projectionMatrix" : [
    1.536112904548645,
    0,
    -0.007783055305480957,
    0,
    0,
    2.0481505393981934,
    -0.0050466060638427734,
    0,
    0,
    0,
    -0.9999997615814209,
    -0.00099999981466680765,
    0,
    0,
    -1,
    0
  ],
  "motionQuality" : 0.93200206756591797,
  "frame_index" : 25,
  "averageVelocity" : 0.078163906931877136,
  "cameraGrain" : 0,
  "cameraPoseARFrame" : [
    -0.21978971362113953,
    -0.27765348553657532,
    -0.93520098924636841,
    -0.24319995939731598,
    -0.96858042478561401,
    -0.052256073802709579,
    0.24314889311790466,
    0.25915819406509399,
    -0.11638105660676956,
    0.95925885438919067,
    -0.25744429230690002,
    -0.092303924262523651,
    0,
    0,
    0,
    0.99999994039535522
  ]
}