{
  "cameraPoseARFrame" : [
    -0.23595733940601349,
    -0.077634707093238831,
    -0.96865731477737427,
    -0.24480725824832916,
    -0.9686465859413147,
    -0.060982067137956619,
    0.24084228277206421,
    0.26937466859817505,
    -0.077768415212631226,
    0.99511486291885376,
    -0.060811325907707214,
    -0.053431592881679535,
    0,
    0,
    0,
    0.99999994039535522
  ],
  "time" : 918613.86283033353,
  "projectionMatrix" : [
    1.5407736301422119,
    0,
    -0.0076521635055541992,
    0,
    0,
    2.0543649196624756,
    -0.0053973197937011719,
    0,
    0,
    0,
    -0.9999997615814209,
    -0.00099999981466680765,
    0,
    0,
    -1,
    0
  ],
  "averageVelocity" : 0,
  "cameraGrain" : 0,
  "frame_index" : 27,
  "averageAngularVelocity" : 0.19145467877388,
  "exposureDuration" : 0.01666666753590107,
  "intrinsics" : [
    1479.1427001953125,
    0,
    966.8460693359375,
    0,
    1479.1427001953125,
    715.61395263671875,
    0,
    0,
    1
  ],
  "motionQuality" : 0.94529867172241211
}