{
  "exposureDuration" : 0.01666666753590107,
  "frame_index" : 6,
  "averageVelocity" : 0.030850214883685112,
  "averageAngularVelocity" : 0.55262428522109985,
  "projectionMatrix" : [
    1.5570307970046997,
    0,
    -0.0077821016311645508,
    0,
    0,
    2.0760409832000732,
    -0.0055311918258666992,
    0,
    0,
    0,
    -0.9999997615814209,
    -0.00099999981466680765,
    0,
    0,
    -1,
    0
  ],
  "time" : 918602.83056504186,
  "intrinsics" : [
    1494.74951171875,
    0,
    966.97076416015625,
    0,
    1494.74951171875,
    715.517578125,
    0,
    0,
    1
  ],
  "motionQuality" : 0.84210735559463501,
  "cameraGrain" : 0,
  "cameraPoseARFrame" : [
    0.080699793994426727,
    0.76921498775482178,
    0.63387352228164673,
    0.072835743427276611,
    -0.97793972492218018,
    -0.061824113130569458,
    0.19952811300754547,
    0.26110893487930298,
    0.19266867637634277,
    -0.63599199056625366,
    0.74725669622421265,
    0.12389001995325089,
    0,
    0,
    0,
    0.99999982118606567
  ]
}