{
  "cameraGrain" : 0,
  "exposureDuration" : 0.01666666753590107,
  "averageVelocity" : 0.061180949211120605,
  "cameraPoseARFrame" : [
    -0.23405493795871735,
    0.041013482958078384,
    -0.97135788202285767,
    -0.25053232908248901,
    -0.97090256214141846,
    -0.061921928077936172,
    0.23133072257041931,
    0.27593332529067993,
    -0.050660658627748489,
    0.99723786115646362,
    0.054313246160745621,
    -0.028267098590731621,
    0,
    0,
    0,
    0.99999994039535522
  ],
  "projectionMatrix" : [
    1.537893533706665,
    0,
    -0.0076521635055541992,
    0,
    0,
    2.0505247116088867,
    -0.0052139759063720703,
    0,
    0,
    0,
    -0.9999997615814209,
    -0.00099999981466680765,
    0,
    0,
    -1,
    0
  ],
  "averageAngularVelocity" : 0.13797181844711304,
  "intrinsics" : [
    1476.3778076171875,
    0,
    966.8460693359375,
    0,
    1476.3778076171875,
    715.74591064453125,
    0,
    0,
    1
  ],
  "time" : 918614.93116916681,
  "frame_index" : 29,
  "motionQuality" : 0.96057945489883423
}