{
  "averageVelocity" : 0.0865030437707901,
  "time" : 918647.94812708348,
  "cameraGrain" : 0.025012969970703125,
  "motionQuality" : 0.88219982385635376,
  "exposureDuration" : 0.01666666753590107,
  "frame_index" : 92,
  "projectionMatrix" : [
    1.5251938104629517,
    0,
    -0.0025486946105957031,
    0,
    0,
    2.0335917472839355,
    -0.0044009685516357422,
    0,
    0,
    0,
    -0.9999997615814209,
    -0.00099999981466680765,
    0,
    0,
    -1,
    0
  ],
  "intrinsics" : [
    1464.18603515625,
    0,
    961.94677734375,
    0,
    1464.18603515625,
    716.331298828125,
    0,
    0,
    1
  ],
  "averageAngularVelocity" : 0.41230055689811707,
  "cameraPoseARFrame" : [
    -0.90756553411483765,
    -0.40778830647468567,
    -0.10016645491123199,
    -0.10225021839141846,
    -0.11043685674667358,
    0.0016554320463910699,
    0.99388176202774048,
    0.42687183618545532,
    -0.40512755513191223,
    0.91307491064071655,
    -0.046537268906831741,
    -0.052285246551036835,
    0,
    0,
    0,
    1
  ]
}