{
  "cameraPoseARFrame" : [
    -0.35025641322135925,
    -0.35009869933128357,
    -0.86876398324966431,
    -0.24757589399814606,
    -0.91504925489425659,
    -0.070164330303668976,
    0.39719220995903015,
    0.36912065744400024,
    -0.20001272857189178,
    0.93408101797103882,
    -0.29578202962875366,
    -0.13443586230278015,
    0,
    0,
    0,
    0.99999982118606567
  ],
  "time" : 918645.34751691693,
  "motionQuality" : 0.9339747428894043,
  "averageAngularVelocity" : 0.23108847439289093,
  "cameraGrain" : 0.03064008429646492,
  "exposureDuration" : 0.01666666753590107,
  "averageVelocity" : 0.068426042795181274,
  "projectionMatrix" : [
    1.5121116638183594,
    0,
    -0.0073566436767578125,
    0,
    0,
    2.0161488056182861,
    -0.005253911018371582,
    0,
    0,
    0,
    -0.9999997615814209,
    -0.00099999981466680765,
    0,
    0,
    -1,
    0
  ],
  "intrinsics" : [
    1451.627197265625,
    0,
    966.5623779296875,
    0,
    1451.627197265625,
    715.71722412109375,
    0,
    0,
    1
  ],
  "frame_index" : 87
}