{
  "time" : 918626.48005933349,
  "projectionMatrix" : [
    1.5714434385299683,
    0,
    -0.0011693239212036133,
    0,
    0,
    2.0952579975128174,
    -0.0044381618499755859,
    0,
    0,
    0,
    -0.9999997615814209,
    -0.00099999981466680765,
    0,
    0,
    -1,
    0
  ],
  "motionQuality" : 0.98976641893386841,
  "averageAngularVelocity" : 0.033056020736694336,
  "exposureDuration" : 0.01666666753590107,
  "averageVelocity" : 0.035817578434944153,
  "frame_index" : 51,
  "intrinsics" : [
    1508.585693359375,
    0,
    960.62255859375,
    0,
    1508.585693359375,
    716.3045654296875,
    0,
    0,
    1
  ],
  "cameraGrain" : 0.015218134969472885,
  "cameraPoseARFrame" : [
    0.17675526440143585,
    0.98411983251571655,
    -0.016294408589601517,
    -0.013709721155464649,
    -0.13809677958488464,
    0.04118773341178894,
    0.98956197500228882,
    0.37945467233657837,
    0.97451859712600708,
    -0.17266018688678741,
    0.14318390190601349,
    0.0068462970666587353,
    0,
    0,
    0,
    0.99999994039535522
  ]
}