{
  "time" : 918631.74863883352,
  "projectionMatrix" : [
    1.5483464002609253,
    0,
    -0.0075954198837280273,
    0,
    0,
    2.0644619464874268,
    -0.0048239231109619141,
    0,
    0,
    0,
    -0.9999997615814209,
    -0.00099999981466680765,
    0,
    0,
    -1,
    0
  ],
  "motionQuality" : 0.90075528621673584,
  "averageAngularVelocity" : 0.34735646843910217,
  "exposureDuration" : 0.01666666753590107,
  "averageVelocity" : 0,
  "frame_index" : 61,
  "intrinsics" : [
    1486.41259765625,
    0,
    966.7916259765625,
    0,
    1486.41259765625,
    716.02679443359375,
    0,
    0,
    1
  ],
  "cameraGrain" : 0,
  "cameraPoseARFrame" : [
    0.13050462305545807,
    0.86518794298171997,
    0.48416757583618164,
    0.081658691167831421,
    -0.95415312051773071,
    -0.023079054430127144,
    0.29842793941497803,
    0.27689415216445923,
    0.26937034726142883,
    -0.50091630220413208,
    0.82250988483428955,
    0.14707352221012115,
    0,
    0,
    0,
    1
  ]
}