{
  "projectionMatrix" : [
    1.5507009029388428,
    0,
    -0.0010524988174438477,
    0,
    0,
    2.067601203918457,
    -0.0044189691543579102,
    0,
    0,
    0,
    -0.9999997615814209,
    -0.00099999981466680765,
    0,
    0,
    -1,
    0
  ],
  "time" : 918649.51691954187,
  "averageAngularVelocity" : 0.045201081782579422,
  "frame_index" : 95,
  "exposureDuration" : 0.01666666753590107,
  "motionQuality" : 0.98708540201187134,
  "intrinsics" : [
    1488.6728515625,
    0,
    960.51043701171875,
    0,
    1488.6728515625,
    716.318359375,
    0,
    0,
    1
  ],
  "cameraPoseARFrame" : [
    -0.90339833498001099,
    -0.42277121543884277,
    -0.071663916110992432,
    -0.05486181378364563,
    -0.09483511745929718,
    0.03400084376335144,
    0.99491220712661743,
    0.40376931428909302,
    -0.41818356513977051,
    0.90559828281402588,
    -0.070809856057167053,
    -0.055740445852279663,
    0,
    0,
    0,
    0.99999994039535522
  ],
  "averageVelocity" : 0,
  "cameraGrain" : 0.036125455051660538
}