{
  "averageVelocity" : 0.062391679733991623,
  "time" : 918648.45001216687,
  "cameraGrain" : 0.036125455051660538,
  "motionQuality" : 0.97001075744628906,
  "exposureDuration" : 0.01666666753590107,
  "frame_index" : 93,
  "projectionMatrix" : [
    1.5313525199890137,
    0,
    -0.0013221502304077148,
    0,
    0,
    2.0418033599853516,
    -0.0049002170562744141,
    0,
    0,
    0,
    -0.9999997615814209,
    -0.00099999981466680765,
    0,
    0,
    -1,
    0
  ],
  "intrinsics" : [
    1470.098388671875,
    0,
    960.76922607421875,
    0,
    1470.098388671875,
    715.97186279296875,
    0,
    0,
    1
  ],
  "averageAngularVelocity" : 0.10496242344379425,
  "cameraPoseARFrame" : [
    -0.89781373739242554,
    -0.43094116449356079,
    -0.090662956237792969,
    -0.071558184921741486,
    -0.094460606575012207,
    -0.012628753669559956,
    0.99544847011566162,
    0.43068557977676392,
    -0.43012472987174988,
    0.90229141712188721,
    -0.029368700459599495,
    -0.045487180352210999,
    0,
    0,
    0,
    0.99999994039535522
  ]
}