{
  "exposureDuration" : 0.01666666753590107,
  "averageVelocity" : 0,
  "cameraPoseARFrame" : [
    -0.17304207384586334,
    -0.8924376368522644,
    -0.41666674613952637,
    -0.13188949227333069,
    -0.90223628282546997,
    -0.026031756773591042,
    0.43045565485954285,
    0.37136560678482056,
    -0.39500141143798828,
    0.45041882991790771,
    -0.80068504810333252,
    -0.2214924693107605,
    0,
    0,
    0,
    0.99999994039535522
  ],
  "motionQuality" : 0.93517500162124634,
  "cameraGrain" : 0.01817866787314415,
  "time" : 918643.2824487919,
  "frame_index" : 83,
  "averageAngularVelocity" : 0.22688744962215424,
  "projectionMatrix" : [
    1.5169278383255005,
    0,
    -0.0071102380752563477,
    0,
    0,
    2.0225703716278076,
    -0.0049915313720703125,
    0,
    0,
    0,
    -0.9999997615814209,
    -0.00099999981466680765,
    0,
    0,
    -1,
    0
  ],
  "intrinsics" : [
    1456.250732421875,
    0,
    966.3258056640625,
    0,
    1456.250732421875,
    715.90606689453125,
    0,
    0,
    1
  ]
}