{
  "exposureDuration" : 0.01666666753590107,
  "time" : 918636.48021050019,
  "cameraPoseARFrame" : [
    0.44548597931861877,
    -0.69660860300064087,
    0.56238651275634766,
    0.096661746501922607,
    -0.81620877981185913,
    -0.057882551103830338,
    0.57485038042068481,
    0.3823438286781311,
    -0.36789339780807495,
    -0.71511238813400269,
    -0.5943639874458313,
    -0.18596431612968445,
    0,
    0,
    0,
    0.99999994039535522
  ],
  "cameraGrain" : 0,
  "intrinsics" : [
    1469.1002197265625,
    0,
    966.37860107421875,
    0,
    1469.1002197265625,
    715.90899658203125,
    0,
    0,
    1
  ],
  "averageVelocity" : 0.15351659059524536,
  "projectionMatrix" : [
    1.5303127765655518,
    0,
    -0.0071651935577392578,
    0,
    0,
    2.040416955947876,
    -0.0049874782562255859,
    0,
    0,
    0,
    -0.9999997615814209,
    -0.00099999981466680765,
    0,
    0,
    -1,
    0
  ],
  "frame_index" : 70,
  "motionQuality" : 0.8533787727355957,
  "averageAngularVelocity" : 0.51317435503005981
}