{
  "motionQuality" : 0.9299924373626709,
  "projectionMatrix" : [
    1.5153063535690308,
    0,
    -0.0052888393402099609,
    0,
    0,
    2.0204083919525146,
    -0.0038704872131347656,
    0,
    0,
    0,
    -0.9999997615814209,
    -0.00099999981466680765,
    0,
    0,
    -1,
    0
  ],
  "time" : 918621.69830037525,
  "averageAngularVelocity" : 0.24502642452716827,
  "exposureDuration" : 0.01666666753590107,
  "averageVelocity" : 0,
  "frame_index" : 42,
  "intrinsics" : [
    1454.694091796875,
    0,
    964.57733154296875,
    0,
    1454.694091796875,
    716.7132568359375,
    0,
    0,
    1
  ],
  "cameraGrain" : 0.020645195618271828,
  "cameraPoseARFrame" : [
    0.075160481035709381,
    0.99569851160049438,
    -0.054174687713384628,
    -0.040640152990818024,
    -0.48496520519256592,
    0.083970092236995697,
    0.87049275636672974,
    0.51006656885147095,
    0.87129741907119751,
    -0.039153914898633957,
    0.4891904890537262,
    0.1468951553106308,
    0,
    0,
    0,
    0.99999982118606567
  ]
}