{
  "motionQuality" : 1,
  "frame_index" : 0,
  "averageVelocity" : 0,
  "cameraPoseARFrame" : [
    0.026767896488308907,
    0.98392790555953979,
    0.17654789984226227,
    0.010709631256759167,
    -0.97163784503936768,
    -0.015901379287242889,
    0.23593874275684357,
    0.25839835405349731,
    0.23495404422283173,
    -0.17785634100437164,
    0.95559591054916382,
    0.14831309020519257,
    0,
    0,
    0,
    0.99999994039535522
  ],
  "projectionMatrix" : [
    1.5609188079833984,
    0,
    -0.0077210664749145508,
    0,
    0,
    2.0812251567840576,
    -0.0049942731857299805,
    0,
    0,
    0,
    -0.9999997615814209,
    -0.00099999981466680765,
    0,
    0,
    -1,
    0
  ],
  "time" : 918599.69512912515,
  "intrinsics" : [
    1498.4820556640625,
    0,
    966.9122314453125,
    0,
    1498.4820556640625,
    715.90411376953125,
    0,
    0,
    1
  ],
  "cameraGrain" : 0,
  "exposureDuration" : 0.01666666753590107,
  "averageAngularVelocity" : 0
}