{
  "motionQuality" : 0.98713165521621704,
  "averageVelocity" : 0,
  "intrinsics" : [
    1466.316162109375,
    0,
    961.03021240234375,
    0,
    1466.316162109375,
    716.5836181640625,
    0,
    0,
    1
  ],
  "frame_index" : 99,
  "time" : 918651.61696979182,
  "averageAngularVelocity" : 0,
  "exposureDuration" : 0.01666666753590107,
  "projectionMatrix" : [
    1.5274126529693604,
    0,
    -0.0015939474105834961,
    0,
    0,
    2.0365502834320068,
    -0.0040504932403564453,
    0,
    0,
    0,
    -0.9999997615814209,
    -0.00099999981466680765,
    0,
    0,
    -1,
    0
  ],
  "cameraPoseARFrame" : [
    -0.88522070646286011,
    -0.44462820887565613,
    -0.1367105096578598,
    -0.083520688116550446,
    -0.19276931881904602,
    0.083170056343078613,
    0.97771310806274414,
    0.49346882104873657,
    -0.42334854602813721,
    0.89184552431106567,
    -0.15933454036712646,
    -0.07086702436208725,
    0,
    0,
    0,
    0.99999994039535522
  ],
  "cameraGrain" : 0.036125455051660538
}