{
  "time" : 918613.3294238752,
  "averageAngularVelocity" : 0.26334157586097717,
  "exposureDuration" : 0.01666666753590107,
  "projectionMatrix" : [
    1.5394390821456909,
    0,
    -0.0077062845230102539,
    0,
    0,
    2.0525856018066406,
    -0.0053559541702270508,
    0,
    0,
    0,
    -0.9999997615814209,
    -0.00099999981466680765,
    0,
    0,
    -1,
    0
  ],
  "intrinsics" : [
    1477.861572265625,
    0,
    966.89801025390625,
    0,
    1477.861572265625,
    715.64373779296875,
    0,
    0,
    1
  ],
  "motionQuality" : 0.92475956678390503,
  "frame_index" : 26,
  "averageVelocity" : 0,
  "cameraGrain" : 0,
  "cameraPoseARFrame" : [
    -0.23468756675720215,
    -0.14779847860336304,
    -0.96076905727386475,
    -0.23746718466281891,
    -0.96742933988571167,
    -0.060957461595535278,
    0.24569180607795715,
    0.2642701268196106,
    -0.094878904521465302,
    0.98713701963424683,
    -0.12867848575115204,
    -0.059400700032711029,
    0,
    0,
    0,
    0.99999982118606567
  ]
}