{
  "time" : 918625.4150863752,
  "projectionMatrix" : [
    1.5350412130355835,
    0,
    -0.00087153911590576172,
    0,
    0,
    2.0467214584350586,
    -0.004546046257019043,
    0,
    0,
    0,
    -0.9999997615814209,
    -0.00099999981466680765,
    0,
    0,
    -1,
    0
  ],
  "motionQuality" : 0.95564228296279907,
  "averageAngularVelocity" : 0.12753570079803467,
  "exposureDuration" : 0.01666666753590107,
  "averageVelocity" : 0.15525192022323608,
  "frame_index" : 49,
  "intrinsics" : [
    1473.6395263671875,
    0,
    960.336669921875,
    0,
    1473.6395263671875,
    716.22686767578125,
    0,
    0,
    1
  ],
  "cameraGrain" : 0.011942890472710133,
  "cameraPoseARFrame" : [
    0.1896420419216156,
    0.98162311315536499,
    0.021256046369671822,
    -0.010848606936633587,
    -0.08528415858745575,
    -0.0050985622219741344,
    0.99634367227554321,
    0.40389734506607056,
    0.97814226150512695,
    -0.19076152145862579,
    0.082750000059604645,
    0.0080067645758390427,
    0,
    0,
    0,
    0.99999994039535522
  ]
}