{
  "motionQuality" : 0.94005823135375977,
  "projectionMatrix" : [
    1.5273289680480957,
    0,
    -0.0052177906036376953,
    0,
    0,
    2.0364387035369873,
    -0.0043656826019287109,
    0,
    0,
    0,
    -0.9999997615814209,
    -0.00099999981466680765,
    0,
    0,
    -1,
    0
  ],
  "averageVelocity" : 0.10860753804445267,
  "cameraGrain" : 0.0018208095571026206,
  "exposureDuration" : 0.01666666753590107,
  "frame_index" : 73,
  "cameraPoseARFrame" : [
    0.26917409896850586,
    -0.94980883598327637,
    0.1593995988368988,
    0.027406197041273117,
    -0.47337913513183594,
    0.013655681163072586,
    0.88075298070907593,
    0.42846351861953735,
    -0.83872371912002563,
    -0.3125322163105011,
    -0.44594398140907288,
    -0.13536186516284943,
    0,
    0,
    0,
    1
  ],
  "intrinsics" : [
    1466.23583984375,
    0,
    964.509033203125,
    0,
    1466.23583984375,
    716.356689453125,
    0,
    0,
    1
  ],
  "averageAngularVelocity" : 0.20979616045951843,
  "time" : 918638.04937166686
}