{
  "time" : 918604.8953837502,
  "projectionMatrix" : [
    1.5610382556915283,
    0,
    -0.0076818466186523438,
    0,
    0,
    2.0813841819763184,
    -0.005498051643371582,
    0,
    0,
    0,
    -0.9999997615814209,
    -0.00099999981466680765,
    0,
    0,
    -1,
    0
  ],
  "exposureDuration" : 0.01666666753590107,
  "intrinsics" : [
    1498.5966796875,
    0,
    966.87457275390625,
    0,
    1498.5966796875,
    715.5413818359375,
    0,
    0,
    1
  ],
  "motionQuality" : 0.89407080411911011,
  "cameraPoseARFrame" : [
    0.26671352982521057,
    0.097428180277347565,
    0.95883870124816895,
    0.15469685196876526,
    -0.95533180236816406,
    -0.10468120127916336,
    0.27637478709220886,
    0.27818948030471802,
    0.12729904055595398,
    -0.98972183465957642,
    0.065156310796737671,
    -0.022470666095614433,
    0,
    0,
    0,
    0.99999994039535522
  ],
  "averageAngularVelocity" : 0.37075212597846985,
  "cameraGrain" : 0.007790102157741785,
  "frame_index" : 10,
  "averageVelocity" : 0.1185777485370636
}