{
  "cameraPoseARFrame" : [
    0.0032507132273167372,
    -0.93756264448165894,
    -0.34780088067054749,
    -0.088067352771759033,
    -0.98481720685958862,
    -0.063367947936058044,
    0.16161566972732544,
    0.24744278192520142,
    -0.17356427013874054,
    0.34199491143226624,
    -0.92353391647338867,
    -0.21269761025905609,
    0,
    0,
    0,
    0.99999988079071045
  ],
  "averageVelocity" : 0.074440211057662964,
  "projectionMatrix" : [
    1.5511269569396973,
    0,
    -0.0077757835388183594,
    0,
    0,
    2.0681693553924561,
    -0.0053780078887939453,
    0,
    0,
    0,
    -0.9999997615814209,
    -0.00099999981466680765,
    0,
    0,
    -1,
    0
  ],
  "intrinsics" : [
    1489.0819091796875,
    0,
    966.96478271484375,
    0,
    1489.0819091796875,
    715.62786865234375,
    0,
    0,
    1
  ],
  "time" : 918609.66450458358,
  "exposureDuration" : 0.01666666753590107,
  "motionQuality" : 0.9494742751121521,
  "cameraGrain" : 0,
  "frame_index" : 19,
  "averageAngularVelocity" : 0.17684005200862885
}