{
  "cameraPoseARFrame" : [
    0.37836408615112305,
    -0.58221089839935303,
    0.71963250637054443,
    0.14998656511306763,
    -0.89831733703613281,
    -0.043402004987001419,
    0.43719807267189026,
    0.33962851762771606,
    -0.2233080267906189,
    -0.8118782639503479,
    -0.53943198919296265,
    -0.13873530924320221,
    0,
    0,
    0,
    0.99999994039535522
  ],
  "exposureDuration" : 0.01666666753590107,
  "intrinsics" : [
    1472.985595703125,
    0,
    966.8311767578125,
    0,
    1472.985595703125,
    715.8359375,
    0,
    0,
    1
  ],
  "cameraGrain" : 0.025801630690693855,
  "frame_index" : 69,
  "averageVelocity" : 0.13353042304515839,
  "motionQuality" : 0.88293743133544922,
  "time" : 918635.94779866689,
  "averageAngularVelocity" : 0.40971890091896057,
  "projectionMatrix" : [
    1.5343600511550903,
    0,
    -0.0076366662979125977,
    0,
    0,
    2.0458133220672607,
    -0.0050889253616333008,
    0,
    0,
    0,
    -0.9999997615814209,
    -0.00099999981466680765,
    0,
    0,
    -1,
    0
  ]
}