{
  "projectionMatrix" : [
    1.5441876649856567,
    0,
    -0.0010515451431274414,
    0,
    0,
    2.0589168071746826,
    -0.0047395229339599609,
    0,
    0,
    0,
    -0.9999997615814209,
    -0.00099999981466680765,
    0,
    0,
    -1,
    0
  ],
  "time" : 918648.98333262524,
  "averageAngularVelocity" : 0.030029691755771637,
  "frame_index" : 94,
  "exposureDuration" : 0.01666666753590107,
  "motionQuality" : 0.99045771360397339,
  "intrinsics" : [
    1482.420166015625,
    0,
    960.509521484375,
    0,
    1482.420166015625,
    716.0875244140625,
    0,
    0,
    1
  ],
  "cameraPoseARFrame" : [
    -0.89678400754928589,
    -0.43665227293968201,
    -0.07150547206401825,
    -0.058455925434827805,
    -0.08398863673210144,
    0.0093208495527505875,
    0.99642318487167358,
    0.41338735818862915,
    -0.43442392349243164,
    0.89958196878433228,
    -0.045032616704702377,
    -0.048494536429643631,
    0,
    0,
    0,
    0.99999994039535522
  ],
  "averageVelocity" : 0.033398054540157318,
  "cameraGrain" : 0.037587139755487442
}