{
  "exposureDuration" : 0.01666666753590107,
  "frame_index" : 3,
  "averageVelocity" : 0,
  "averageAngularVelocity" : 0.030602527782320976,
  "time" : 918601.26338558353,
  "projectionMatrix" : [
    1.5575644969940186,
    0,
    -0.0078530311584472656,
    0,
    0,
    2.0767526626586914,
    -0.005153656005859375,
    0,
    0,
    0,
    -0.9999997615814209,
    -0.00099999981466680765,
    0,
    0,
    -1,
    0
  ],
  "intrinsics" : [
    1495.261962890625,
    0,
    967.0389404296875,
    0,
    1495.261962890625,
    715.78936767578125,
    0,
    0,
    1
  ],
  "motionQuality" : 0.99125641584396362,
  "cameraGrain" : 0,
  "cameraPoseARFrame" : [
    0.0079295840114355087,
    0.97281038761138916,
    0.23146657645702362,
    0.012972100637853146,
    -0.9779476523399353,
    -0.04076569527387619,
    0.20483309030532837,
    0.25892478227615356,
    0.20869967341423035,
    -0.22798651456832886,
    0.95103442668914795,
    0.15168003737926483,
    0,
    0,
    0,
    0.99999994039535522
  ]
}