{
  "cameraPoseARFrame" : [
    0.096178747713565826,
    0.93878442049026489,
    0.33080685138702393,
    0.031623911112546921,
    -0.95841789245605469,
    -0.0023638524580746889,
    0.28535860776901245,
    0.26475578546524048,
    0.26867219805717468,
    -0.34449666738510132,
    0.89952045679092407,
    0.15973290801048279,
    0,
    0,
    0,
    1
  ],
  "time" : 918630.68023345852,
  "projectionMatrix" : [
    1.548753023147583,
    0,
    -0.0075166225433349609,
    0,
    0,
    2.0650038719177246,
    -0.004752039909362793,
    0,
    0,
    0,
    -0.9999997615814209,
    -0.00099999981466680765,
    0,
    0,
    -1,
    0
  ],
  "averageAngularVelocity" : 0.16450384259223938,
  "exposureDuration" : 0.01666666753590107,
  "averageVelocity" : 0.019272880628705025,
  "frame_index" : 59,
  "intrinsics" : [
    1486.8028564453125,
    0,
    966.7159423828125,
    0,
    1486.8028564453125,
    716.07855224609375,
    0,
    0,
    1
  ],
  "cameraGrain" : 0,
  "motionQuality" : 0.95299887657165527
}