{
  "cameraPoseARFrame" : [
    0.17266467213630676,
    0.9849439263343811,
    -0.0084897484630346298,
    -0.014015062712132931,
    -0.21819809079170227,
    0.046653211116790771,
    0.97478878498077393,
    0.37954503297805786,
    0.96050834655761719,
    -0.16645914316177368,
    0.22296826541423798,
    0.01294289343059063,
    0,
    0,
    0,
    0.99999994039535522
  ],
  "time" : 918626.98189320858,
  "projectionMatrix" : [
    1.5761799812316895,
    0,
    -0.0013525485992431641,
    0,
    0,
    2.1015734672546387,
    -0.0043293237686157227,
    0,
    0,
    0,
    -0.9999997615814209,
    -0.00099999981466680765,
    0,
    0,
    -1,
    0
  ],
  "averageAngularVelocity" : 0.34941974282264709,
  "exposureDuration" : 0.01666666753590107,
  "averageVelocity" : 0.024129657074809074,
  "frame_index" : 52,
  "intrinsics" : [
    1513.1328125,
    0,
    960.79840087890625,
    0,
    1513.1328125,
    716.38287353515625,
    0,
    0,
    1
  ],
  "cameraGrain" : 0.0106566296890378,
  "motionQuality" : 0.90016579627990723
}