{
  "time" : 918611.22905066691,
  "averageAngularVelocity" : 0.53447633981704712,
  "exposureDuration" : 0.01666666753590107,
  "intrinsics" : [
    1484.9210205078125,
    0,
    966.9735107421875,
    0,
    1484.9210205078125,
    715.45111083984375,
    0,
    0,
    1
  ],
  "projectionMatrix" : [
    1.54679274559021,
    0,
    -0.0077849626541137695,
    0,
    0,
    2.0623903274536133,
    -0.0056234598159790039,
    0,
    0,
    0,
    -0.9999997615814209,
    -0.00099999981466680765,
    0,
    0,
    -1,
    0
  ],
  "motionQuality" : 0.84729248285293579,
  "frame_index" : 22,
  "averageVelocity" : 0.020083023235201836,
  "cameraGrain" : 0.038324519991874695,
  "cameraPoseARFrame" : [
    -0.079255588352680206,
    -0.68216538429260254,
    -0.72688984870910645,
    -0.1569918692111969,
    -0.96755009889602661,
    -0.1228620633482933,
    0.22079825401306152,
    0.24154335260391235,
    -0.23992809653282166,
    0.72080177068710327,
    -0.65029168128967285,
    -0.18437337875366211,
    0,
    0,
    0,
    1
  ]
}