{
  "frame_index" : 77,
  "averageVelocity" : 0,
  "motionQuality" : 0.98401367664337158,
  "cameraPoseARFrame" : [
    0.19537639617919922,
    -0.98001605272293091,
    0.037366710603237152,
    0.017732860520482063,
    -0.15910480916500092,
    0.0059230909682810307,
    0.98724395036697388,
    0.46384650468826294,
    -0.96773630380630493,
    -0.1988292932510376,
    -0.15476806461811066,
    -0.070571862161159515,
    0,
    0,
    0,
    0.99999994039535522
  ],
  "cameraGrain" : 0.013980920426547527,
  "exposureDuration" : 0.01666666753590107,
  "projectionMatrix" : [
    1.5245364904403687,
    0,
    -0.0017868280410766602,
    0,
    0,
    2.0327153205871582,
    -0.0045620203018188477,
    0,
    0,
    0,
    -0.9999997615814209,
    -0.00099999981466680765,
    0,
    0,
    -1,
    0
  ],
  "time" : 918640.1493845419,
  "averageAngularVelocity" : 0.055952060967683792,
  "intrinsics" : [
    1463.5550537109375,
    0,
    961.21533203125,
    0,
    1463.5550537109375,
    716.21533203125,
    0,
    0,
    1
  ]
}