{
  "time" : 918622.23161533359,
  "projectionMatrix" : [
    1.5141830444335938,
    0,
    -0.0039660930633544922,
    0,
    0,
    2.0189106464385986,
    -0.0036308765411376953,
    0,
    0,
    0,
    -0.9999997615814209,
    -0.00099999981466680765,
    0,
    0,
    -1,
    0
  ],
  "motionQuality" : 0.88972747325897217,
  "averageAngularVelocity" : 0.38595381379127502,
  "exposureDuration" : 0.01666666753590107,
  "averageVelocity" : 0.10112608969211578,
  "frame_index" : 43,
  "intrinsics" : [
    1453.61572265625,
    0,
    963.30743408203125,
    0,
    1453.61572265625,
    716.8857421875,
    0,
    0,
    1
  ],
  "cameraGrain" : 0.017225593328475952,
  "cameraPoseARFrame" : [
    0.17277534306049347,
    0.98449349403381348,
    -0.030348287895321846,
    -0.020920505747199059,
    -0.30681353807449341,
    0.083072297275066376,
    0.94813740253448486,
    0.52554351091384888,
    0.93595623970031738,
    -0.15450350940227509,
    0.31640878319740295,
    0.11137975752353668,
    0,
    0,
    0,
    0.99999994039535522
  ]
}