{
  "time" : 918641.71629679191,
  "intrinsics" : [
    1458.4266357421875,
    0,
    963.02947998046875,
    0,
    1458.4266357421875,
    716.4425048828125,
    0,
    0,
    1
  ],
  "averageVelocity" : 0.11951792240142822,
  "exposureDuration" : 0.01666666753590107,
  "cameraGrain" : 0,
  "projectionMatrix" : [
    1.5191943645477295,
    0,
    -0.0036765336990356445,
    0,
    0,
    2.025592565536499,
    -0.0042464733123779297,
    0,
    0,
    0,
    -0.9999997615814209,
    -0.00099999981466680765,
    0,
    0,
    -1,
    0
  ],
  "frame_index" : 80,
  "averageAngularVelocity" : 0.56202429533004761,
  "cameraPoseARFrame" : [
    0.0032246517948806286,
    -0.99997282028198242,
    0.0066178655251860619,
    0.010482537560164928,
    -0.6577792763710022,
    0.0028635738417506218,
    0.75320535898208618,
    0.44317704439163208,
    -0.75320380926132202,
    -0.0067818597890436649,
    -0.65775221586227417,
    -0.16954116523265839,
    0,
    0,
    0,
    0.99999994039535522
  ],
  "motionQuality" : 0.83942162990570068
}