{
  "cameraPoseARFrame" : [
    0.18966631591320038,
    0.98171156644821167,
    -0.016394596546888351,
    -0.010866480879485607,
    -0.025521688163280487,
    0.021621445193886757,
    0.99944043159484863,
    0.51297670602798462,
    0.98151671886444092,
    -0.18914180994033813,
    0.029155801981687546,
    0.051549796015024185,
    0,
    0,
    0,
    0.99999994039535522
  ],
  "projectionMatrix" : [
    1.5140595436096191,
    0,
    -0.001506805419921875,
    0,
    0,
    2.0187461376190186,
    -0.0043087005615234375,
    0,
    0,
    0,
    -0.9999997615814209,
    -0.00099999981466680765,
    0,
    0,
    -1,
    0
  ],
  "time" : 918623.29830170854,
  "averageAngularVelocity" : 0.36455321311950684,
  "exposureDuration" : 0.01666666753590107,
  "averageVelocity" : 0.048080068081617355,
  "frame_index" : 45,
  "intrinsics" : [
    1453.4971923828125,
    0,
    960.946533203125,
    0,
    1453.4971923828125,
    716.397705078125,
    0,
    0,
    1
  ],
  "cameraGrain" : 0.01858215406537056,
  "motionQuality" : 0.89584195613861084
}