{
  "averageVelocity" : 0.14767904579639435,
  "averageAngularVelocity" : 0.35216006636619568,
  "projectionMatrix" : [
    1.5406380891799927,
    0,
    -0.0077835321426391602,
    0,
    0,
    2.0541841983795166,
    -0.0056809186935424805,
    0,
    0,
    0,
    -0.9999997615814209,
    -0.00099999981466680765,
    0,
    0,
    -1,
    0
  ],
  "exposureDuration" : 0.01666666753590107,
  "motionQuality" : 0.8993828296661377,
  "intrinsics" : [
    1479.0125732421875,
    0,
    966.97222900390625,
    0,
    1479.0125732421875,
    715.40972900390625,
    0,
    0,
    1
  ],
  "cameraPoseARFrame" : [
    -0.1260288804769516,
    -0.55287867784500122,
    -0.82367569208145142,
    -0.20620390772819519,
    -0.97101730108261108,
    -0.10122185945510864,
    0.21651683747768402,
    0.2517734169960022,
    -0.20308153331279755,
    0.82709062099456787,
    -0.52409791946411133,
    -0.15708571672439575,
    0,
    0,
    0,
    0.99999994039535522
  ],
  "frame_index" : 23,
  "time" : 918611.73102708359,
  "cameraGrain" : 0
}