{
  "cameraPoseARFrame" : [
    -0.2401113361120224,
    -0.018186388537287712,
    -0.97057491540908813,
    -0.24394036829471588,
    -0.96898394823074341,
    -0.055713724344968796,
    0.24076171219348907,
    0.27352744340896606,
    -0.058452922850847244,
    0.99828100204467773,
    -0.0042447890155017376,
    -0.042301338165998459,
    0,
    0,
    0,
    0.99999994039535522
  ],
  "time" : 918614.39607450017,
  "projectionMatrix" : [
    1.5382599830627441,
    0,
    -0.0077041387557983398,
    0,
    0,
    2.0510134696960449,
    -0.0052917003631591797,
    0,
    0,
    0,
    -0.9999997615814209,
    -0.00099999981466680765,
    0,
    0,
    -1,
    0
  ],
  "averageVelocity" : 0.023535491898655891,
  "cameraGrain" : 0,
  "frame_index" : 28,
  "averageAngularVelocity" : 0.067173808813095093,
  "exposureDuration" : 0.01666666753590107,
  "intrinsics" : [
    1476.7296142578125,
    0,
    966.89593505859375,
    0,
    1476.7296142578125,
    715.68994140625,
    0,
    0,
    1
  ],
  "motionQuality" : 0.98080748319625854
}