{
  "time" : 918610.69768283353,
  "averageAngularVelocity" : 0,
  "exposureDuration" : 0.01666666753590107,
  "projectionMatrix" : [
    1.5465896129608154,
    0,
    -0.0078454017639160156,
    0,
    0,
    2.0621194839477539,
    -0.0057677030563354492,
    0,
    0,
    0,
    -0.9999997615814209,
    -0.00099999981466680765,
    0,
    0,
    -1,
    0
  ],
  "intrinsics" : [
    1484.72607421875,
    0,
    967.03155517578125,
    0,
    1484.72607421875,
    715.3472900390625,
    0,
    0,
    1
  ],
  "motionQuality" : 0.98299562931060791,
  "frame_index" : 21,
  "averageVelocity" : 0.025714999064803123,
  "cameraGrain" : 0.0074634552001953125,
  "cameraPoseARFrame" : [
    -0.027013089507818222,
    -0.85624372959136963,
    -0.51586508750915527,
    -0.13984830677509308,
    -0.97671967744827271,
    -0.087254710495471954,
    0.19597280025482178,
    0.23898130655288696,
    -0.21281212568283081,
    0.50914949178695679,
    -0.8339531421661377,
    -0.19183455407619476,
    0,
    0,
    0,
    1
  ]
}