{
  "motionQuality" : 0.95925682783126831,
  "averageVelocity" : 0,
  "intrinsics" : [
    1478.5997314453125,
    0,
    960.74755859375,
    0,
    1478.5997314453125,
    716.47625732421875,
    0,
    0,
    1
  ],
  "frame_index" : 98,
  "time" : 918651.08375079185,
  "averageAngularVelocity" : 0.1426011323928833,
  "exposureDuration" : 0.01666666753590107,
  "projectionMatrix" : [
    1.540208101272583,
    0,
    -0.0012995004653930664,
    0,
    0,
    2.0536108016967773,
    -0.0041996240615844727,
    0,
    0,
    0,
    -0.9999997615814209,
    -0.00099999981466680765,
    0,
    0,
    -1,
    0
  ],
  "cameraPoseARFrame" : [
    -0.89800852537155151,
    -0.42301353812217712,
    -0.12099598348140717,
    -0.072705134749412537,
    -0.15151138603687286,
    0.03913145512342453,
    0.98768061399459839,
    0.46652203798294067,
    -0.41306748986244202,
    0.90527796745300293,
    -0.099231749773025513,
    -0.064794354140758514,
    0,
    0,
    0,
    0.99999994039535522
  ],
  "cameraGrain" : 0.037587139755487442
}