{
  "projectionMatrix" : [
    1.5575168132781982,
    0,
    -0.007807612419128418,
    0,
    0,
    2.0766892433166504,
    -0.0051531791687011719,
    0,
    0,
    0,
    -0.9999997615814209,
    -0.00099999981466680765,
    0,
    0,
    -1,
    0
  ],
  "time" : 918601.79511612526,
  "exposureDuration" : 0.01666666753590107,
  "intrinsics" : [
    1495.2161865234375,
    0,
    966.995361328125,
    0,
    1495.2161865234375,
    715.78973388671875,
    0,
    0,
    1
  ],
  "motionQuality" : 0.93855398893356323,
  "cameraPoseARFrame" : [
    -0.011682061478495598,
    0.96474796533584595,
    0.26291555166244507,
    0.01816830225288868,
    -0.98174142837524414,
    -0.060990367084741592,
    0.18017794191837311,
    0.2607458233833313,
    0.18986164033412933,
    -0.2560102641582489,
    0.94784557819366455,
    0.15376584231853485,
    0,
    0,
    0,
    0.99999994039535522
  ],
  "averageAngularVelocity" : 0.21506094932556152,
  "cameraGrain" : 0,
  "frame_index" : 4,
  "averageVelocity" : 0
}