{
  "motionQuality" : 0.94012713432312012,
  "projectionMatrix" : [
    1.5301532745361328,
    0,
    -0.003847956657409668,
    0,
    0,
    2.0402042865753174,
    -0.0047080516815185547,
    0,
    0,
    0,
    -0.9999997615814209,
    -0.00099999981466680765,
    0,
    0,
    -1,
    0
  ],
  "averageVelocity" : 0.057613376528024673,
  "cameraGrain" : 0.0088647566735744476,
  "exposureDuration" : 0.01666666753590107,
  "frame_index" : 74,
  "cameraPoseARFrame" : [
    0.25676363706588745,
    -0.96184206008911133,
    0.094509199261665344,
    0.017943648621439934,
    -0.32951390743255615,
    0.0048059849068522453,
    0.94413852691650391,
    0.44654184579849243,
    -0.90856641530990601,
    -0.27356249094009399,
    -0.31570634245872498,
    -0.091022565960884094,
    0,
    0,
    0,
    0.99999994039535522
  ],
  "intrinsics" : [
    1468.9471435546875,
    0,
    963.19403076171875,
    0,
    1468.9471435546875,
    716.1102294921875,
    0,
    0,
    1
  ],
  "averageAngularVelocity" : 0.20955497026443481,
  "time" : 918638.58297329186
}