{
  "time" : 918632.78264283354,
  "cameraPoseARFrame" : [
    0.21753650903701782,
    0.58004456758499146,
    0.78500056266784668,
    0.13258834183216095,
    -0.95284998416900635,
    -0.048114966601133347,
    0.29960295557975769,
    0.29602867364883423,
    0.21155335009098053,
    -0.81316232681274414,
    0.54222869873046875,
    0.10612036287784576,
    0,
    0,
    0,
    0.99999994039535522
  ],
  "projectionMatrix" : [
    1.5402398109436035,
    0,
    -0.0075293779373168945,
    0,
    0,
    2.0536532402038574,
    -0.005049586296081543,
    0,
    0,
    0,
    -0.9999997615814209,
    -0.00099999981466680765,
    0,
    0,
    -1,
    0
  ],
  "averageAngularVelocity" : 0.53336930274963379,
  "exposureDuration" : 0.01666666753590107,
  "averageVelocity" : 0.083506859838962555,
  "frame_index" : 63,
  "intrinsics" : [
    1478.6302490234375,
    0,
    966.7281494140625,
    0,
    1478.6302490234375,
    715.86431884765625,
    0,
    0,
    1
  ],
  "cameraGrain" : 0,
  "motionQuality" : 0.84760880470275879
}