{
  "exposureDuration" : 0.01666666753590107,
  "frame_index" : 5,
  "averageVelocity" : 0,
  "averageAngularVelocity" : 0.25718942284584045,
  "time" : 918602.32874604187,
  "projectionMatrix" : [
    1.5575684309005737,
    0,
    -0.0077973604202270508,
    0,
    0,
    2.0767579078674316,
    -0.0052127838134765625,
    0,
    0,
    0,
    -0.9999997615814209,
    -0.00099999981466680765,
    0,
    0,
    -1,
    0
  ],
  "intrinsics" : [
    1495.2657470703125,
    0,
    966.9854736328125,
    0,
    1495.2657470703125,
    715.74676513671875,
    0,
    0,
    1
  ],
  "motionQuality" : 0.9265173077583313,
  "cameraGrain" : 0,
  "cameraPoseARFrame" : [
    0.042307421565055847,
    0.89367717504501343,
    0.44671127200126648,
    0.050823472440242767,
    -0.97231173515319824,
    -0.066021740436553955,
    0.22416749596595764,
    0.26000171899795532,
    0.22982604801654816,
    -0.44382655620574951,
    0.86613959074020386,
    0.13758912682533264,
    0,
    0,
    0,
    0.99999994039535522
  ]
}