{
  "time" : 918622.76318320853,
  "projectionMatrix" : [
    1.5140396356582642,
    0,
    -0.0027152299880981445,
    0,
    0,
    2.0187194347381592,
    -0.003985285758972168,
    0,
    0,
    0,
    -0.9999997615814209,
    -0.00099999981466680765,
    0,
    0,
    -1,
    0
  ],
  "motionQuality" : 0.85781657695770264,
  "averageAngularVelocity" : 0.49764207005500793,
  "exposureDuration" : 0.01666666753590107,
  "averageVelocity" : 0,
  "frame_index" : 44,
  "intrinsics" : [
    1453.47802734375,
    0,
    962.1065673828125,
    0,
    1453.47802734375,
    716.630615234375,
    0,
    0,
    1
  ],
  "cameraGrain" : 0.015883691608905792,
  "cameraPoseARFrame" : [
    0.19592969119548798,
    0.98056524991989136,
    -0.010152491740882397,
    -0.01043547410517931,
    -0.14550824463367462,
    0.03930986300110817,
    0.98857575654983521,
    0.52732664346694946,
    0.96976220607757568,
    -0.19221413135528564,
    0.15038229525089264,
    0.068923145532608032,
    0,
    0,
    0,
    0.99999988079071045
  ]
}