{
  "cameraPoseARFrame" : [
    0.31812110543251038,
    -0.40232565999031067,
    0.85844790935516357,
    0.17614142596721649,
    -0.94434714317321777,
    -0.054521627724170685,
    0.32440090179443359,
    0.31261783838272095,
    -0.083710856735706329,
    -0.91387146711349487,
    -0.39727970957756042,
    -0.10615663230419159,
    0,
    0,
    0,
    0.99999994039535522
  ],
  "exposureDuration" : 0.01666666753590107,
  "intrinsics" : [
    1476.339599609375,
    0,
    966.7586669921875,
    0,
    1476.339599609375,
    715.45703125,
    0,
    0,
    1
  ],
  "cameraGrain" : 0.0033154624979943037,
  "frame_index" : 68,
  "averageVelocity" : 0,
  "motionQuality" : 0.93381303548812866,
  "time" : 918635.41610641684,
  "averageAngularVelocity" : 0.2316543310880661,
  "projectionMatrix" : [
    1.5378537178039551,
    0,
    -0.0075610876083374023,
    0,
    0,
    2.0504717826843262,
    -0.005615234375,
    0,
    0,
    0,
    -0.9999997615814209,
    -0.00099999981466680765,
    0,
    0,
    -1,
    0
  ]
}