{
  "time" : 918627.51337783353,
  "projectionMatrix" : [
    1.5726864337921143,
    0,
    -0.0020426511764526367,
    0,
    0,
    2.0969152450561523,
    -0.0042300224304199219,
    0,
    0,
    0,
    -0.9999997615814209,
    -0.00099999981466680765,
    0,
    0,
    -1,
    0
  ],
  "cameraPoseARFrame" : [
    0.1877378523349762,
    0.98176360130310059,
    0.029908211901783943,
    -0.013114155270159245,
    -0.35788717865943909,
    0.040017146617174149,
    0.93290698528289795,
    0.3791540265083313,
    0.91469722986221313,
    -0.18584577739238739,
    0.35887336730957031,
    0.036170430481433868,
    0,
    0,
    0,
    0.99999994039535522
  ],
  "averageAngularVelocity" : 0.26218309998512268,
  "exposureDuration" : 0.01666666753590107,
  "averageVelocity" : 0.04294239729642868,
  "frame_index" : 53,
  "intrinsics" : [
    1509.7789306640625,
    0,
    961.4609375,
    0,
    1509.7789306640625,
    716.454345703125,
    0,
    0,
    1
  ],
  "cameraGrain" : 0.005913271103054285,
  "motionQuality" : 0.92509055137634277
}