{
  "intrinsics" : [
    1481.1885986328125,
    0,
    966.82928466796875,
    0,
    1481.1885986328125,
    715.4727783203125,
    0,
    0,
    1
  ],
  "motionQuality" : 0.85755223035812378,
  "averageVelocity" : 0.089526854455471039,
  "cameraPoseARFrame" : [
    -0.256196528673172,
    0.50511813163757324,
    -0.82414728403091431,
    -0.20773163437843323,
    -0.96542918682098389,
    -0.091322720050811768,
    0.24414433538913727,
    0.26838070154190063,
    0.048058375716209412,
    0.85820472240447998,
    0.51105248928070068,
    0.078935548663139343,
    0,
    0,
    0,
    0.99999994039535522
  ],
  "exposureDuration" : 0.01666666753590107,
  "time" : 918616.49621004192,
  "projectionMatrix" : [
    1.5429047346115112,
    0,
    -0.0076346397399902344,
    0,
    0,
    2.057206392288208,
    -0.005593419075012207,
    0,
    0,
    0,
    -0.9999997615814209,
    -0.00099999981466680765,
    0,
    0,
    -1,
    0
  ],
  "averageAngularVelocity" : 0.49856725335121155,
  "frame_index" : 32,
  "cameraGrain" : 0
}