{
  "intrinsics" : [
    1491.915771484375,
    0,
    967.0047607421875,
    0,
    1491.915771484375,
    715.72296142578125,
    0,
    0,
    1
  ],
  "cameraPoseARFrame" : [
    0.19846871495246887,
    -0.4353330135345459,
    0.87812024354934692,
    0.14147882163524628,
    -0.97909647226333618,
    -0.047382727265357971,
    0.19780063629150391,
    0.27094751596450806,
    -0.04450143501162529,
    -0.89902150630950928,
    -0.43563708662986755,
    -0.10516668111085892,
    0,
    0,
    0,
    0.99999994039535522
  ],
  "frame_index" : 12,
  "motionQuality" : 0.8483843207359314,
  "exposureDuration" : 0.01666666753590107,
  "projectionMatrix" : [
    1.5540789365768433,
    0,
    -0.0078175067901611328,
    0,
    0,
    2.0721051692962646,
    -0.0052459239959716797,
    0,
    0,
    0,
    -0.9999997615814209,
    -0.00099999981466680765,
    0,
    0,
    -1,
    0
  ],
  "averageAngularVelocity" : 0.5306549072265625,
  "time" : 918605.96367566683,
  "cameraGrain" : 0,
  "averageVelocity" : 0.12658002972602844
}