{
  "time" : 918650.58340900019,
  "cameraPoseARFrame" : [
    -0.90191906690597534,
    -0.42168951034545898,
    -0.093379437923431396,
    -0.063478529453277588,
    -0.11999690532684326,
    0.036963406950235367,
    0.99208599328994751,
    0.41937309503555298,
    -0.4149005115032196,
    0.905986487865448,
    -0.083939440548419952,
    -0.059942480176687241,
    0,
    0,
    0,
    0.99999994039535522
  ],
  "motionQuality" : 0.96374720335006714,
  "intrinsics" : [
    1490.118408203125,
    0,
    960.51953125,
    0,
    1490.118408203125,
    716.4544677734375,
    0,
    0,
    1
  ],
  "frame_index" : 97,
  "averageAngularVelocity" : 0.12688484787940979,
  "cameraGrain" : 0.036125455051660538,
  "exposureDuration" : 0.01666666753590107,
  "averageVelocity" : 0,
  "projectionMatrix" : [
    1.5522066354751587,
    0,
    -0.0010620355606079102,
    0,
    0,
    2.0696089267730713,
    -0.0042299032211303711,
    0,
    0,
    0,
    -0.9999997615814209,
    -0.00099999981466680765,
    0,
    0,
    -1,
    0
  ]
}