{
  "averageAngularVelocity" : 0.37008488178253174,
  "cameraGrain" : 0.026348821818828583,
  "averageVelocity" : 0.069021902978420258,
  "time" : 918647.41673620848,
  "exposureDuration" : 0.01666666753590107,
  "motionQuality" : 0.89426147937774658,
  "cameraPoseARFrame" : [
    -0.89582818746566772,
    -0.33309662342071533,
    -0.29417368769645691,
    -0.13488642871379852,
    -0.31866064667701721,
    0.020083392038941383,
    0.94765597581863403,
    0.44977647066116333,
    -0.30975297093391418,
    0.94267857074737549,
    -0.12413603067398071,
    -0.081624194979667664,
    0,
    0,
    0,
    0.99999982118606567
  ],
  "projectionMatrix" : [
    1.5233972072601318,
    0,
    -0.0041381120681762695,
    0,
    0,
    2.0311963558197021,
    -0.004376530647277832,
    0,
    0,
    0,
    -0.9999997615814209,
    -0.00099999981466680765,
    0,
    0,
    -1,
    0
  ],
  "frame_index" : 91,
  "intrinsics" : [
    1462.4613037109375,
    0,
    963.47259521484375,
    0,
    1462.4613037109375,
    716.348876953125,
    0,
    0,
    1
  ]
}