{
  "motionQuality" : 0.86330395936965942,
  "projectionMatrix" : [
    1.5202900171279907,
    0,
    -0.0074052810668945312,
    0,
    0,
    2.0270533561706543,
    -0.0043842792510986328,
    0,
    0,
    0,
    -0.9999997615814209,
    -0.00099999981466680765,
    0,
    0,
    -1,
    0
  ],
  "time" : 918620.66483441682,
  "averageAngularVelocity" : 0.47843620181083679,
  "exposureDuration" : 0.01666666753590107,
  "averageVelocity" : 0.17633107304573059,
  "frame_index" : 40,
  "intrinsics" : [
    1459.4783935546875,
    0,
    966.60906982421875,
    0,
    1459.4783935546875,
    716.34332275390625,
    0,
    0,
    1
  ],
  "cameraGrain" : 0,
  "cameraPoseARFrame" : [
    0.050763119012117386,
    0.99806177616119385,
    -0.035994257777929306,
    -0.028527231886982918,
    -0.78279197216033936,
    0.062144063413143158,
    0.61917275190353394,
    0.41345053911209106,
    0.62020939588546753,
    -0.0032551982440054417,
    0.78442949056625366,
    0.19980853796005249,
    0,
    0,
    0,
    0.99999994039535522
  ]
}