{
  "frame_index" : 76,
  "averageVelocity" : 0.016260955482721329,
  "motionQuality" : 0.98886942863464355,
  "cameraPoseARFrame" : [
    0.21429505944252014,
    -0.97622400522232056,
    0.032618504017591476,
    0.017711346969008446,
    -0.17842155694961548,
    -0.0062899505719542503,
    0.98393404483795166,
    0.46137839555740356,
    -0.9603348970413208,
    -0.21667198836803436,
    -0.17552731931209564,
    -0.068407386541366577,
    0,
    0,
    0,
    0.99999988079071045
  ],
  "cameraGrain" : 0.015032414346933365,
  "exposureDuration" : 0.01666666753590107,
  "projectionMatrix" : [
    1.5256997346878052,
    0,
    -0.0020617246627807617,
    0,
    0,
    2.0342662334442139,
    -0.0046012401580810547,
    0,
    0,
    0,
    -0.9999997615814209,
    -0.00099999981466680765,
    0,
    0,
    -1,
    0
  ],
  "time" : 918639.64755979192,
  "averageAngularVelocity" : 0.038957033306360245,
  "intrinsics" : [
    1464.6717529296875,
    0,
    961.47930908203125,
    0,
    1464.6717529296875,
    716.1871337890625,
    0,
    0,
    1
  ]
}