{
  "averageAngularVelocity" : 0.39031258225440979,
  "exposureDuration" : 0.01666666753590107,
  "averageVelocity" : 0,
  "intrinsics" : [
    1471.8614501953125,
    0,
    966.9202880859375,
    0,
    1471.8614501953125,
    715.2828369140625,
    0,
    0,
    1
  ],
  "cameraPoseARFrame" : [
    -0.18569691479206085,
    0.75672036409378052,
    -0.62681007385253906,
    -0.18473660945892334,
    -0.97727352380752563,
    -0.075857795774936676,
    0.19794441759586334,
    0.28257924318313599,
    0.10224015265703201,
    0.649322509765625,
    0.75360941886901855,
    0.16187176108360291,
    0,
    0,
    0,
    0.99999994039535522
  ],
  "time" : 918617.52973687521,
  "frame_index" : 34,
  "projectionMatrix" : [
    1.533189058303833,
    0,
    -0.0077294111251831055,
    0,
    0,
    2.0442519187927246,
    -0.0058572292327880859,
    0,
    0,
    0,
    -0.9999997615814209,
    -0.00099999981466680765,
    0,
    0,
    -1,
    0
  ],
  "motionQuality" : 0.88848209381103516,
  "cameraGrain" : 0
}