{
  "motionQuality" : 0.90632021427154541,
  "projectionMatrix" : [
    1.5531426668167114,
    0,
    -0.0059840679168701172,
    0,
    0,
    2.0708568096160889,
    -0.0042347908020019531,
    0,
    0,
    0,
    -0.9999997615814209,
    -0.00099999981466680765,
    0,
    0,
    -1,
    0
  ],
  "time" : 918629.08216137521,
  "averageAngularVelocity" : 0.32787925004959106,
  "exposureDuration" : 0.01666666753590107,
  "averageVelocity" : 0.08673318475484848,
  "frame_index" : 56,
  "intrinsics" : [
    1491.0169677734375,
    0,
    965.24468994140625,
    0,
    1491.0169677734375,
    716.45098876953125,
    0,
    0,
    1
  ],
  "cameraGrain" : 0,
  "cameraPoseARFrame" : [
    0.11165369302034378,
    0.97719484567642212,
    0.18061918020248413,
    -0.0022551370784640312,
    -0.88770300149917603,
    0.016381517052650452,
    0.46012499928474426,
    0.33085399866104126,
    0.44667297601699829,
    -0.21171090006828308,
    0.86928796768188477,
    0.14381103217601776,
    0,
    0,
    0,
    0.99999988079071045
  ]
}