{
  "averageAngularVelocity" : 0.43806657195091248,
  "cameraGrain" : 0,
  "averageVelocity" : 0.097309418022632599,
  "time" : 918646.91557112522,
  "exposureDuration" : 0.01666666753590107,
  "motionQuality" : 0.87483811378479004,
  "cameraPoseARFrame" : [
    -0.81087738275527954,
    -0.32201170921325684,
    -0.48865744471549988,
    -0.17172123491764069,
    -0.51581931114196777,
    -0.0011333629954606295,
    0.85669666528701782,
    0.4457891583442688,
    -0.27642008662223816,
    0.94673490524291992,
    -0.16518078744411469,
    -0.094665929675102234,
    0,
    0,
    0,
    0.99999994039535522
  ],
  "projectionMatrix" : [
    1.5211106538772583,
    0,
    -0.005514979362487793,
    0,
    0,
    2.0281474590301514,
    -0.0046540498733520508,
    0,
    0,
    0,
    -0.9999997615814209,
    -0.00099999981466680765,
    0,
    0,
    -1,
    0
  ],
  "frame_index" : 90,
  "intrinsics" : [
    1460.2662353515625,
    0,
    964.79443359375,
    0,
    1460.2662353515625,
    716.14910888671875,
    0,
    0,
    1
  ]
}