{
  "motionQuality" : 0.99108749628067017,
  "projectionMatrix" : [
    1.5135378837585449,
    0,
    -0.00073838233947753906,
    0,
    0,
    2.0180504322052002,
    -0.0045102834701538086,
    0,
    0,
    0,
    -0.9999997615814209,
    -0.00099999981466680765,
    0,
    0,
    -1,
    0
  ],
  "time" : 918623.83174308355,
  "averageAngularVelocity" : 0,
  "exposureDuration" : 0.01666666753590107,
  "averageVelocity" : 0.023649368435144424,
  "frame_index" : 46,
  "intrinsics" : [
    1452.996337890625,
    0,
    960.20880126953125,
    0,
    1452.996337890625,
    716.25262451171875,
    0,
    0,
    1
  ],
  "cameraGrain" : 0.01995369978249073,
  "cameraPoseARFrame" : [
    0.19525820016860962,
    0.98051822185516357,
    -0.021401843056082726,
    -0.0073496936820447445,
    -0.015949305146932602,
    0.024993583559989929,
    0.99956041574478149,
    0.50669175386428833,
    0.9806220531463623,
    -0.19483102858066559,
    0.020518787205219269,
    0.040441215038299561,
    0,
    0,
    0,
    0.99999994039535522
  ]
}