{
  "time" : 918630.14672391687,
  "projectionMatrix" : [
    1.5475815534591675,
    0,
    -0.0073369741439819336,
    0,
    0,
    2.0634422302246094,
    -0.0047591924667358398,
    0,
    0,
    0,
    -0.9999997615814209,
    -0.00099999981466680765,
    0,
    0,
    -1,
    0
  ],
  "cameraPoseARFrame" : [
    0.087921291589736938,
    0.9545292854309082,
    0.28485658764839172,
    0.02108493261039257,
    -0.95163899660110474,
    -0.0040191737934947014,
    0.30719229578971863,
    0.27373963594436646,
    0.29436895251274109,
    -0.29808944463729858,
    0.90801405906677246,
    0.16451945900917053,
    0,
    0,
    0,
    0.99999994039535522
  ],
  "averageAngularVelocity" : 0.17346827685832977,
  "exposureDuration" : 0.01666666753590107,
  "averageVelocity" : 0.054399784654378891,
  "frame_index" : 58,
  "intrinsics" : [
    1485.6783447265625,
    0,
    966.54351806640625,
    0,
    1485.6783447265625,
    716.0733642578125,
    0,
    0,
    1
  ],
  "cameraGrain" : 0,
  "motionQuality" : 0.95043766498565674
}