{
  "motionQuality" : 0.93091452121734619,
  "averageAngularVelocity" : 0.24179907143115997,
  "cameraPoseARFrame" : [
    0.22941944003105164,
    -0.97279757261276245,
    0.032114677131175995,
    0.018154619261622429,
    -0.20548884570598602,
    -0.016157614067196846,
    0.97852605581283569,
    0.4521830677986145,
    -0.95138895511627197,
    -0.23109200596809387,
    -0.20360592007637024,
    -0.077359899878501892,
    0,
    0,
    0,
    0.99999994039535522
  ],
  "intrinsics" : [
    1468.4654541015625,
    0,
    962.11578369140625,
    0,
    1468.4654541015625,
    716.2841796875,
    0,
    0,
    1
  ],
  "projectionMatrix" : [
    1.5296515226364136,
    0,
    -0.002724766731262207,
    0,
    0,
    2.0395352840423584,
    -0.0044664144515991211,
    0,
    0,
    0,
    -0.9999997615814209,
    -0.00099999981466680765,
    0,
    0,
    -1,
    0
  ],
  "frame_index" : 75,
  "averageVelocity" : 0.030612969771027565,
  "cameraGrain" : 0.014044788666069508,
  "time" : 918639.1159407919,
  "exposureDuration" : 0.01666666753590107
}