{
  "time" : 918628.58028187521,
  "projectionMatrix" : [
    1.5628188848495483,
    0,
    -0.0046814680099487305,
    0,
    0,
    2.0837585926055908,
    -0.0041221380233764648,
    0,
    0,
    0,
    -0.9999997615814209,
    -0.00099999981466680765,
    0,
    0,
    -1,
    0
  ],
  "motionQuality" : 0.82805156707763672,
  "averageAngularVelocity" : 0.60181951522827148,
  "exposureDuration" : 0.01666666753590107,
  "averageVelocity" : 0.085519865155220032,
  "frame_index" : 55,
  "intrinsics" : [
    1500.30615234375,
    0,
    963.99420166015625,
    0,
    1500.30615234375,
    716.53204345703125,
    0,
    0,
    1
  ],
  "cameraGrain" : 0,
  "cameraPoseARFrame" : [
    0.13830766081809998,
    0.98581844568252563,
    0.095040507614612579,
    -0.0063899671658873558,
    -0.73525840044021606,
    0.037913165986537933,
    0.67672568559646606,
    0.35285264253616333,
    0.66352540254592896,
    -0.16347572207450867,
    0.73007506132125854,
    0.1052064523100853,
    0,
    0,
    0,
    0.99999988079071045
  ]
}