{
  "cameraPoseARFrame" : [
    -0.29003340005874634,
    -0.54952400922775269,
    -0.7835201621055603,
    -0.20031306147575378,
    -0.9196465015411377,
    -0.066515259444713593,
    0.38707360625267029,
    0.36425119638442993,
    -0.26482221484184265,
    0.83282595872879028,
    -0.48607617616653442,
    -0.16120201349258423,
    0,
    0,
    0,
    0.99999994039535522
  ],
  "time" : 918644.84705408348,
  "motionQuality" : 0.8339235782623291,
  "averageAngularVelocity" : 0.5812675952911377,
  "cameraGrain" : 0,
  "exposureDuration" : 0.01666666753590107,
  "averageVelocity" : 0.097685374319553375,
  "projectionMatrix" : [
    1.5129401683807373,
    0,
    -0.0073744058609008789,
    0,
    0,
    2.0172536373138428,
    -0.0052735805511474609,
    0,
    0,
    0,
    -0.9999997615814209,
    -0.00099999981466680765,
    0,
    0,
    -1,
    0
  ],
  "intrinsics" : [
    1452.422607421875,
    0,
    966.5794677734375,
    0,
    1452.422607421875,
    715.70306396484375,
    0,
    0,
    1
  ],
  "frame_index" : 86
}