{
  "exposureDuration" : 0.01666666753590107,
  "frame_index" : 8,
  "averageVelocity" : 0,
  "averageAngularVelocity" : 0.24445497989654541,
  "projectionMatrix" : [
    1.5644879341125488,
    0,
    -0.0077790021896362305,
    0,
    0,
    2.0859839916229248,
    -0.0055868625640869141,
    0,
    0,
    0,
    -0.9999997615814209,
    -0.00099999981466680765,
    0,
    0,
    -1,
    0
  ],
  "time" : 918603.86281758349,
  "intrinsics" : [
    1501.908447265625,
    0,
    966.96783447265625,
    0,
    1501.908447265625,
    715.4774169921875,
    0,
    0,
    1
  ],
  "motionQuality" : 0.93015569448471069,
  "cameraGrain" : 0.00261655542999506,
  "cameraPoseARFrame" : [
    0.16215218603610992,
    0.50702369213104248,
    0.84654206037521362,
    0.12271250784397125,
    -0.96347880363464355,
    -0.10392573475837708,
    0.24679581820964813,
    0.25925379991531372,
    0.21310880780220032,
    -0.85564374923706055,
    0.47165471315383911,
    0.055554412305355072,
    0,
    0,
    0,
    0.99999994039535522
  ]
}