{
  "time" : 918645.84984433348,
  "exposureDuration" : 0.01666666753590107,
  "averageVelocity" : 0.04962288960814476,
  "motionQuality" : 0.90948754549026489,
  "projectionMatrix" : [
    1.5126175880432129,
    0,
    -0.0073324441909790039,
    0,
    0,
    2.0168235301971436,
    -0.0053641796112060547,
    0,
    0,
    0,
    -0.9999997615814209,
    -0.00099999981466680765,
    0,
    0,
    -1,
    0
  ],
  "cameraGrain" : 0.020447541028261185,
  "cameraPoseARFrame" : [
    -0.43897879123687744,
    -0.3328002393245697,
    -0.83459055423736572,
    -0.2422230988740921,
    -0.87688416242599487,
    -0.043824668973684311,
    0.47869986295700073,
    0.36233979463577271,
    -0.19588698446750641,
    0.9419783353805542,
    -0.2725890576839447,
    -0.13182258605957031,
    0,
    0,
    0,
    0.99999994039535522
  ],
  "intrinsics" : [
    1452.1129150390625,
    0,
    966.53912353515625,
    0,
    1452.1129150390625,
    715.6378173828125,
    0,
    0,
    1
  ],
  "frame_index" : 88,
  "averageAngularVelocity" : 0.31679356098175049
}