{
  "time" : 918624.34675370855,
  "projectionMatrix" : [
    1.5146611928939819,
    0,
    -0.00065207481384277344,
    0,
    0,
    2.0195481777191162,
    -0.004426121711730957,
    0,
    0,
    0,
    -0.9999997615814209,
    -0.00099999981466680765,
    0,
    0,
    -1,
    0
  ],
  "motionQuality" : 0.98920714855194092,
  "averageAngularVelocity" : 0.03777492418885231,
  "exposureDuration" : 0.01666666753590107,
  "averageVelocity" : 0.029285900294780731,
  "frame_index" : 47,
  "intrinsics" : [
    1454.07470703125,
    0,
    960.12603759765625,
    0,
    1454.07470703125,
    716.313232421875,
    0,
    0,
    1
  ],
  "cameraGrain" : 0.017901992425322533,
  "cameraPoseARFrame" : [
    0.1964503675699234,
    0.98037755489349365,
    -0.0163310207426548,
    -0.009115719236433506,
    -0.027209797874093056,
    0.022100010886788368,
    0.99938541650772095,
    0.50530296564102173,
    0.98013609647750854,
    -0.19588534533977509,
    0.03101743757724762,
    0.030089441686868668,
    0,
    0,
    0,
    0.99999994039535522
  ]
}