{
  "motionQuality" : 0.90743762254714966,
  "intrinsics" : [
    1482.5308837890625,
    0,
    966.6942138671875,
    0,
    1482.5308837890625,
    715.3323974609375,
    0,
    0,
    1
  ],
  "projectionMatrix" : [
    1.5443030595779419,
    0,
    -0.0074939727783203125,
    0,
    0,
    2.0590705871582031,
    -0.0057883262634277344,
    0,
    0,
    0,
    -0.9999997615814209,
    -0.00099999981466680765,
    0,
    0,
    -1,
    0
  ],
  "cameraGrain" : 0.00077084131771698594,
  "exposureDuration" : 0.01666666753590107,
  "cameraPoseARFrame" : [
    0.33279994130134583,
    -0.23769606649875641,
    0.91254842281341553,
    0.17004847526550293,
    -0.9429706335067749,
    -0.091176837682723999,
    0.32014542818069458,
    0.30155426263809204,
    0.0071059456095099449,
    -0.96705073118209839,
    -0.2544841468334198,
    -0.076737113296985626,
    0,
    0,
    0,
    0.99999994039535522
  ],
  "time" : 918634.8817385002,
  "frame_index" : 67,
  "averageVelocity" : 0,
  "averageAngularVelocity" : 0.32396835088729858
}