{
  "projectionMatrix" : [
    1.5390726327896118,
    0,
    -0.0075876712799072266,
    0,
    0,
    2.0520968437194824,
    -0.005133509635925293,
    0,
    0,
    0,
    -0.9999997615814209,
    -0.00099999981466680765,
    0,
    0,
    -1,
    0
  ],
  "frame_index" : 64,
  "intrinsics" : [
    1477.509765625,
    0,
    966.78411865234375,
    0,
    1477.509765625,
    715.80389404296875,
    0,
    0,
    1
  ],
  "time" : 918633.3145724585,
  "motionQuality" : 0.91724628210067749,
  "cameraPoseARFrame" : [
    0.26202517747879028,
    0.38270688056945801,
    0.88593345880508423,
    0.15211059153079987,
    -0.94856828451156616,
    -0.066858880221843719,
    0.30943197011947632,
    0.28973990678787231,
    0.17765429615974426,
    -0.9214472770690918,
    0.34550490975379944,
    0.066854923963546753,
    0,
    0,
    0,
    0.99999994039535522
  ],
  "averageAngularVelocity" : 0.28963804244995117,
  "averageVelocity" : 0.096658967435359955,
  "exposureDuration" : 0.01666666753590107,
  "cameraGrain" : 0.0086090629920363426
}