{
  "time" : 918624.88180537522,
  "projectionMatrix" : [
    1.518596887588501,
    0,
    -0.0006427764892578125,
    0,
    0,
    2.0247957706451416,
    -0.0043544769287109375,
    0,
    0,
    0,
    -0.9999997615814209,
    -0.00099999981466680765,
    0,
    0,
    -1,
    0
  ],
  "motionQuality" : 0.96135449409484863,
  "averageAngularVelocity" : 0.13525933027267456,
  "exposureDuration" : 0.01666666753590107,
  "averageVelocity" : 0,
  "frame_index" : 48,
  "intrinsics" : [
    1457.85302734375,
    0,
    960.1170654296875,
    0,
    1457.85302734375,
    716.36480712890625,
    0,
    0,
    1
  ],
  "cameraGrain" : 0.015218134969472885,
  "cameraPoseARFrame" : [
    0.20345120131969452,
    0.9790729284286499,
    -0.0048571913503110409,
    -0.0071340291760861874,
    -0.05096513032913208,
    0.01554450485855341,
    0.99857944250106812,
    0.48361378908157349,
    0.97775769233703613,
    -0.20291468501091003,
    0.05306113138794899,
    0.019145539030432701,
    0,
    0,
    0,
    0.99999994039535522
  ]
}