{
  "time" : 918628.04839016683,
  "projectionMatrix" : [
    1.562882661819458,
    0,
    -0.0033899545669555664,
    0,
    0,
    2.083843469619751,
    -0.0041757822036743164,
    0,
    0,
    0,
    -0.9999997615814209,
    -0.00099999981466680765,
    0,
    0,
    -1,
    0
  ],
  "cameraPoseARFrame" : [
    0.19078220427036285,
    0.97941416501998901,
    0.065952412784099579,
    -0.0072224228642880917,
    -0.57505619525909424,
    0.057059939950704575,
    0.81612169742584229,
    0.3815801739692688,
    0.79555791616439819,
    -0.19362792372703552,
    0.57410424947738647,
    0.06829235702753067,
    0,
    0,
    0,
    0.99999994039535522
  ],
  "averageAngularVelocity" : 0.17871224880218506,
  "exposureDuration" : 0.01666666753590107,
  "averageVelocity" : 0.086601749062538147,
  "frame_index" : 54,
  "intrinsics" : [
    1500.3673095703125,
    0,
    962.75433349609375,
    0,
    1500.3673095703125,
    716.49346923828125,
    0,
    0,
    1
  ],
  "cameraGrain" : 0.014049965888261795,
  "motionQuality" : 0.94893938302993774
}