{
  "projectionMatrix" : [
    1.5546168088912964,
    0,
    -0.0010657310485839844,
    0,
    0,
    2.0728223323822021,
    -0.0043528079986572266,
    0,
    0,
    0,
    -0.9999997615814209,
    -0.00099999981466680765,
    0,
    0,
    -1,
    0
  ],
  "time" : 918650.05008054187,
  "averageAngularVelocity" : 0,
  "frame_index" : 96,
  "exposureDuration" : 0.01666666753590107,
  "motionQuality" : 0.98489195108413696,
  "intrinsics" : [
    1492.43212890625,
    0,
    960.5230712890625,
    0,
    1492.43212890625,
    716.365966796875,
    0,
    0,
    1
  ],
  "cameraPoseARFrame" : [
    -0.90384864807128906,
    -0.42206346988677979,
    -0.070141240954399109,
    -0.056921076029539108,
    -0.095572717487812042,
    0.039372619241476059,
    0.99464350938796997,
    0.40485769510269165,
    -0.41704097390174866,
    0.90571087598800659,
    -0.075924642384052277,
    -0.056004326790571213,
    0,
    0,
    0,
    0.99999994039535522
  ],
  "averageVelocity" : 0.011048740707337856,
  "cameraGrain" : 0.036125455051660538
}