{
  "cameraGrain" : 0,
  "exposureDuration" : 0.01666666753590107,
  "averageVelocity" : 0.1065521314740181,
  "cameraPoseARFrame" : [
    -0.23265539109706879,
    0.17165033519268036,
    -0.95729178190231323,
    -0.25187936425209045,
    -0.97167128324508667,
    -0.083077378571033478,
    0.2212536484003067,
    0.27369290590286255,
    -0.041551008820533752,
    0.98164862394332886,
    0.18611612915992737,
    0.023098571226000786,
    0,
    0,
    0,
    0.99999994039535522
  ],
  "projectionMatrix" : [
    1.5355870723724365,
    0,
    -0.0076559782028198242,
    0,
    0,
    2.0474493503570557,
    -0.0051720142364501953,
    0,
    0,
    0,
    -0.9999997615814209,
    -0.00099999981466680765,
    0,
    0,
    -1,
    0
  ],
  "averageAngularVelocity" : 0.303476482629776,
  "intrinsics" : [
    1474.16357421875,
    0,
    966.8497314453125,
    0,
    1474.16357421875,
    715.776123046875,
    0,
    0,
    1
  ],
  "time" : 918615.4628406252,
  "frame_index" : 30,
  "motionQuality" : 0.91329240798950195
}