{
  "exposureDuration" : 0.01666666753590107,
  "time" : 918637.54801404185,
  "cameraPoseARFrame" : [
    0.23672230541706085,
    -0.94156450033187866,
    0.2396218329668045,
    0.045336484909057617,
    -0.66423964500427246,
    0.023148465901613235,
    0.74716126918792725,
    0.43199306726455688,
    -0.70904743671417236,
    -0.33603587746620178,
    -0.61994469165802002,
    -0.17881184816360474,
    0,
    0,
    0,
    0.99999994039535522
  ],
  "cameraGrain" : 0.015218134969472885,
  "intrinsics" : [
    1460.72509765625,
    0,
    965.30328369140625,
    0,
    1460.72509765625,
    716.16424560546875,
    0,
    0,
    1
  ],
  "averageVelocity" : 0,
  "projectionMatrix" : [
    1.5215886831283569,
    0,
    -0.0060451030731201172,
    0,
    0,
    2.0287847518920898,
    -0.0046329498291015625,
    0,
    0,
    0,
    -0.9999997615814209,
    -0.00099999981466680765,
    0,
    0,
    -1,
    0
  ],
  "frame_index" : 72,
  "motionQuality" : 0.93167102336883545,
  "averageAngularVelocity" : 0.23915152251720428
}