{
  "frame_index" : 15,
  "projectionMatrix" : [
    1.5483185052871704,
    0,
    -0.0077846050262451172,
    0,
    0,
    2.0644247531890869,
    -0.0051770210266113281,
    0,
    0,
    0,
    -0.9999997615814209,
    -0.00099999981466680765,
    0,
    0,
    -1,
    0
  ],
  "cameraPoseARFrame" : [
    0.13949011266231537,
    -0.90043103694915771,
    0.4120267927646637,
    0.070384293794631958,
    -0.97279906272888184,
    -0.046895183622837067,
    0.22685402631759644,
    0.28126555681228638,
    -0.18494436144828796,
    -0.43246310949325562,
    -0.8824799656867981,
    -0.1976131796836853,
    0,
    0,
    0,
    0.99999994039535522
  ],
  "exposureDuration" : 0.01666666753590107,
  "averageAngularVelocity" : 0.38379201292991638,
  "time" : 918607.56422554189,
  "intrinsics" : [
    1486.3857421875,
    0,
    966.9732666015625,
    0,
    1486.3857421875,
    715.77252197265625,
    0,
    0,
    1
  ],
  "motionQuality" : 0.89034515619277954,
  "averageVelocity" : 0.11665202677249908,
  "cameraGrain" : 0
}