{
  "cameraPoseARFrame" : [
    0.18496780097484589,
    0.7292976975440979,
    0.65871959924697876,
    0.11359620094299316,
    -0.94985049962997437,
    -0.039297666400671005,
    0.31022530794143677,
    0.28773170709609985,
    0.25213277339935303,
    -0.68306684494018555,
    0.68545502424240112,
    0.13263532519340515,
    0,
    0,
    0,
    0.99999994039535522
  ],
  "projectionMatrix" : [
    1.5446974039077759,
    0,
    -0.0075962543487548828,
    0,
    0,
    2.0595965385437012,
    -0.0050489902496337891,
    0,
    0,
    0,
    -0.9999997615814209,
    -0.00099999981466680765,
    0,
    0,
    -1,
    0
  ],
  "time" : 918632.28076104191,
  "averageAngularVelocity" : 0.50673794746398926,
  "exposureDuration" : 0.01666666753590107,
  "averageVelocity" : 0,
  "frame_index" : 62,
  "intrinsics" : [
    1482.9095458984375,
    0,
    966.79241943359375,
    0,
    1482.9095458984375,
    715.86474609375,
    0,
    0,
    1
  ],
  "cameraGrain" : 0,
  "motionQuality" : 0.85521769523620605
}