{
  "time" : 918641.18285470852,
  "projectionMatrix" : [
    1.5245842933654785,
    0,
    -0.001644134521484375,
    0,
    0,
    2.0327792167663574,
    -0.0043921470642089844,
    0,
    0,
    0,
    -0.9999997615814209,
    -0.00099999981466680765,
    0,
    0,
    -1,
    0
  ],
  "averageVelocity" : 0.11041460186243057,
  "averageAngularVelocity" : 0.60632848739624023,
  "motionQuality" : 0.82676327228546143,
  "exposureDuration" : 0.01666666753590107,
  "cameraPoseARFrame" : [
    0.12888559699058533,
    -0.9889100193977356,
    0.073791198432445526,
    0.016360001638531685,
    -0.37152305245399475,
    0.02083934098482132,
    0.92818987369537354,
    0.46413356065750122,
    -0.9194340705871582,
    -0.14704534411430359,
    -0.364717036485672,
    -0.099104657769203186,
    0,
    0,
    0,
    0.99999994039535522
  ],
  "intrinsics" : [
    1463.6009521484375,
    0,
    961.078369140625,
    0,
    1463.6009521484375,
    716.337646484375,
    0,
    0,
    1
  ],
  "cameraGrain" : 0.011860983446240425,
  "frame_index" : 79
}