{
  "projectionMatrix" : [
    1.5651055574417114,
    0,
    -0.0077244043350219727,
    0,
    0,
    2.0868074893951416,
    -0.0058462619781494141,
    0,
    0,
    0,
    -0.9999997615814209,
    -0.00099999981466680765,
    0,
    0,
    -1,
    0
  ],
  "time" : 918604.36362120858,
  "exposureDuration" : 0.01666666753590107,
  "intrinsics" : [
    1502.5013427734375,
    0,
    966.9154052734375,
    0,
    1502.5013427734375,
    715.29071044921875,
    0,
    0,
    1
  ],
  "motionQuality" : 0.84139168262481689,
  "cameraPoseARFrame" : [
    0.2295641303062439,
    0.31390616297721863,
    0.92128342390060425,
    0.13206747174263,
    -0.95823895931243896,
    -0.09294687956571579,
    0.27044215798377991,
    0.27157741785049438,
    0.17052385210990906,
    -0.94489341974258423,
    0.27945974469184875,
    0.026918258517980576,
    0,
    0,
    0,
    0.99999988079071045
  ],
  "averageAngularVelocity" : 0.55512905120849609,
  "cameraGrain" : 0.014917646534740925,
  "frame_index" : 9,
  "averageVelocity" : 0.044860843569040298
}