{
  "time" : 918625.94854470855,
  "projectionMatrix" : [
    1.5625957250595093,
    0,
    -0.0010297298431396484,
    0,
    0,
    2.0834610462188721,
    -0.0045872926712036133,
    0,
    0,
    0,
    -0.9999997615814209,
    -0.00099999981466680765,
    0,
    0,
    -1,
    0
  ],
  "motionQuality" : 0.9763634204864502,
  "averageAngularVelocity" : 0.08272794634103775,
  "exposureDuration" : 0.01666666753590107,
  "averageVelocity" : 0.015061016194522381,
  "frame_index" : 50,
  "intrinsics" : [
    1500.0919189453125,
    0,
    960.48858642578125,
    0,
    1500.0919189453125,
    716.1971435546875,
    0,
    0,
    1
  ],
  "cameraGrain" : 0,
  "cameraPoseARFrame" : [
    0.1695358008146286,
    0.98549401760101318,
    -0.0076742139644920826,
    -0.015448457561433315,
    -0.12248320877552032,
    0.028796233236789703,
    0.99205273389816284,
    0.3842962384223938,
    0.97788304090499878,
    -0.16724853217601776,
    0.12558846175670624,
    0.0012755674542859197,
    0,
    0,
    0,
    0.99999988079071045
  ]
}