{
  "frame_index" : 16,
  "projectionMatrix" : [
    1.5472429990768433,
    0,
    -0.0077698230743408203,
    0,
    0,
    2.062990665435791,
    -0.0053011178970336914,
    0,
    0,
    0,
    -0.9999997615814209,
    -0.00099999981466680765,
    0,
    0,
    -1,
    0
  ],
  "cameraPoseARFrame" : [
    0.13601015508174896,
    -0.95614582300186157,
    0.25939571857452393,
    0.027660457417368889,
    -0.96518802642822266,
    -0.068839550018310547,
    0.25233542919158936,
    0.2838025689125061,
    -0.22341281175613403,
    -0.28468573093414307,
    -0.93222343921661377,
    -0.20911958813667297,
    0,
    0,
    0,
    0.99999994039535522
  ],
  "exposureDuration" : 0.01666666753590107,
  "averageAngularVelocity" : 0.52253502607345581,
  "time" : 918608.09739829192,
  "intrinsics" : [
    1485.353271484375,
    0,
    966.958984375,
    0,
    1485.353271484375,
    715.6832275390625,
    0,
    0,
    1
  ],
  "motionQuality" : 0.85070431232452393,
  "averageVelocity" : 0,
  "cameraGrain" : 0
}