{
  "time" : 918644.34628879186,
  "cameraPoseARFrame" : [
    -0.2344144880771637,
    -0.72381311655044556,
    -0.64895623922348022,
    -0.18595866858959198,
    -0.91467779874801636,
    -0.061882544308900833,
    0.39941856265068054,
    0.36525136232376099,
    -0.32926341891288757,
    0.68721532821655273,
    -0.64754956960678101,
    -0.1941240131855011,
    0,
    0,
    0,
    0.99999994039535522
  ],
  "motionQuality" : 0.90698599815368652,
  "averageAngularVelocity" : 0.32554909586906433,
  "cameraGrain" : 0.04930572584271431,
  "exposureDuration" : 0.01666666753590107,
  "averageVelocity" : 0.10412521660327911,
  "projectionMatrix" : [
    1.5123188495635986,
    0,
    -0.0074318647384643555,
    0,
    0,
    2.0164251327514648,
    -0.0052541494369506836,
    0,
    0,
    0,
    -0.9999997615814209,
    -0.00099999981466680765,
    0,
    0,
    -1,
    0
  ],
  "intrinsics" : [
    1451.8260498046875,
    0,
    966.6346435546875,
    0,
    1451.8260498046875,
    715.71697998046875,
    0,
    0,
    1
  ],
  "frame_index" : 85
}