{
  "motionQuality" : 0.93467980623245239,
  "cameraPoseARFrame" : [
    -0.76028537750244141,
    -0.32127854228019714,
    -0.56457614898681641,
    -0.11555832624435425,
    -0.59428638219833374,
    -0.0069045736454427242,
    0.80422377586364746,
    0.28156012296676636,
    -0.26227807998657227,
    0.94695949554443359,
    -0.18568208813667297,
    -0.068473905324935913,
    0,
    0,
    0,
    1
  ],
  "projectionMatrix" : [
    1.522743821144104,
    0,
    -0.0057699680328369141,
    0,
    0,
    2.030325174331665,
    -0.0029639005661010742,
    0,
    0,
    0,
    -0.9999997615814209,
    -0.00099999981466680765,
    0,
    0,
    -1,
    0
  ],
  "intrinsics" : [
    1461.8341064453125,
    0,
    965.0391845703125,
    0,
    1461.8341064453125,
    717.36602783203125,
    0,
    0,
    1
  ],
  "frame_index" : 23,
  "averageVelocity" : 0.065766528248786926,
  "time" : 297745.6367744584,
  "averageAngularVelocity" : 0.22862069308757782,
  "cameraGrain" : 0,
  "exposureDuration" : 0.01666666753590107
}