{
  "cameraPoseARFrame" : [
    0.3588005006313324,
    0.88644868135452271,
    0.29235368967056274,
    0.10621161013841629,
    -0.61544710397720337,
    -0.010809751227498055,
    0.78810387849807739,
    0.21573300659656525,
    0.70177412033081055,
    -0.4627002477645874,
    0.54168391227722168,
    0.1308845728635788,
    0,
    0,
    0,
    0.99999988079071045
  ],
  "motionQuality" : 0.9751659631729126,
  "averageVelocity" : 0,
  "projectionMatrix" : [
    1.5437295436859131,
    0,
    -0.0054870843887329102,
    0,
    0,
    2.0583059787750244,
    -0.0033173561096191406,
    0,
    0,
    0,
    -0.9999997615814209,
    -0.00099999981466680765,
    0,
    0,
    -1,
    0
  ],
  "time" : 297734.03594254173,
  "averageAngularVelocity" : 0.086919113993644714,
  "exposureDuration" : 0.01666666753590107,
  "frame_index" : 1,
  "intrinsics" : [
    1481.9803466796875,
    0,
    964.76763916015625,
    0,
    1481.9803466796875,
    717.11151123046875,
    0,
    0,
    1
  ],
  "cameraGrain" : 0
}