{
  "cameraGrain" : 0,
  "frame_index" : 20,
  "exposureDuration" : 0.01666666753590107,
  "averageAngularVelocity" : 0.19618904590606689,
  "time" : 297744.06987812504,
  "intrinsics" : [
    1462.95068359375,
    0,
    965.210205078125,
    0,
    1462.95068359375,
    717.4818115234375,
    0,
    0,
    1
  ],
  "motionQuality" : 0.94394600391387939,
  "cameraPoseARFrame" : [
    -0.3631705641746521,
    -0.8970034122467041,
    -0.25197601318359375,
    -0.032471694052219391,
    -0.6110532283782959,
    0.025145525112748146,
    0.79118990898132324,
    0.2701353132724762,
    -0.70336413383483887,
    0.44130757451057434,
    -0.55724900960922241,
    -0.11158254742622375,
    0,
    0,
    0,
    0.99999994039535522
  ],
  "averageVelocity" : 0,
  "projectionMatrix" : [
    1.523906946182251,
    0,
    -0.005948185920715332,
    0,
    0,
    2.0318758487701416,
    -0.0028030872344970703,
    0,
    0,
    0,
    -0.9999997615814209,
    -0.00099999981466680765,
    0,
    0,
    -1,
    0
  ]
}