{
  "frame_index" : 27,
  "averageAngularVelocity" : 0.17521949112415314,
  "exposureDuration" : 0.01666666753590107,
  "projectionMatrix" : [
    1.5198996067047119,
    0,
    -0.0056914091110229492,
    0,
    0,
    2.0265328884124756,
    -0.0029069185256958008,
    0,
    0,
    0,
    -0.9999997615814209,
    -0.00099999981466680765,
    0,
    0,
    -1,
    0
  ],
  "intrinsics" : [
    1459.1036376953125,
    0,
    964.96380615234375,
    0,
    1459.1036376953125,
    717.40704345703125,
    0,
    0,
    1
  ],
  "motionQuality" : 0.94993728399276733,
  "cameraPoseARFrame" : [
    -0.72259455919265747,
    0.38884809613227844,
    -0.57153671979904175,
    -0.16018366813659668,
    -0.61459046602249146,
    0.017098790034651756,
    0.78866082429885864,
    0.30556085705757141,
    0.3164418637752533,
    0.9211430549621582,
    0.22662687301635742,
    0.044768564403057098,
    0,
    0,
    0,
    0.99999988079071045
  ],
  "averageVelocity" : 0,
  "cameraGrain" : 0.0013904026709496975,
  "time" : 297747.76883241674
}