{
  "frame_index" : 13,
  "cameraGrain" : 0,
  "averageAngularVelocity" : 0.15591643750667572,
  "projectionMatrix" : [
    1.5275081396102905,
    0,
    -0.0060750246047973633,
    0,
    0,
    2.0366775989532471,
    -0.0034208297729492188,
    0,
    0,
    0,
    -0.9999997615814209,
    -0.00099999981466680765,
    0,
    0,
    -1,
    0
  ],
  "motionQuality" : 0.95545244216918945,
  "intrinsics" : [
    1466.4078369140625,
    0,
    965.33203125,
    0,
    1466.4078369140625,
    717.0369873046875,
    0,
    0,
    1
  ],
  "cameraPoseARFrame" : [
    0.73040324449539185,
    -0.30075737833976746,
    0.61323410272598267,
    0.1709531843662262,
    -0.65008127689361572,
    -0.030677976086735725,
    0.75924497842788696,
    0.25266754627227783,
    -0.20953574776649475,
    -0.95320701599121094,
    -0.21792405843734741,
    -0.030440900474786758,
    0,
    0,
    0,
    0.99999994039535522
  ],
  "exposureDuration" : 0.01666666753590107,
  "averageVelocity" : 0,
  "time" : 297740.36993354175
}