{
  "cameraPoseARFrame" : [
    0.35325169563293457,
    0.88966792821884155,
    0.289316326379776,
    0.11137522757053375,
    -0.61995130777359009,
    -0.0089869434013962746,
    0.7845885157585144,
    0.21743302047252655,
    0.70062351226806641,
    -0.45651921629905701,
    0.54837632179260254,
    0.1346999853849411,
    0,
    0,
    0,
    0.99999994039535522
  ],
  "motionQuality" : 0.99290883541107178,
  "averageVelocity" : 0.0059027480892837048,
  "projectionMatrix" : [
    1.5400764942169189,
    0,
    -0.0055649280548095703,
    0,
    0,
    2.0534353256225586,
    -0.0032141208648681641,
    0,
    0,
    0,
    -0.9999997615814209,
    -0.00099999981466680765,
    0,
    0,
    -1,
    0
  ],
  "time" : 297734.56912854174,
  "averageAngularVelocity" : 0.024819167330861092,
  "exposureDuration" : 0.01666666753590107,
  "frame_index" : 2,
  "intrinsics" : [
    1478.473388671875,
    0,
    964.84228515625,
    0,
    1478.473388671875,
    717.18585205078125,
    0,
    0,
    1
  ],
  "cameraGrain" : 0
}