{
  "projectionMatrix" : [
    1.5401283502578735,
    0,
    -0.0056477785110473633,
    0,
    0,
    2.053504467010498,
    -0.0031260251998901367,
    0,
    0,
    0,
    -0.9999997615814209,
    -0.00099999981466680765,
    0,
    0,
    -1,
    0
  ],
  "motionQuality" : 0.98307448625564575,
  "exposureDuration" : 0.01666666753590107,
  "frame_index" : 5,
  "averageVelocity" : 0.024436689913272858,
  "cameraPoseARFrame" : [
    0.37175393104553223,
    0.8766130805015564,
    0.30552962422370911,
    0.11553605645895004,
    -0.61719059944152832,
    -0.012458890676498413,
    0.78671491146087646,
    0.21613304316997528,
    0.69345122575759888,
    -0.48103430867195129,
    0.53640586137771606,
    0.13958008587360382,
    0,
    0,
    0,
    0.99999994039535522
  ],
  "time" : 297736.13610833342,
  "intrinsics" : [
    1478.523193359375,
    0,
    964.921875,
    0,
    1478.523193359375,
    717.249267578125,
    0,
    0,
    1
  ],
  "averageAngularVelocity" : 0.059239208698272705,
  "cameraGrain" : 0
}