{
  "motionQuality" : 0.94210594892501831,
  "projectionMatrix" : [
    1.5343362092971802,
    0,
    -0.0058721303939819336,
    0,
    0,
    2.0457816123962402,
    -0.0031404495239257812,
    0,
    0,
    0,
    -0.9999997615814209,
    -0.00099999981466680765,
    0,
    0,
    -1,
    0
  ],
  "exposureDuration" : 0.01666666753590107,
  "frame_index" : 8,
  "averageVelocity" : 0.11129000037908554,
  "cameraPoseARFrame" : [
    0.54137516021728516,
    0.69988095760345459,
    0.46591785550117493,
    0.15475426614284515,
    -0.64680308103561401,
    -0.0073665156960487366,
    0.76262128353118896,
    0.23511327803134918,
    0.53717637062072754,
    -0.7142212986946106,
    0.44869732856750488,
    0.10551930963993073,
    0,
    0,
    0,
    0.99999988079071045
  ],
  "time" : 297737.73628400004,
  "intrinsics" : [
    1472.9627685546875,
    0,
    965.13726806640625,
    0,
    1472.9627685546875,
    717.2388916015625,
    0,
    0,
    1
  ],
  "averageAngularVelocity" : 0.20262914896011353,
  "cameraGrain" : 0
}