{
  "motionQuality" : 0.87383639812469482,
  "projectionMatrix" : [
    1.5285638570785522,
    0,
    -0.0058511495590209961,
    0,
    0,
    2.0380849838256836,
    -0.0034201145172119141,
    0,
    0,
    0,
    -0.9999997615814209,
    -0.00099999981466680765,
    0,
    0,
    -1,
    0
  ],
  "time" : 297739.33502616675,
  "exposureDuration" : 0.01666666753590107,
  "intrinsics" : [
    1467.4212646484375,
    0,
    965.11712646484375,
    0,
    1467.4212646484375,
    717.03753662109375,
    0,
    0,
    1
  ],
  "frame_index" : 11,
  "averageVelocity" : 0.0466814786195755,
  "averageAngularVelocity" : 0.44157257676124573,
  "cameraGrain" : 0,
  "cameraPoseARFrame" : [
    0.77198517322540283,
    0.13033784925937653,
    0.62213402986526489,
    0.16625300049781799,
    -0.62321346998214722,
    -0.037387661635875702,
    0.78115725517272949,
    0.24388721585273743,
    0.12507462501525879,
    -0.99076414108276367,
    0.052365671843290329,
    0.017702553421258926,
    0,
    0,
    0,
    0.99999982118606567
  ]
}