{
  "frame_index" : 29,
  "averageAngularVelocity" : 0.31705805659294128,
  "exposureDuration" : 0.01666666753590107,
  "projectionMatrix" : [
    1.5181906223297119,
    0,
    -0.0057327747344970703,
    0,
    0,
    2.0242540836334229,
    -0.0030148029327392578,
    0,
    0,
    0,
    -0.9999997615814209,
    -0.00099999981466680765,
    0,
    0,
    -1,
    0
  ],
  "intrinsics" : [
    1457.4630126953125,
    0,
    965.00341796875,
    0,
    1457.4630126953125,
    717.329345703125,
    0,
    0,
    1
  ],
  "motionQuality" : 0.9094119668006897,
  "cameraPoseARFrame" : [
    -0.45689713954925537,
    0.80150347948074341,
    -0.38579380512237549,
    -0.12185161560773849,
    -0.6397441029548645,
    0.0052553042769432068,
    0.7685697078704834,
    0.30902311205863953,
    0.61803889274597168,
    0.59796679019927979,
    0.51035618782043457,
    0.15944334864616394,
    0,
    0,
    0,
    0.99999994039535522
  ],
  "averageVelocity" : 0,
  "cameraGrain" : 0,
  "time" : 297748.80402508337
}