{
  "motionQuality" : 0.91676098108291626,
  "projectionMatrix" : [
    1.5286275148391724,
    0,
    -0.0057418346405029297,
    0,
    0,
    2.0381700992584229,
    -0.0034036636352539062,
    0,
    0,
    0,
    -0.9999997615814209,
    -0.00099999981466680765,
    0,
    0,
    -1,
    0
  ],
  "time" : 297739.83649754175,
  "exposureDuration" : 0.01666666753590107,
  "intrinsics" : [
    1467.482421875,
    0,
    965.01214599609375,
    0,
    1467.482421875,
    717.04937744140625,
    0,
    0,
    1
  ],
  "frame_index" : 12,
  "averageVelocity" : 0,
  "averageAngularVelocity" : 0.29133665561676025,
  "cameraGrain" : 0,
  "cameraPoseARFrame" : [
    0.74521809816360474,
    -0.15127940475940704,
    0.64943397045135498,
    0.17779166996479034,
    -0.65823322534561157,
    -0.01108861155807972,
    0.75273215770721436,
    0.24831636250019073,
    -0.10667151212692261,
    -0.98842883110046387,
    -0.10784056037664413,
    -0.029329158365726471,
    0,
    0,
    0,
    0.99999994039535522
  ]
}