{
  "frame_index" : 30,
  "averageAngularVelocity" : 0.18271327018737793,
  "exposureDuration" : 0.01666666753590107,
  "projectionMatrix" : [
    1.5175533294677734,
    0,
    -0.0059624910354614258,
    0,
    0,
    2.0234043598175049,
    -0.0029785633087158203,
    0,
    0,
    0,
    -0.9999997615814209,
    -0.00099999981466680765,
    0,
    0,
    -1,
    0
  ],
  "intrinsics" : [
    1456.8511962890625,
    0,
    965.2239990234375,
    0,
    1456.8511962890625,
    717.35546875,
    0,
    0,
    1
  ],
  "motionQuality" : 0.94779622554779053,
  "cameraPoseARFrame" : [
    -0.35128515958786011,
    0.88778793811798096,
    -0.29737383127212524,
    -0.092031367123126984,
    -0.62950748205184937,
    0.011148290708661079,
    0.77691429853439331,
    0.3123304545879364,
    0.69305038452148438,
    0.46011754870414734,
    0.55495303869247437,
    0.16191467642784119,
    0,
    0,
    0,
    0.99999994039535522
  ],
  "averageVelocity" : 0,
  "cameraGrain" : 0,
  "time" : 297749.33677100006
}