{
  "frame_index" : 37,
  "intrinsics" : [
    1458.5299072265625,
    0,
    965.20050048828125,
    0,
    1458.5299072265625,
    717.23675537109375,
    0,
    0,
    1
  ],
  "averageVelocity" : 0,
  "cameraPoseARFrame" : [
    -0.0025222296826541424,
    0.99994957447052002,
    0.0097188949584960938,
    0.021204300224781036,
    -0.64559203386306763,
    -0.0090503841638565063,
    0.76362866163253784,
    0.29725471138954163,
    0.76367813348770142,
    -0.0043482896871864796,
    0.64558249711990356,
    0.1648310124874115,
    0,
    0,
    0,
    0.99999994039535522
  ],
  "projectionMatrix" : [
    1.5193020105361938,
    0,
    -0.0059380531311035156,
    0,
    0,
    2.0257360935211182,
    -0.0031434297561645508,
    0,
    0,
    0,
    -0.9999997615814209,
    -0.00099999981466680765,
    0,
    0,
    -1,
    0
  ],
  "motionQuality" : 0.99464321136474609,
  "time" : 297753.03468233341,
  "exposureDuration" : 0.01666666753590107,
  "averageAngularVelocity" : 0.018748816102743149,
  "cameraGrain" : 0
}