{
  "intrinsics" : [
    1462.4268798828125,
    0,
    965.28936767578125,
    0,
    1462.4268798828125,
    717.23699951171875,
    0,
    0,
    1
  ],
  "cameraGrain" : 0,
  "cameraPoseARFrame" : [
    0.47693267464637756,
    -0.75940561294555664,
    0.4425361156463623,
    0.13014109432697296,
    -0.68260127305984497,
    -0.0028391240630298853,
    0.73078525066375732,
    0.26899078488349915,
    -0.55370604991912842,
    -0.65061122179031372,
    -0.51972544193267822,
    -0.12885656952857971,
    0,
    0,
    0,
    0.99999994039535522
  ],
  "averageAngularVelocity" : 0.43826615810394287,
  "motionQuality" : 0.87478113174438477,
  "averageVelocity" : 0.07039187103509903,
  "exposureDuration" : 0.01666666753590107,
  "time" : 297741.43635929172,
  "projectionMatrix" : [
    1.5233613252639771,
    0,
    -0.0060305595397949219,
    0,
    0,
    2.0311484336853027,
    -0.0031430721282958984,
    0,
    0,
    0,
    -0.9999997615814209,
    -0.00099999981466680765,
    0,
    0,
    -1,
    0
  ],
  "frame_index" : 15
}