{
  "averageAngularVelocity" : 0,
  "averageVelocity" : 0.0072542764246463776,
  "intrinsics" : [
    1459.03466796875,
    0,
    965.19342041015625,
    0,
    1459.03466796875,
    717.18243408203125,
    0,
    0,
    1
  ],
  "motionQuality" : 0.99332201480865479,
  "time" : 297754.06800800009,
  "cameraGrain" : 0,
  "frame_index" : 39,
  "projectionMatrix" : [
    1.5198277235031128,
    0,
    -0.0059306621551513672,
    0,
    0,
    2.0264370441436768,
    -0.0032188892364501953,
    0,
    0,
    0,
    -0.9999997615814209,
    -0.00099999981466680765,
    0,
    0,
    -1,
    0
  ],
  "cameraPoseARFrame" : [
    0.0015755804488435388,
    0.99995505809783936,
    0.0093352878466248512,
    0.023538243025541306,
    -0.64431661367416382,
    -0.0061240936629474163,
    0.76473420858383179,
    0.29708504676818848,
    0.76475709676742554,
    -0.0072197010740637779,
    0.64427828788757324,
    0.16508711874485016,
    0,
    0,
    0,
    0.99999994039535522
  ],
  "exposureDuration" : 0.01666666753590107
}