{
  "cameraPoseARFrame" : [
    0.35385453701019287,
    0.88836735486984253,
    0.29255786538124084,
    0.10408890247344971,
    -0.6056220531463623,
    -0.020737364888191223,
    0.79548197984695435,
    0.20841054618358612,
    0.71274727582931519,
    -0.45866435766220093,
    0.53067708015441895,
    0.12699396908283234,
    0,
    0,
    0,
    0.99999988079071045
  ],
  "motionQuality" : 1,
  "averageVelocity" : 0,
  "projectionMatrix" : [
    1.5448849201202393,
    0,
    -0.0055079460144042969,
    0,
    0,
    2.0598464012145996,
    -0.003284454345703125,
    0,
    0,
    0,
    -0.9999997615814209,
    -0.00099999981466680765,
    0,
    0,
    -1,
    0
  ],
  "time" : 297733.50278825004,
  "averageAngularVelocity" : 0,
  "exposureDuration" : 0.01666666753590107,
  "frame_index" : 0,
  "intrinsics" : [
    1483.0894775390625,
    0,
    964.78765869140625,
    0,
    1483.0894775390625,
    717.13519287109375,
    0,
    0,
    1
  ],
  "cameraGrain" : 0
}