{
  "frame_index" : 19,
  "exposureDuration" : 0.01666666753590107,
  "motionQuality" : 0.91859269142150879,
  "intrinsics" : [
    1461.7462158203125,
    0,
    965.209228515625,
    0,
    1461.7462158203125,
    717.4822998046875,
    0,
    0,
    1
  ],
  "cameraPoseARFrame" : [
    -0.22974786162376404,
    -0.95886456966400146,
    -0.16671641170978546,
    0.0040771947242319584,
    -0.65304303169250488,
    0.02486853301525116,
    0.7569122314453125,
    0.27019593119621277,
    -0.72163045406341553,
    0.28277188539505005,
    -0.63189351558685303,
    -0.15036359429359436,
    0,
    0,
    0,
    1
  ],
  "time" : 297743.56880816672,
  "averageVelocity" : 0.077530406415462494,
  "projectionMatrix" : [
    1.522652268409729,
    0,
    -0.005947113037109375,
    0,
    0,
    2.030203104019165,
    -0.0028023719787597656,
    0,
    0,
    0,
    -0.9999997615814209,
    -0.00099999981466680765,
    0,
    0,
    -1,
    0
  ],
  "averageAngularVelocity" : 0.28492555022239685,
  "cameraGrain" : 0
}