{
  "motionQuality" : 0.93822360038757324,
  "projectionMatrix" : [
    1.538985013961792,
    0,
    -0.0056817531585693359,
    0,
    0,
    2.0519800186157227,
    -0.0032050609588623047,
    0,
    0,
    0,
    -0.9999997615814209,
    -0.00099999981466680765,
    0,
    0,
    -1,
    0
  ],
  "exposureDuration" : 0.01666666753590107,
  "frame_index" : 6,
  "averageVelocity" : 0.022763432934880257,
  "cameraPoseARFrame" : [
    0.42852115631103516,
    0.82253724336624146,
    0.37390092015266418,
    0.12323591858148575,
    -0.63853192329406738,
    -0.017089730128645897,
    0.76940536499023438,
    0.2214813232421875,
    0.63925462961196899,
    -0.56845414638519287,
    0.51789307594299316,
    0.13373307883739471,
    0,
    0,
    0,
    0.99999982118606567
  ],
  "time" : 297736.66947862506,
  "intrinsics" : [
    1477.4256591796875,
    0,
    964.9544677734375,
    0,
    1477.4256591796875,
    717.1923828125,
    0,
    0,
    1
  ],
  "averageAngularVelocity" : 0.21621730923652649,
  "cameraGrain" : 0
}