{
  "cameraGrain" : 0,
  "time" : 297754.56971304171,
  "averageAngularVelocity" : 0.015849735587835312,
  "motionQuality" : 0.99547147750854492,
  "frame_index" : 40,
  "projectionMatrix" : [
    1.5198237895965576,
    0,
    -0.0059497356414794922,
    0,
    0,
    2.0264317989349365,
    -0.0031380653381347656,
    0,
    0,
    0,
    -0.9999997615814209,
    -0.00099999981466680765,
    0,
    0,
    -1,
    0
  ],
  "averageVelocity" : 0.0066331415437161922,
  "cameraPoseARFrame" : [
    0.0012942836619913578,
    0.99995672702789307,
    0.0092063220217823982,
    0.026494856923818588,
    -0.64781391620635986,
    -0.006174938753247261,
    0.76177340745925903,
    0.29934236407279968,
    0.76179736852645874,
    -0.0069498824886977673,
    0.64777809381484985,
    0.16662850975990295,
    0,
    0,
    0,
    1
  ],
  "exposureDuration" : 0.01666666753590107,
  "intrinsics" : [
    1459.0308837890625,
    0,
    965.21173095703125,
    0,
    1459.0308837890625,
    717.2406005859375,
    0,
    0,
    1
  ]
}