{
  "cameraGrain" : 0,
  "frame_index" : 21,
  "exposureDuration" : 0.01666666753590107,
  "averageAngularVelocity" : 0.48126116394996643,
  "time" : 297744.60177429172,
  "intrinsics" : [
    1463.54736328125,
    0,
    964.81146240234375,
    0,
    1463.54736328125,
    717.37188720703125,
    0,
    0,
    1
  ],
  "motionQuality" : 0.86249679327011108,
  "cameraPoseARFrame" : [
    -0.56559425592422485,
    -0.71773576736450195,
    -0.4061504602432251,
    -0.082941107451915741,
    -0.58089441061019897,
    -0.0028495700098574162,
    0.81397372484207153,
    0.26952019333839417,
    -0.58537554740905762,
    0.69630944728851318,
    -0.41531726717948914,
    -0.099091902375221252,
    0,
    0,
    0,
    0.99999988079071045
  ],
  "averageVelocity" : 0.12050802260637283,
  "projectionMatrix" : [
    1.5245285034179688,
    0,
    -0.0055327415466308594,
    0,
    0,
    2.0327045917510986,
    -0.0029556751251220703,
    0,
    0,
    0,
    -0.9999997615814209,
    -0.00099999981466680765,
    0,
    0,
    -1,
    0
  ]
}