{
  "motionQuality" : 0.992747962474823,
  "projectionMatrix" : [
    1.5395704507827759,
    0,
    -0.0056344270706176758,
    0,
    0,
    2.0527606010437012,
    -0.0032256841659545898,
    0,
    0,
    0,
    -0.9999997615814209,
    -0.00099999981466680765,
    0,
    0,
    -1,
    0
  ],
  "intrinsics" : [
    1477.9876708984375,
    0,
    964.90899658203125,
    0,
    1477.9876708984375,
    717.177490234375,
    0,
    0,
    1
  ],
  "time" : 297735.10259254172,
  "averageVelocity" : 0.013015002012252808,
  "cameraGrain" : 0,
  "cameraPoseARFrame" : [
    0.35664540529251099,
    0.88909333944320679,
    0.28690925240516663,
    0.10791496187448502,
    -0.619179368019104,
    -0.0050199921242892742,
    0.78523331880569458,
    0.21610318124294281,
    0.69958615303039551,
    -0.45769810676574707,
    0.54871803522109985,
    0.14121466875076294,
    0,
    0,
    0,
    0.99999994039535522
  ],
  "exposureDuration" : 0.01666666753590107,
  "frame_index" : 3,
  "averageAngularVelocity" : 0.025382159277796745
}