{
  "time" : 297749.86847979174,
  "motionQuality" : 0.86965429782867432,
  "intrinsics" : [
    1457.409423828125,
    0,
    964.9769287109375,
    0,
    1457.409423828125,
    717.5238037109375,
    0,
    0,
    1
  ],
  "cameraGrain" : 0,
  "frame_index" : 31,
  "projectionMatrix" : [
    1.5181348323822021,
    0,
    -0.0057051181793212891,
    0,
    0,
    2.0241796970367432,
    -0.0027446746826171875,
    0,
    0,
    0,
    -0.9999997615814209,
    -0.00099999981466680765,
    0,
    0,
    -1,
    0
  ],
  "averageAngularVelocity" : 0.45620989799499512,
  "exposureDuration" : 0.01666666753590107,
  "averageVelocity" : 0.15409637987613678,
  "cameraPoseARFrame" : [
    -0.13756147027015686,
    0.97738611698150635,
    -0.16060233116149902,
    -0.054753843694925308,
    -0.61225610971450806,
    0.043550930917263031,
    0.7894589900970459,
    0.31086182594299316,
    0.77860069274902344,
    0.20692895352840424,
    0.59241974353790283,
    0.19390667974948883,
    0,
    0,
    0,
    0.99999994039535522
  ]
}