{
  "frame_index" : 14,
  "cameraGrain" : 0,
  "cameraPoseARFrame" : [
    0.65311485528945923,
    -0.52375209331512451,
    0.54692274332046509,
    0.15851563215255737,
    -0.63709044456481934,
    0.010368489660322666,
    0.77071899175643921,
    0.25610947608947754,
    -0.40933650732040405,
    -0.85180753469467163,
    -0.32690566778182983,
    -0.076389431953430176,
    0,
    0,
    0,
    0.99999982118606567
  ],
  "exposureDuration" : 0.01666666753590107,
  "motionQuality" : 0.93031817674636841,
  "time" : 297740.90233312506,
  "averageVelocity" : 0.11892827600240707,
  "intrinsics" : [
    1465.8458251953125,
    0,
    965.16448974609375,
    0,
    1465.8458251953125,
    717.1812744140625,
    0,
    0,
    1
  ],
  "averageAngularVelocity" : 0.24388641119003296,
  "projectionMatrix" : [
    1.5269227027893066,
    0,
    -0.0059005022048950195,
    0,
    0,
    2.0358970165252686,
    -0.0032204389572143555,
    0,
    0,
    0,
    -0.9999997615814209,
    -0.00099999981466680765,
    0,
    0,
    -1,
    0
  ]
}