{
  "cameraPoseARFrame" : [
    -0.01202076394110918,
    0.99992722272872925,
    0.00089995883172377944,
    0.021416680887341499,
    -0.65333563089370728,
    -0.0085354801267385483,
    0.75702005624771118,
    0.30232420563697815,
    0.7569727897644043,
    0.0085120899602770805,
    0.65339088439941406,
    0.17911730706691742,
    0,
    0,
    0,
    0.99999988079071045
  ],
  "intrinsics" : [
    1456.8931884765625,
    0,
    965.297607421875,
    0,
    1456.8931884765625,
    717.308349609375,
    0,
    0,
    1
  ],
  "motionQuality" : 0.98568665981292725,
  "averageAngularVelocity" : 0.050096731632947922,
  "averageVelocity" : 0.021857097744941711,
  "cameraGrain" : 0,
  "projectionMatrix" : [
    1.5175970792770386,
    0,
    -0.0060391426086425781,
    0,
    0,
    2.0234627723693848,
    -0.0030440092086791992,
    0,
    0,
    0,
    -0.9999997615814209,
    -0.00099999981466680765,
    0,
    0,
    -1,
    0
  ],
  "exposureDuration" : 0.01666666753590107,
  "frame_index" : 35,
  "time" : 297751.96810691676
}