{
  "cameraPoseARFrame" : [
    0.044979020953178406,
    0.99854540824890137,
    -0.02972843125462532,
    -0.0058164657093584538,
    -0.66895925998687744,
    0.052207648754119873,
    0.74146324396133423,
    0.32357996702194214,
    0.74193680286407471,
    -0.013463092036545277,
    0.6703345775604248,
    0.21750067174434662,
    0,
    0,
    0,
    0.99999994039535522
  ],
  "motionQuality" : 0.97636395692825317,
  "intrinsics" : [
    1455.1761474609375,
    0,
    965.12432861328125,
    0,
    1455.1761474609375,
    717.4176025390625,
    0,
    0,
    1
  ],
  "cameraGrain" : 0,
  "frame_index" : 32,
  "projectionMatrix" : [
    1.5158084630966187,
    0,
    -0.0058586597442626953,
    0,
    0,
    2.0210778713226318,
    -0.0028922557830810547,
    0,
    0,
    0,
    -0.9999997615814209,
    -0.00099999981466680765,
    0,
    0,
    -1,
    0
  ],
  "averageAngularVelocity" : 0.082726180553436279,
  "exposureDuration" : 0.01666666753590107,
  "averageVelocity" : 0.062300767749547958,
  "time" : 297750.40351425007
}