{
  "frame_index" : 18,
  "averageAngularVelocity" : 0.43891268968582153,
  "exposureDuration" : 0.01666666753590107,
  "projectionMatrix" : [
    1.5238912105560303,
    0,
    -0.0058189630508422852,
    0,
    0,
    2.0318548679351807,
    -0.0027413368225097656,
    0,
    0,
    0,
    -0.9999997615814209,
    -0.00099999981466680765,
    0,
    0,
    -1,
    0
  ],
  "intrinsics" : [
    1462.935546875,
    0,
    965.08624267578125,
    0,
    1462.935546875,
    717.5262451171875,
    0,
    0,
    1
  ],
  "motionQuality" : 0.87459635734558105,
  "cameraPoseARFrame" : [
    -0.05795743316411972,
    -0.99830049276351929,
    -0.0060797445476055145,
    0.032987054437398911,
    -0.6367800235748291,
    0.032277338206768036,
    0.77036941051483154,
    0.27509763836860657,
    -0.76886409521102905,
    0.048520009964704514,
    -0.63756865262985229,
    -0.1501905620098114,
    0,
    0,
    0,
    0.99999994039535522
  ],
  "averageVelocity" : 0.097399495542049408,
  "cameraGrain" : 0,
  "time" : 297743.03718937509
}