{
  "cameraGrain" : 0,
  "exposureDuration" : 0.01666666753590107,
  "frame_index" : 9,
  "projectionMatrix" : [
    1.5298347473144531,
    0,
    -0.0059281587600708008,
    0,
    0,
    2.0397796630859375,
    -0.0032982826232910156,
    0,
    0,
    0,
    -0.9999997615814209,
    -0.00099999981466680765,
    0,
    0,
    -1,
    0
  ],
  "averageAngularVelocity" : 0.3419221043586731,
  "cameraPoseARFrame" : [
    0.64623343944549561,
    0.48764404654502869,
    0.58701419830322266,
    0.18970230221748352,
    -0.66236031055450439,
    -0.023632192984223366,
    0.74881243705749512,
    0.24807153642177582,
    0.37902644276618958,
    -0.87272244691848755,
    0.30772420763969421,
    0.080585569143295288,
    0,
    0,
    0,
    0.99999994039535522
  ],
  "time" : 297738.2678369584,
  "intrinsics" : [
    1468.641357421875,
    0,
    965.19097900390625,
    0,
    1468.641357421875,
    717.125244140625,
    0,
    0,
    1
  ],
  "motionQuality" : 0.90230798721313477,
  "averageVelocity" : 0.05847177654504776
}