{
  "cameraPoseARFrame" : [
    -0.0016104568494483829,
    0.99997186660766602,
    -0.0073177274316549301,
    0.015917748212814331,
    -0.65993970632553101,
    0.0044351364485919476,
    0.75130528211593628,
    0.30584612488746643,
    0.75131672620773315,
    0.006039302796125412,
    0.65991413593292236,
    0.19767285883426666,
    0,
    0,
    0,
    0.99999988079071045
  ],
  "intrinsics" : [
    1455.650390625,
    0,
    965.35992431640625,
    0,
    1455.650390625,
    717.36199951171875,
    0,
    0,
    1
  ],
  "motionQuality" : 0.97890943288803101,
  "averageAngularVelocity" : 0.073817051947116852,
  "averageVelocity" : 0,
  "cameraGrain" : 0,
  "projectionMatrix" : [
    1.5163024663925171,
    0,
    -0.0061041116714477539,
    0,
    0,
    2.0217366218566895,
    -0.0029695034027099609,
    0,
    0,
    0,
    -0.9999997615814209,
    -0.00099999981466680765,
    0,
    0,
    -1,
    0
  ],
  "exposureDuration" : 0.01666666753590107,
  "frame_index" : 34,
  "time" : 297751.43656495842
}