{
  "motionQuality" : 0.92533087730407715,
  "projectionMatrix" : [
    1.5361328125,
    0,
    -0.0057922601699829102,
    0,
    0,
    2.0481770038604736,
    -0.0032980442047119141,
    0,
    0,
    0,
    -0.9999997615814209,
    -0.00099999981466680765,
    0,
    0,
    -1,
    0
  ],
  "exposureDuration" : 0.01666666753590107,
  "frame_index" : 7,
  "averageVelocity" : 0.024080311879515648,
  "cameraPoseARFrame" : [
    0.45382881164550781,
    0.7985491156578064,
    0.39542195200920105,
    0.1277288943529129,
    -0.64321935176849365,
    -0.013535232283174992,
    0.76556211709976196,
    0.22675381600856781,
    0.61669129133224487,
    -0.60177713632583618,
    0.50749975442886353,
    0.12426605820655823,
    0,
    0,
    0,
    0.99999994039535522
  ],
  "time" : 297737.20319312508,
  "intrinsics" : [
    1474.6875,
    0,
    965.06060791015625,
    0,
    1474.6875,
    717.1253662109375,
    0,
    0,
    1
  ],
  "averageAngularVelocity" : 0.26134195923805237,
  "cameraGrain" : 0
}