{
  "frame_index" : 36,
  "intrinsics" : [
    1457.998291015625,
    0,
    965.2791748046875,
    0,
    1457.998291015625,
    717.244384765625,
    0,
    0,
    1
  ],
  "averageVelocity" : 0,
  "cameraPoseARFrame" : [
    -0.0095871472731232643,
    0.9999459981918335,
    0.0039948211051523685,
    0.022188842296600342,
    -0.64922106266021729,
    -0.0092629147693514824,
    0.76054316759109497,
    0.29826629161834717,
    0.76053917407989502,
    0.0046980218030512333,
    0.64927494525909424,
    0.167144775390625,
    0,
    0,
    0,
    0.99999994039535522
  ],
  "projectionMatrix" : [
    1.5187481641769409,
    0,
    -0.0060199499130249023,
    0,
    0,
    2.0249977111816406,
    -0.0031328201293945312,
    0,
    0,
    0,
    -0.9999997615814209,
    -0.00099999981466680765,
    0,
    0,
    -1,
    0
  ],
  "motionQuality" : 0.99504578113555908,
  "time" : 297752.50330625009,
  "exposureDuration" : 0.01666666753590107,
  "averageAngularVelocity" : 0.013117986731231213,
  "cameraGrain" : 0
}