{
  "frame_index" : 28,
  "exposureDuration" : 0.01666666753590107,
  "motionQuality" : 0.92993992567062378,
  "intrinsics" : [
    1458.5950927734375,
    0,
    964.83642578125,
    0,
    1458.5950927734375,
    717.5401611328125,
    0,
    0,
    1
  ],
  "cameraPoseARFrame" : [
    -0.63921117782592773,
    0.58706367015838623,
    -0.49675476551055908,
    -0.14739622175693512,
    -0.60768324136734009,
    0.010290606878697872,
    0.7941126823425293,
    0.30643507838249207,
    0.47130665183067322,
    0.80947518348693848,
    0.35017099976539612,
    0.088684216141700745,
    0,
    0,
    0,
    0.99999994039535522
  ],
  "time" : 297748.27020441671,
  "averageVelocity" : 0.13944153487682343,
  "projectionMatrix" : [
    1.5193698406219482,
    0,
    -0.0055587291717529297,
    0,
    0,
    2.0258264541625977,
    -0.0027220249176025391,
    0,
    0,
    0,
    -0.9999997615814209,
    -0.00099999981466680765,
    0,
    0,
    -1,
    0
  ],
  "averageAngularVelocity" : 0.245210200548172,
  "cameraGrain" : 0
}