{
  "averageAngularVelocity" : 0,
  "averageVelocity" : 0,
  "intrinsics" : [
    1459.0615234375,
    0,
    965.19219970703125,
    0,
    1459.0615234375,
    717.16790771484375,
    0,
    0,
    1
  ],
  "motionQuality" : 0.996387779712677,
  "time" : 297753.53628875007,
  "cameraGrain" : 0,
  "frame_index" : 38,
  "projectionMatrix" : [
    1.5198557376861572,
    0,
    -0.0059293508529663086,
    0,
    0,
    2.0264742374420166,
    -0.0032390356063842773,
    0,
    0,
    0,
    -0.9999997615814209,
    -0.00099999981466680765,
    0,
    0,
    -1,
    0
  ],
  "cameraPoseARFrame" : [
    -0.0028745187446475029,
    0.99991416931152344,
    0.012776685878634453,
    0.022164307534694672,
    -0.64441764354705811,
    -0.011622233316302299,
    0.76458513736724854,
    0.29640856385231018,
    0.76466810703277588,
    -0.0060356557369232178,
    0.64439600706100464,
    0.164743572473526,
    0,
    0,
    0,
    0.99999988079071045
  ],
  "exposureDuration" : 0.01666666753590107
}