{
  "cameraPoseARFrame" : [
    0.019051412120461464,
    0.99981546401977539,
    -0.0024354804772883654,
    0.0072069591842591763,
    -0.66514122486114502,
    0.014492842368781567,
    0.74657666683197021,
    0.31188395619392395,
    0.74647432565689087,
    -0.012603340670466423,
    0.66529476642608643,
    0.21794791519641876,
    0,
    0,
    0,
    0.99999982118606567
  ],
  "intrinsics" : [
    1455.1072998046875,
    0,
    965.37994384765625,
    0,
    1455.1072998046875,
    717.55975341796875,
    0,
    0,
    1
  ],
  "motionQuality" : 0.96834647655487061,
  "averageAngularVelocity" : 0.1107872799038887,
  "averageVelocity" : 0.038789369165897369,
  "cameraGrain" : 0,
  "projectionMatrix" : [
    1.5157368183135986,
    0,
    -0.0061249732971191406,
    0,
    0,
    2.0209822654724121,
    -0.0026948451995849609,
    0,
    0,
    0,
    -0.9999997615814209,
    -0.00099999981466680765,
    0,
    0,
    -1,
    0
  ],
  "exposureDuration" : 0.01666666753590107,
  "frame_index" : 33,
  "time" : 297750.93471754174
}