{
  "intrinsics" : [
    1478.52685546875,
    0,
    964.91845703125,
    0,
    1478.52685546875,
    717.24664306640625,
    0,
    0,
    1
  ],
  "time" : 297735.60295566672,
  "frame_index" : 4,
  "projectionMatrix" : [
    1.5401321649551392,
    0,
    -0.0056442022323608398,
    0,
    0,
    2.0535094738006592,
    -0.0031297206878662109,
    0,
    0,
    0,
    -0.9999997615814209,
    -0.00099999981466680765,
    0,
    0,
    -1,
    0
  ],
  "cameraPoseARFrame" : [
    0.35603681206703186,
    0.88868933916091919,
    0.28890988230705261,
    0.10775492340326309,
    -0.61961650848388672,
    -0.0069220364093780518,
    0.78487402200698853,
    0.21666304767131805,
    0.6995091438293457,
    -0.45845732092857361,
    0.54818218946456909,
    0.14270602166652679,
    0,
    0,
    0,
    0.99999988079071045
  ],
  "averageAngularVelocity" : 0.010575595311820507,
  "motionQuality" : 0.99697840213775635,
  "cameraGrain" : 0,
  "averageVelocity" : 0,
  "exposureDuration" : 0.01666666753590107
}