{
  "cameraGrain" : 0,
  "frame_index" : 22,
  "exposureDuration" : 0.01666666753590107,
  "averageAngularVelocity" : 0.26391726732254028,
  "time" : 297745.13498141675,
  "intrinsics" : [
    1462.4114990234375,
    0,
    964.85107421875,
    0,
    1462.4114990234375,
    717.240234375,
    0,
    0,
    1
  ],
  "motionQuality" : 0.92459505796432495,
  "cameraPoseARFrame" : [
    -0.67729449272155762,
    -0.49739107489585876,
    -0.54210180044174194,
    -0.12428651750087738,
    -0.62951189279556274,
    0.010444574989378452,
    0.77692043781280518,
    0.28485342860221863,
    -0.38077130913734436,
    0.86746340990066528,
    -0.32018771767616272,
    -0.083503678441047668,
    0,
    0,
    0,
    0.99999994039535522
  ],
  "averageVelocity" : 0.044748883694410324,
  "projectionMatrix" : [
    1.5233453512191772,
    0,
    -0.0055739879608154297,
    0,
    0,
    2.0311269760131836,
    -0.0031385421752929688,
    0,
    0,
    0,
    -0.9999997615814209,
    -0.00099999981466680765,
    0,
    0,
    -1,
    0
  ]
}