{
  "frame_index" : 16,
  "averageAngularVelocity" : 0.29970714449882507,
  "exposureDuration" : 0.01666666753590107,
  "projectionMatrix" : [
    1.5233372449874878,
    0,
    -0.0061879158020019531,
    0,
    0,
    2.0311164855957031,
    -0.0030521154403686523,
    0,
    0,
    0,
    -0.9999997615814209,
    -0.00099999981466680765,
    0,
    0,
    -1,
    0
  ],
  "intrinsics" : [
    1462.40380859375,
    0,
    965.44036865234375,
    0,
    1462.40380859375,
    717.302490234375,
    0,
    0,
    1
  ],
  "motionQuality" : 0.91436940431594849,
  "cameraPoseARFrame" : [
    0.38369163870811462,
    -0.86237436532974243,
    0.3302890956401825,
    0.089960686862468719,
    -0.64514881372451782,
    0.0055830003693699837,
    0.76403635740280151,
    0.26735487580299377,
    -0.66072958707809448,
    -0.50624006986618042,
    -0.55421781539916992,
    -0.13763979077339172,
    0,
    0,
    0,
    0.99999994039535522
  ],
  "averageVelocity" : 0.07415354996919632,
  "cameraGrain" : 0,
  "time" : 297741.96998629172
}