{
  "motionQuality" : 0.90240633487701416,
  "projectionMatrix" : [
    1.5233055353164673,
    0,
    -0.0051953792572021484,
    0,
    0,
    2.031074047088623,
    -0.0025564432144165039,
    0,
    0,
    0,
    -0.9999997615814209,
    -0.00099999981466680765,
    0,
    0,
    -1,
    0
  ],
  "cameraPoseARFrame" : [
    -0.80345314741134644,
    0.12001783400774002,
    -0.58314555883407593,
    -0.15138044953346252,
    -0.58594131469726562,
    0.014205078594386578,
    0.81022882461547852,
    0.29469162225723267,
    0.10552547872066498,
    0.99266999959945679,
    0.058910287916660309,
    -0.017867455258965492,
    0,
    0,
    0,
    0.99999994039535522
  ],
  "intrinsics" : [
    1462.373291015625,
    0,
    964.48760986328125,
    0,
    1462.373291015625,
    717.65936279296875,
    0,
    0,
    1
  ],
  "frame_index" : 25,
  "averageVelocity" : 0.089564666152000427,
  "time" : 297746.70354333339,
  "averageAngularVelocity" : 0.34157779812812805,
  "cameraGrain" : 0,
  "exposureDuration" : 0.01666666753590107
}