{
  "frame_index" : 17,
  "averageAngularVelocity" : 0.42147710919380188,
  "exposureDuration" : 0.01666666753590107,
  "projectionMatrix" : [
    1.5238672494888306,
    0,
    -0.0058807134628295898,
    0,
    0,
    2.0318231582641602,
    -0.0031137466430664062,
    0,
    0,
    0,
    -0.9999997615814209,
    -0.00099999981466680765,
    0,
    0,
    -1,
    0
  ],
  "intrinsics" : [
    1462.91259765625,
    0,
    965.14544677734375,
    0,
    1462.91259765625,
    717.25811767578125,
    0,
    0,
    1
  ],
  "motionQuality" : 0.87957799434661865,
  "cameraPoseARFrame" : [
    0.21410119533538818,
    -0.95959377288818359,
    0.18259336054325104,
    0.081969842314720154,
    -0.63508975505828857,
    0.0052786041051149368,
    0.77242010831832886,
    0.26739159226417542,
    -0.74217343330383301,
    -0.2813393771648407,
    -0.60829806327819824,
    -0.12695719301700592,
    0,
    0,
    0,
    0.99999994039535522
  ],
  "averageVelocity" : 0,
  "cameraGrain" : 0,
  "time" : 297742.50187383342
}