{
  "motionQuality" : 0.9449918270111084,
  "cameraPoseARFrame" : [
    -0.81613963842391968,
    -0.16583830118179321,
    -0.55354642868041992,
    -0.12164843082427979,
    -0.56536555290222168,
    0.031079147011041641,
    0.82425457239151001,
    0.28864794969558716,
    -0.11948934197425842,
    0.98566299676895142,
    -0.11912431567907333,
    -0.053018372505903244,
    0,
    0,
    0,
    0.99999994039535522
  ],
  "projectionMatrix" : [
    1.5233652591705322,
    0,
    -0.0054053068161010742,
    0,
    0,
    2.031153678894043,
    -0.0030078887939453125,
    0,
    0,
    0,
    -0.9999997615814209,
    -0.00099999981466680765,
    0,
    0,
    -1,
    0
  ],
  "intrinsics" : [
    1462.4306640625,
    0,
    964.68914794921875,
    0,
    1462.4306640625,
    717.33428955078125,
    0,
    0,
    1
  ],
  "frame_index" : 24,
  "averageVelocity" : 0.038305167108774185,
  "time" : 297746.17003408342,
  "averageAngularVelocity" : 0.19252865016460419,
  "cameraGrain" : 0,
  "exposureDuration" : 0.01666666753590107
}