{
  "averageVelocity" : 0,
  "frame_index" : 26,
  "motionQuality" : 0.96244823932647705,
  "intrinsics" : [
    1460.1820068359375,
    0,
    964.75994873046875,
    0,
    1460.1820068359375,
    717.57781982421875,
    0,
    0,
    1
  ],
  "projectionMatrix" : [
    1.5210229158401489,
    0,
    -0.0054790973663330078,
    0,
    0,
    2.0280306339263916,
    -0.0026696920394897461,
    0,
    0,
    0,
    -0.9999997615814209,
    -0.00099999981466680765,
    0,
    0,
    -1,
    0
  ],
  "time" : 297747.23699933337,
  "cameraGrain" : 0,
  "averageAngularVelocity" : 0.13143107295036316,
  "exposureDuration" : 0.01666666753590107,
  "cameraPoseARFrame" : [
    -0.75435441732406616,
    0.24252648651599884,
    -0.61002480983734131,
    -0.16910560429096222,
    -0.61932832002639771,
    0.045201260596513748,
    0.78382968902587891,
    0.30454802513122559,
    0.21767330169677734,
    0.96909111738204956,
    0.11610571295022964,
    0.03310350701212883,
    0,
    0,
    0,
    0.99999994039535522
  ]
}