{
  "exposureDuration" : 0.01666666753590107,
  "cameraPoseARFrame" : [
    0.71623039245605469,
    0.36144155263900757,
    0.59697055816650391,
    0.1881115734577179,
    -0.63410133123397827,
    -0.020162761211395264,
    0.77298682928085327,
    0.24344502389431,
    0.29142618179321289,
    -0.93217658996582031,
    0.21474948525428772,
    0.052559152245521545,
    0,
    0,
    0,
    0.99999994039535522
  ],
  "frame_index" : 10,
  "intrinsics" : [
    1467.436767578125,
    0,
    965.31903076171875,
    0,
    1467.436767578125,
    717.01129150390625,
    0,
    0,
    1
  ],
  "projectionMatrix" : [
    1.5285799503326416,
    0,
    -0.0060614347457885742,
    0,
    0,
    2.0381066799163818,
    -0.0034565925598144531,
    0,
    0,
    0,
    -0.9999997615814209,
    -0.00099999981466680765,
    0,
    0,
    -1,
    0
  ],
  "motionQuality" : 0.96757727861404419,
  "cameraGrain" : 0,
  "averageVelocity" : 0,
  "time" : 297738.80254620838,
  "averageAngularVelocity" : 0.11347953975200653
}