{
  "cameraPoseARFrame" : [
    -0.60604649782180786,
    -0.33283653855323792,
    -0.72244560718536377,
    -0.057397559285163879,
    -0.76646482944488525,
    0.0014950230251997709,
    0.64228463172912598,
    0.36338335275650024,
    -0.21269571781158447,
    0.94298332929611206,
    -0.25601360201835632,
    -0.076118782162666321,
    0,
    0,
    0,
    1
  ],
  "cameraGrain" : 0,
  "time" : 918516.12441141682,
  "intrinsics" : [
    1471.314453125,
    0,
    965.5006103515625,
    0,
    1471.314453125,
    716.17706298828125,
    0,
    0,
    1
  ],
  "frame_index" : 24,
  "motionQuality" : 0.82584977149963379,
  "projectionMatrix" : [
    1.5326192378997803,
    0,
    -0.0062506198883056641,
    0,
    0,
    2.043492317199707,
    -0.0046151876449584961,
    0,
    0,
    0,
    -0.9999997615814209,
    -0.00099999981466680765,
    0,
    0,
    -1,
    0
  ],
  "exposureDuration" : 0.01666666753590107,
  "averageAngularVelocity" : 0.60952585935592651,
  "averageVelocity" : 0.072480373084545135
}