{
  "frame_index" : 44,
  "motionQuality" : 0.9932904839515686,
  "projectionMatrix" : [
    1.5192821025848389,
    0,
    -0.00065410137176513672,
    0,
    0,
    2.0257096290588379,
    -0.0044987201690673828,
    0,
    0,
    0,
    -0.9999997615814209,
    -0.00099999981466680765,
    0,
    0,
    -1,
    0
  ],
  "time" : 918526.62436833349,
  "cameraGrain" : 0,
  "averageAngularVelocity" : 0.023483328521251678,
  "intrinsics" : [
    1458.5108642578125,
    0,
    960.1279296875,
    0,
    1458.5108642578125,
    716.26092529296875,
    0,
    0,
    1
  ],
  "averageVelocity" : 0,
  "exposureDuration" : 0.01666666753590107,
  "cameraPoseARFrame" : [
    -0.041335809975862503,
    0.99908298254013062,
    -0.011162321083247662,
    0.081318408250808716,
    -0.02549249678850174,
    0.010113643482327461,
    0.99962389469146729,
    0.50068372488021851,
    0.99882006645202637,
    0.041604775935411453,
    0.025051066651940346,
    -0.014934058301150799,
    0,
    0,
    0,
    1
  ]
}