{
  "cameraPoseARFrame" : [
    0.36866360902786255,
    0.91100823879241943,
    0.18480010330677032,
    0.13532759249210358,
    -0.52076166868209839,
    0.037733793258666992,
    0.85286784172058105,
    0.48472303152084351,
    0.76999634504318237,
    -0.41065812110900879,
    0.4883292019367218,
    0.099007561802864075,
    0,
    0,
    0,
    1
  ],
  "time" : 918523.48908791691,
  "cameraGrain" : 0,
  "projectionMatrix" : [
    1.5210309028625488,
    0,
    -0.0055696964263916016,
    0,
    0,
    2.0280413627624512,
    -0.0042499303817749023,
    0,
    0,
    0,
    -0.9999997615814209,
    -0.00099999981466680765,
    0,
    0,
    -1,
    0
  ],
  "motionQuality" : 0.88733237981796265,
  "intrinsics" : [
    1460.189697265625,
    0,
    964.846923828125,
    0,
    1460.189697265625,
    716.4400634765625,
    0,
    0,
    1
  ],
  "averageVelocity" : 0.14185822010040283,
  "exposureDuration" : 0.01666666753590107,
  "frame_index" : 38,
  "averageAngularVelocity" : 0.39433673024177551
}