{
  "cameraPoseARFrame" : [
    -0.68090766668319702,
    -0.095110021531581879,
    -0.72616732120513916,
    -0.053606551140546799,
    -0.72960340976715088,
    0.002000744454562664,
    0.68386757373809814,
    0.37677055597305298,
    -0.063589818775653839,
    0.99546468257904053,
    -0.070754937827587128,
    -0.024761650711297989,
    0,
    0,
    0,
    0.99999988079071045
  ],
  "cameraGrain" : 0,
  "time" : 918516.65565220849,
  "intrinsics" : [
    1476.8023681640625,
    0,
    965.45379638671875,
    0,
    1476.8023681640625,
    716.17169189453125,
    0,
    0,
    1
  ],
  "frame_index" : 25,
  "projectionMatrix" : [
    1.5383358001708984,
    0,
    -0.0062018632888793945,
    0,
    0,
    2.0511143207550049,
    -0.0046226978302001953,
    0,
    0,
    0,
    -0.9999997615814209,
    -0.00099999981466680765,
    0,
    0,
    -1,
    0
  ],
  "motionQuality" : 0.94645833969116211,
  "exposureDuration" : 0.01666666753590107,
  "averageAngularVelocity" : 0.18739587068557739,
  "averageVelocity" : 0.11091465502977371
}