{
  "cameraGrain" : 0,
  "projectionMatrix" : [
    1.5460398197174072,
    0,
    -0.0047041177749633789,
    0,
    0,
    2.0613863468170166,
    -0.0046371221542358398,
    0,
    0,
    0,
    -0.9999997615814209,
    -0.00099999981466680765,
    0,
    0,
    -1,
    0
  ],
  "averageAngularVelocity" : 0.25434669852256775,
  "time" : 918505.59071504185,
  "exposureDuration" : 0.01666666753590107,
  "cameraPoseARFrame" : [
    0.33838433027267456,
    0.91144317388534546,
    0.23402410745620728,
    0.1596173495054245,
    -0.5565638542175293,
    -0.0066812518052756786,
    0.83077800273895264,
    0.38215476274490356,
    0.75877058506011963,
    -0.41137158870697021,
    0.50501561164855957,
    0.10394608229398727,
    0,
    0,
    0,
    0.99999988079071045
  ],
  "frame_index" : 4,
  "intrinsics" : [
    1484.1982421875,
    0,
    964.0159912109375,
    0,
    1484.1982421875,
    716.1612548828125,
    0,
    0,
    1
  ],
  "motionQuality" : 0.92732954025268555,
  "averageVelocity" : 0.10200321674346924
}