{
  "averageVelocity" : 0,
  "frame_index" : 0,
  "projectionMatrix" : [
    1.5493903160095215,
    0,
    -0.0045152902603149414,
    0,
    0,
    2.0658535957336426,
    -0.0045375823974609375,
    0,
    0,
    0,
    -0.9999997615814209,
    -0.00099999981466680765,
    0,
    0,
    -1,
    0
  ],
  "time" : 918503.50709687523,
  "exposureDuration" : 0.01666666753590107,
  "intrinsics" : [
    1487.4146728515625,
    0,
    963.834716796875,
    0,
    1487.4146728515625,
    716.23297119140625,
    0,
    0,
    1
  ],
  "averageAngularVelocity" : 0,
  "motionQuality" : 1,
  "cameraPoseARFrame" : [
    0.15636560320854187,
    0.98281759023666382,
    0.098078899085521698,
    0.13172262907028198,
    -0.54864919185638428,
    0.0038579024840146303,
    0.8360438346862793,
    0.36451143026351929,
    0.82130014896392822,
    -0.18453942239284515,
    0.53982532024383545,
    0.1154429167509079,
    0,
    0,
    0,
    1
  ],
  "cameraGrain" : 0
}