{
  "projectionMatrix" : [
    1.5427017211914062,
    0,
    -0.0049766302108764648,
    0,
    0,
    2.0569355487823486,
    -0.0047713518142700195,
    0,
    0,
    0,
    -0.9999997615814209,
    -0.00099999981466680765,
    0,
    0,
    -1,
    0
  ],
  "averageAngularVelocity" : 0.41255590319633484,
  "frame_index" : 6,
  "motionQuality" : 0.88212686777114868,
  "time" : 918506.65568266693,
  "averageVelocity" : 0,
  "cameraGrain" : 0,
  "cameraPoseARFrame" : [
    0.63176059722900391,
    0.6278541088104248,
    0.45461824536323547,
    0.18889112770557404,
    -0.57049685716629028,
    -0.02045782096683979,
    0.82104504108428955,
    0.39365535974502563,
    0.52479708194732666,
    -0.77806210517883301,
    0.3452644944190979,
    0.064439058303833008,
    0,
    0,
    0,
    0.99999988079071045
  ],
  "intrinsics" : [
    1480.99365234375,
    0,
    964.27752685546875,
    0,
    1480.99365234375,
    716.06463623046875,
    0,
    0,
    1
  ],
  "exposureDuration" : 0.01666666753590107
}