{
  "cameraPoseARFrame" : [
    -0.53807610273361206,
    -0.6073266863822937,
    -0.58448988199234009,
    -0.048457194119691849,
    -0.7489398717880249,
    0.026323879137635231,
    0.66211491823196411,
    0.36285156011581421,
    -0.38673403859138489,
    0.79401588439941406,
    -0.46901553869247437,
    -0.1154511421918869,
    0,
    0,
    0,
    0.99999988079071045
  ],
  "cameraGrain" : 0,
  "time" : 918515.59121370851,
  "intrinsics" : [
    1475.739013671875,
    0,
    965.45880126953125,
    0,
    1475.739013671875,
    716.3466796875,
    0,
    0,
    1
  ],
  "frame_index" : 23,
  "projectionMatrix" : [
    1.5372281074523926,
    0,
    -0.0062071084976196289,
    0,
    0,
    2.0496375560760498,
    -0.0043796300888061523,
    0,
    0,
    0,
    -0.9999997615814209,
    -0.00099999981466680765,
    0,
    0,
    -1,
    0
  ],
  "motionQuality" : 0.88366645574569702,
  "exposureDuration" : 0.01666666753590107,
  "averageAngularVelocity" : 0.40716749429702759,
  "averageVelocity" : 0.14565502107143402
}