{
  "projectionMatrix" : [
    1.5234647989273071,
    0,
    -0.006754755973815918,
    0,
    0,
    2.0312864780426025,
    -0.0042872428894042969,
    0,
    0,
    0,
    -0.9999997615814209,
    -0.00099999981466680765,
    0,
    0,
    -1,
    0
  ],
  "cameraPoseARFrame" : [
    0.34583687782287598,
    0.90476644039154053,
    0.24858495593070984,
    0.15540412068367004,
    -0.6990085244178772,
    0.07170066237449646,
    0.71150970458984375,
    0.42996913194656372,
    0.6259264349937439,
    -0.41982927918434143,
    0.65723627805709839,
    0.13273224234580994,
    0,
    0,
    0,
    0.99999988079071045
  ],
  "frame_index" : 37,
  "averageVelocity" : 0.11955203115940094,
  "intrinsics" : [
    1462.5262451171875,
    0,
    965.984619140625,
    0,
    1462.5262451171875,
    716.41314697265625,
    0,
    0,
    1
  ],
  "exposureDuration" : 0.01666666753590107,
  "averageAngularVelocity" : 0.72223085165023804,
  "cameraGrain" : 0,
  "motionQuality" : 0.793648362159729,
  "time" : 918522.95653450023
}