{
  "motionQuality" : 0.99026399850845337,
  "frame_index" : 42,
  "projectionMatrix" : [
    1.5192382335662842,
    0,
    -0.000705718994140625,
    0,
    0,
    2.0256509780883789,
    -0.0045135021209716797,
    0,
    0,
    0,
    -0.9999997615814209,
    -0.00099999981466680765,
    0,
    0,
    -1,
    0
  ],
  "cameraGrain" : 0,
  "cameraPoseARFrame" : [
    -0.047678295522928238,
    0.99866640567779541,
    -0.019803633913397789,
    0.08473389595746994,
    -0.027629109099507332,
    0.018500044941902161,
    0.9994470477104187,
    0.5025753378868103,
    0.99848049879074097,
    0.048199053853750229,
    0.026710214093327522,
    -0.010006451047956944,
    0,
    0,
    0,
    0.99999982118606567
  ],
  "averageVelocity" : 0.0039459215477108955,
  "time" : 918525.58944633359,
  "intrinsics" : [
    1458.46875,
    0,
    960.177490234375,
    0,
    1458.46875,
    716.250244140625,
    0,
    0,
    1
  ],
  "averageAngularVelocity" : 0.03407597541809082,
  "exposureDuration" : 0.01666666753590107
}