{
  "averageAngularVelocity" : 0.23518121242523193,
  "projectionMatrix" : [
    1.5297509431838989,
    0,
    -0.0046802759170532227,
    0,
    0,
    2.0396678447723389,
    -0.005082249641418457,
    0,
    0,
    0,
    -0.9999997615814209,
    -0.00099999981466680765,
    0,
    0,
    -1,
    0
  ],
  "intrinsics" : [
    1468.5609130859375,
    0,
    963.99310302734375,
    0,
    1468.5609130859375,
    715.8408203125,
    0,
    0,
    1
  ],
  "frame_index" : 13,
  "cameraPoseARFrame" : [
    0.22834424674510956,
    -0.96574783325195312,
    0.12324637174606323,
    0.12874804437160492,
    -0.57725679874420166,
    -0.032362435013055801,
    0.81592100858688354,
    0.43842464685440063,
    -0.78398561477661133,
    -0.25745570659637451,
    -0.56487441062927246,
    -0.1443130224943161,
    0,
    0,
    0,
    0.9999997615814209
  ],
  "motionQuality" : 0.93280535936355591,
  "time" : 918510.32441770856,
  "averageVelocity" : 0,
  "cameraGrain" : 0,
  "exposureDuration" : 0.01666666753590107
}