{
  "averageAngularVelocity" : 0.31344857811927795,
  "cameraGrain" : 0,
  "projectionMatrix" : [
    1.5168321132659912,
    0,
    -0.0068947076797485352,
    0,
    0,
    2.0224428176879883,
    -0.0039820671081542969,
    0,
    0,
    0,
    -0.9999997615814209,
    -0.00099999981466680765,
    0,
    0,
    -1,
    0
  ],
  "exposureDuration" : 0.01666666753590107,
  "intrinsics" : [
    1456.1588134765625,
    0,
    966.118896484375,
    0,
    1456.1588134765625,
    716.63287353515625,
    0,
    0,
    1
  ],
  "motionQuality" : 0.91044324636459351,
  "cameraPoseARFrame" : [
    0.13327206671237946,
    0.98861914873123169,
    0.069791339337825775,
    0.09713570773601532,
    -0.86089587211608887,
    0.080590322613716125,
    0.50235801935195923,
    0.38201481103897095,
    0.49101614952087402,
    -0.12703339755535126,
    0.86183857917785645,
    0.20919235050678253,
    0,
    0,
    0,
    0.99999988079071045
  ],
  "time" : 918521.88995991682,
  "averageVelocity" : 0.10204806923866272,
  "frame_index" : 35
}