{
  "frame_index" : 16,
  "motionQuality" : 0.87849676609039307,
  "averageVelocity" : 0.10078556835651398,
  "intrinsics" : [
    1463.9718017578125,
    0,
    964.1390380859375,
    0,
    1463.9718017578125,
    716.15618896484375,
    0,
    0,
    1
  ],
  "cameraGrain" : 0.0018674032762646675,
  "exposureDuration" : 0.01666666753590107,
  "cameraPoseARFrame" : [
    -0.29370051622390747,
    -0.92676335573196411,
    -0.23420010507106781,
    0.061622504144906998,
    -0.66184931993484497,
    0.02037770114839077,
    0.74935990571975708,
    0.43597310781478882,
    -0.68970680236816406,
    0.37509256601333618,
    -0.61936259269714355,
    -0.14198388159275055,
    0,
    0,
    0,
    0.99999988079071045
  ],
  "time" : 918511.92443641683,
  "averageAngularVelocity" : 0.42526140809059143,
  "projectionMatrix" : [
    1.5249706506729126,
    0,
    -0.0048323869705200195,
    0,
    0,
    2.0332942008972168,
    -0.0046441555023193359,
    0,
    0,
    0,
    -0.9999997615814209,
    -0.00099999981466680765,
    0,
    0,
    -1,
    0
  ]
}