{
  "frame_index" : 17,
  "motionQuality" : 0.93819695711135864,
  "averageVelocity" : 0,
  "intrinsics" : [
    1464.6258544921875,
    0,
    964.840576171875,
    0,
    1464.6258544921875,
    716.16693115234375,
    0,
    0,
    1
  ],
  "cameraGrain" : 0,
  "exposureDuration" : 0.01666666753590107,
  "cameraPoseARFrame" : [
    -0.31096887588500977,
    -0.90296554565429688,
    -0.2965661883354187,
    0.063200622797012329,
    -0.72895336151123047,
    0.026373304426670074,
    0.6840551495552063,
    0.40325063467025757,
    -0.60985684394836426,
    0.42890274524688721,
    -0.66642111539840698,
    -0.16192184388637543,
    0,
    0,
    0,
    0.99999988079071045
  ],
  "time" : 918512.4559257502,
  "averageAngularVelocity" : 0.21631066501140594,
  "projectionMatrix" : [
    1.5256519317626953,
    0,
    -0.0055631399154663086,
    0,
    0,
    2.0342025756835938,
    -0.0046292543411254883,
    0,
    0,
    0,
    -0.9999997615814209,
    -0.00099999981466680765,
    0,
    0,
    -1,
    0
  ]
}