{
  "frame_index" : 27,
  "intrinsics" : [
    1485.7052001953125,
    0,
    965.67156982421875,
    0,
    1485.7052001953125,
    716.20208740234375,
    0,
    0,
    1
  ],
  "cameraGrain" : 0,
  "projectionMatrix" : [
    1.5476095676422119,
    0,
    -0.0064287185668945312,
    0,
    0,
    2.0634794235229492,
    -0.004580378532409668,
    0,
    0,
    0,
    -0.9999997615814209,
    -0.00099999981466680765,
    0,
    0,
    -1,
    0
  ],
  "cameraPoseARFrame" : [
    -0.50213462114334106,
    0.29600757360458374,
    -0.81255185604095459,
    -0.053722377866506577,
    -0.8554079532623291,
    -0.031986106187105179,
    0.51696622371673584,
    0.30181282758712769,
    0.12703555822372437,
    0.95464986562728882,
    0.26926860213279724,
    0.042870290577411652,
    0,
    0,
    0,
    0.99999988079071045
  ],
  "motionQuality" : 0.96043795347213745,
  "exposureDuration" : 0.01666666753590107,
  "averageAngularVelocity" : 0.13846716284751892,
  "averageVelocity" : 0,
  "time" : 918517.65782891691
}