{
  "frame_index" : 29,
  "intrinsics" : [
    1483.08544921875,
    0,
    966.35540771484375,
    0,
    1483.08544921875,
    715.761962890625,
    0,
    0,
    1
  ],
  "averageAngularVelocity" : 0,
  "time" : 918518.72317012516,
  "exposureDuration" : 0.01666666753590107,
  "averageVelocity" : 0.042012590914964676,
  "motionQuality" : 0.97356736660003662,
  "cameraGrain" : 0,
  "projectionMatrix" : [
    1.5448806285858154,
    0,
    -0.0071409940719604492,
    0,
    0,
    2.0598409175872803,
    -0.0051916837692260742,
    0,
    0,
    0,
    -0.9999997615814209,
    -0.00099999981466680765,
    0,
    0,
    -1,
    0
  ],
  "cameraPoseARFrame" : [
    -0.43432828783988953,
    0.41012224555015564,
    -0.80197179317474365,
    -0.067632116377353668,
    -0.88945156335830688,
    -0.05466889962553978,
    0.45374798774719238,
    0.31045430898666382,
    0.14224922657012939,
    0.91039055585861206,
    0.38852816820144653,
    0.062067084014415741,
    0,
    0,
    0,
    0.99999988079071045
  ]
}