{
  "motionQuality" : 0.82772070169448853,
  "averageVelocity" : 0,
  "cameraGrain" : 0,
  "time" : 918520.82309504191,
  "frame_index" : 33,
  "averageAngularVelocity" : 0.60297751426696777,
  "exposureDuration" : 0.01666666753590107,
  "intrinsics" : [
    1475.1004638671875,
    0,
    965.9849853515625,
    0,
    1475.1004638671875,
    716.1707763671875,
    0,
    0,
    1
  ],
  "cameraPoseARFrame" : [
    -0.12787492573261261,
    0.95940089225769043,
    -0.2513919472694397,
    0.032922480255365372,
    -0.84967684745788574,
    0.024766799062490463,
    0.52672183513641357,
    0.35848420858383179,
    0.51156359910964966,
    0.28095641732215881,
    0.81201368570327759,
    0.1591753363609314,
    0,
    0,
    0,
    0.99999988079071045
  ],
  "projectionMatrix" : [
    1.5365630388259888,
    0,
    -0.0067552328109741211,
    0,
    0,
    2.048750638961792,
    -0.0046238899230957031,
    0,
    0,
    0,
    -0.9999997615814209,
    -0.00099999981466680765,
    0,
    0,
    -1,
    0
  ]
}