{
  "projectionMatrix" : [
    1.5202980041503906,
    0,
    -0.0070775747299194336,
    0,
    0,
    2.0270640850067139,
    -0.0038448572158813477,
    0,
    0,
    0,
    -0.9999997615814209,
    -0.00099999981466680765,
    0,
    0,
    -1,
    0
  ],
  "cameraPoseARFrame" : [
    0.23419934511184692,
    0.94670534133911133,
    0.22113250195980072,
    0.15738916397094727,
    -0.81178861856460571,
    0.065278090536594391,
    0.5802912712097168,
    0.38110703229904175,
    0.53492969274520874,
    -0.31541669368743896,
    0.7838127613067627,
    0.17534105479717255,
    0,
    0,
    0,
    0.99999988079071045
  ],
  "frame_index" : 36,
  "averageVelocity" : 0.13248953223228455,
  "intrinsics" : [
    1459.486083984375,
    0,
    966.29443359375,
    0,
    1459.486083984375,
    716.731689453125,
    0,
    0,
    1
  ],
  "exposureDuration" : 0.01666666753590107,
  "averageAngularVelocity" : 0.3310796320438385,
  "cameraGrain" : 0,
  "motionQuality" : 0.90540581941604614,
  "time" : 918522.42299208348
}