{
  "projectionMatrix" : [
    1.5429924726486206,
    0,
    -0.0046674013137817383,
    0,
    0,
    2.0573234558105469,
    -0.0048696994781494141,
    0,
    0,
    0,
    -0.9999997615814209,
    -0.00099999981466680765,
    0,
    0,
    -1,
    0
  ],
  "averageAngularVelocity" : 0.23380652070045471,
  "frame_index" : 5,
  "motionQuality" : 0.93319815397262573,
  "time" : 918506.1243909169,
  "averageVelocity" : 0.02872622013092041,
  "cameraGrain" : 0,
  "cameraPoseARFrame" : [
    0.497171550989151,
    0.78135520219802856,
    0.37723281979560852,
    0.18338191509246826,
    -0.58448308706283569,
    -0.01972232386469841,
    0.81116622686386108,
    0.39401572942733765,
    0.64124888181686401,
    -0.62377488613128662,
    0.44688355922698975,
    0.09250689297914505,
    0,
    0,
    0,
    0.99999988079071045
  ],
  "intrinsics" : [
    1481.2728271484375,
    0,
    963.98065185546875,
    0,
    1481.2728271484375,
    715.99383544921875,
    0,
    0,
    1
  ],
  "exposureDuration" : 0.01666666753590107
}