{
  "frame_index" : 28,
  "intrinsics" : [
    1487.4527587890625,
    0,
    966.26934814453125,
    0,
    1487.4527587890625,
    715.690185546875,
    0,
    0,
    1
  ],
  "cameraGrain" : 0,
  "projectionMatrix" : [
    1.5494300127029419,
    0,
    -0.0070513486862182617,
    0,
    0,
    2.0659065246582031,
    -0.0052914619445800781,
    0,
    0,
    0,
    -0.9999997615814209,
    -0.00099999981466680765,
    0,
    0,
    -1,
    0
  ],
  "cameraPoseARFrame" : [
    -0.42624512314796448,
    0.39015141129493713,
    -0.81614768505096436,
    -0.066931448876857758,
    -0.89516264200210571,
    -0.051882609724998474,
    0.44270989298820496,
    0.30386918783187866,
    0.13038001954555511,
    0.91928774118423462,
    0.37136372923851013,
    0.049287449568510056,
    0,
    0,
    0,
    0.99999988079071045
  ],
  "motionQuality" : 0.97177505493164062,
  "exposureDuration" : 0.01666666753590107,
  "averageAngularVelocity" : 0,
  "averageVelocity" : 0.02532624639570713,
  "time" : 918518.19002183352
}