{
  "cameraPoseARFrame" : [
    0.77406919002532959,
    0.41064223647117615,
    0.48186096549034119,
    0.20245413482189178,
    -0.51563185453414917,
    -0.032699842005968094,
    0.85618609189987183,
    0.41483348608016968,
    0.36734291911125183,
    -0.91120994091033936,
    0.18642823398113251,
    0.026272676885128021,
    0,
    0,
    0,
    0.99999988079071045
  ],
  "averageVelocity" : 0.11855398118495941,
  "exposureDuration" : 0.01666666753590107,
  "motionQuality" : 0.94406092166900635,
  "cameraGrain" : 0,
  "time" : 918507.18930241687,
  "averageAngularVelocity" : 0.19578687846660614,
  "frame_index" : 7,
  "intrinsics" : [
    1479.7200927734375,
    0,
    964.03094482421875,
    0,
    1479.7200927734375,
    716.01214599609375,
    0,
    0,
    1
  ],
  "projectionMatrix" : [
    1.5413750410079956,
    0,
    -0.0047197341918945312,
    0,
    0,
    2.0551667213439941,
    -0.0048441886901855469,
    0,
    0,
    0,
    -0.9999997615814209,
    -0.00099999981466680765,
    0,
    0,
    -1,
    0
  ]
}