{
  "averageAngularVelocity" : 0.26262369751930237,
  "cameraGrain" : 0,
  "projectionMatrix" : [
    1.5245364904403687,
    0,
    -0.0068291425704956055,
    0,
    0,
    2.0327153205871582,
    -0.0042864084243774414,
    0,
    0,
    0,
    -0.9999997615814209,
    -0.00099999981466680765,
    0,
    0,
    -1,
    0
  ],
  "exposureDuration" : 0.01666666753590107,
  "time" : 918521.35610533354,
  "motionQuality" : 0.92496466636657715,
  "intrinsics" : [
    1463.5550537109375,
    0,
    966.05596923828125,
    0,
    1463.5550537109375,
    716.41375732421875,
    0,
    0,
    1
  ],
  "cameraPoseARFrame" : [
    0.040596950799226761,
    0.99704909324645996,
    -0.065152950584888458,
    0.06695401668548584,
    -0.84735953807830811,
    0.06890849769115448,
    0.52652972936630249,
    0.37567800283432007,
    0.52946555614471436,
    0.033832438290119171,
    0.84765660762786865,
    0.19702078402042389,
    0,
    0,
    0,
    0.99999988079071045
  ],
  "averageVelocity" : 0.10439041256904602,
  "frame_index" : 34
}