{
  "averageAngularVelocity" : 0.30980610847473145,
  "projectionMatrix" : [
    1.5269186496734619,
    0,
    -0.004908442497253418,
    0,
    0,
    2.0358915328979492,
    -0.004984736442565918,
    0,
    0,
    0,
    -0.9999997615814209,
    -0.00099999981466680765,
    0,
    0,
    -1,
    0
  ],
  "motionQuality" : 0.91148394346237183,
  "frame_index" : 14,
  "time" : 918510.85596212524,
  "intrinsics" : [
    1465.8419189453125,
    0,
    964.212158203125,
    0,
    1465.8419189453125,
    715.9110107421875,
    0,
    0,
    1
  ],
  "cameraPoseARFrame" : [
    0.066457986831665039,
    -0.99767547845840454,
    0.015065791085362434,
    0.10828704386949539,
    -0.5992426872253418,
    -0.027835285291075706,
    0.80008339881896973,
    0.43687814474105835,
    -0.79780423641204834,
    -0.062200013548135757,
    -0.59969961643218994,
    -0.14312931895256042,
    0,
    0,
    0,
    0.99999988079071045
  ],
  "averageVelocity" : 0,
  "cameraGrain" : 0,
  "exposureDuration" : 0.01666666753590107
}