{
  "averageAngularVelocity" : 0.17735487222671509,
  "projectionMatrix" : [
    1.5279026031494141,
    0,
    -0.0048761367797851562,
    0,
    0,
    2.0372035503387451,
    -0.0047538280487060547,
    0,
    0,
    0,
    -0.9999997615814209,
    -0.00099999981466680765,
    0,
    0,
    -1,
    0
  ],
  "intrinsics" : [
    1466.7864990234375,
    0,
    964.18109130859375,
    0,
    1466.7864990234375,
    716.0772705078125,
    0,
    0,
    1
  ],
  "frame_index" : 15,
  "cameraPoseARFrame" : [
    -0.12167851626873016,
    -0.98843103647232056,
    -0.090544834733009338,
    0.082927733659744263,
    -0.58716589212417603,
    -0.0018689208664000034,
    0.80946451425552368,
    0.44033735990524292,
    -0.80026900768280029,
    0.15165926516056061,
    -0.58014571666717529,
    -0.12454403936862946,
    0,
    0,
    0,
    1
  ],
  "time" : 918511.39116012515,
  "motionQuality" : 0.94932717084884644,
  "averageVelocity" : 0.052349094301462173,
  "cameraGrain" : 0,
  "exposureDuration" : 0.01666666753590107
}