{
  "time" : 918523.99143587518,
  "cameraPoseARFrame" : [
    0.080434776842594147,
    0.99653548002243042,
    0.021150495857000351,
    0.11077257990837097,
    -0.27894854545593262,
    0.0021336469799280167,
    0.96030372381210327,
    0.50579017400741577,
    0.95693159103393555,
    -0.083141788840293884,
    0.2781536877155304,
    0.045976120978593826,
    0,
    0,
    0,
    1
  ],
  "cameraGrain" : 0,
  "intrinsics" : [
    1456.640869140625,
    0,
    963.458251953125,
    0,
    1456.640869140625,
    716.48455810546875,
    0,
    0,
    1
  ],
  "motionQuality" : 0.85126632452011108,
  "projectionMatrix" : [
    1.5173342227935791,
    0,
    -0.0041232109069824219,
    0,
    0,
    2.0231122970581055,
    -0.0041880607604980469,
    0,
    0,
    0,
    -0.9999997615814209,
    -0.00099999981466680765,
    0,
    0,
    -1,
    0
  ],
  "averageVelocity" : 0.094431765377521515,
  "exposureDuration" : 0.01666666753590107,
  "frame_index" : 39,
  "averageAngularVelocity" : 0.52056783437728882
}