{
  "averageAngularVelocity" : 0.34461101889610291,
  "cameraGrain" : 0,
  "projectionMatrix" : [
    1.5413273572921753,
    0,
    -0.0068374872207641602,
    0,
    0,
    2.0551033020019531,
    -0.0049744844436645508,
    0,
    0,
    0,
    -0.9999997615814209,
    -0.00099999981466680765,
    0,
    0,
    -1,
    0
  ],
  "exposureDuration" : 0.01666666753590107,
  "intrinsics" : [
    1479.67431640625,
    0,
    966.06396484375,
    0,
    1479.67431640625,
    715.9183349609375,
    0,
    0,
    1
  ],
  "time" : 918519.7578652919,
  "motionQuality" : 0.90153968334197998,
  "cameraPoseARFrame" : [
    -0.40675956010818481,
    0.67019504308700562,
    -0.62079399824142456,
    -0.033427536487579346,
    -0.84784746170043945,
    -0.023926407098770142,
    0.52970016002655029,
    0.33030372858047485,
    0.34014904499053955,
    0.74179917573928833,
    0.57795548439025879,
    0.11161981523036957,
    0,
    0,
    0,
    0.99999988079071045
  ],
  "averageVelocity" : 0,
  "frame_index" : 31
}