{
  "averageVelocity" : 0.03497009351849556,
  "motionQuality" : 0.9419935941696167,
  "exposureDuration" : 0.01666666753590107,
  "intrinsics" : [
    1493.6558837890625,
    0,
    966.4686279296875,
    0,
    1493.6558837890625,
    716.49005126953125,
    0,
    0,
    1
  ],
  "projectionMatrix" : [
    1.5558915138244629,
    0,
    -0.0072590112686157227,
    0,
    0,
    2.0745220184326172,
    -0.0041804313659667969,
    0,
    0,
    0,
    -0.9999997615814209,
    -0.00099999981466680765,
    0,
    0,
    -1,
    0
  ],
  "frame_index" : 21,
  "time" : 918514.55616370856,
  "cameraGrain" : 0,
  "cameraPoseARFrame" : [
    -0.2021263986825943,
    -0.92055433988571167,
    -0.33425226807594299,
    0.048753645271062851,
    -0.89229500293731689,
    0.032422758638858795,
    0.45028701424598694,
    0.2917822003364563,
    -0.40367630124092102,
    0.38926652073860168,
    -0.82795947790145874,
    -0.1844862699508667,
    0,
    0,
    0,
    0.99999982118606567
  ],
  "averageAngularVelocity" : 0.20302246510982513
}