{
  "cameraGrain" : 0,
  "projectionMatrix" : [
    1.5460200309753418,
    0,
    -0.0045500993728637695,
    0,
    0,
    2.0613598823547363,
    -0.0045431852340698242,
    0,
    0,
    0,
    -0.9999997615814209,
    -0.00099999981466680765,
    0,
    0,
    -1,
    0
  ],
  "averageAngularVelocity" : 0.10463684052228928,
  "time" : 918505.08890525019,
  "exposureDuration" : 0.01666666753590107,
  "cameraPoseARFrame" : [
    0.16254648566246033,
    0.97961294651031494,
    0.11805546283721924,
    0.13660867512226105,
    -0.56564211845397949,
    -0.0055217803455889225,
    0.82463240623474121,
    0.37501734495162964,
    0.8084723949432373,
    -0.20081818103790283,
    0.55321288108825684,
    0.12181667983531952,
    0,
    0,
    0,
    0.99999988079071045
  ],
  "frame_index" : 3,
  "intrinsics" : [
    1484.17919921875,
    0,
    963.8680419921875,
    0,
    1484.17919921875,
    716.22894287109375,
    0,
    0,
    1
  ],
  "motionQuality" : 0.97010374069213867,
  "averageVelocity" : 0.030567392706871033
}