{
  "motionQuality" : 0.99152094125747681,
  "frame_index" : 43,
  "projectionMatrix" : [
    1.519911527633667,
    0,
    -0.00071096420288085938,
    0,
    0,
    2.0265488624572754,
    -0.0045266151428222656,
    0,
    0,
    0,
    -0.9999997615814209,
    -0.00099999981466680765,
    0,
    0,
    -1,
    0
  ],
  "cameraGrain" : 0,
  "cameraPoseARFrame" : [
    -0.051921173930168152,
    0.99850630760192871,
    -0.017010757699608803,
    0.085331819951534271,
    -0.025806961581110954,
    0.015686498954892159,
    0.99954390525817871,
    0.50039571523666382,
    0.9983176589012146,
    0.052336465567350388,
    0.024953953921794891,
    -0.01229280699044466,
    0,
    0,
    0,
    0.99999988079071045
  ],
  "averageVelocity" : 0.012471143156290054,
  "time" : 918526.09115591692,
  "intrinsics" : [
    1459.1151123046875,
    0,
    960.1824951171875,
    0,
    1459.1151123046875,
    716.2408447265625,
    0,
    0,
    1
  ],
  "averageAngularVelocity" : 0,
  "exposureDuration" : 0.01666666753590107
}