{
  "frame_index" : 12,
  "intrinsics" : [
    1466.7025146484375,
    0,
    963.88153076171875,
    0,
    1466.7025146484375,
    716.102294921875,
    0,
    0,
    1
  ],
  "motionQuality" : 0.88050127029418945,
  "averageVelocity" : 0.092718131840229034,
  "projectionMatrix" : [
    1.5278151035308838,
    0,
    -0.0045640468597412109,
    0,
    0,
    2.0370867252349854,
    -0.0047190189361572266,
    0,
    0,
    0,
    -0.9999997615814209,
    -0.00099999981466680765,
    0,
    0,
    -1,
    0
  ],
  "cameraPoseARFrame" : [
    0.46343055367469788,
    -0.84744304418563843,
    0.25898346304893494,
    0.1535937488079071,
    -0.54388684034347534,
    -0.041287470608949661,
    0.83814233541488647,
    0.43013793230056763,
    -0.69958513975143433,
    -0.52927833795547485,
    -0.48004701733589172,
    -0.11864303052425385,
    0,
    0,
    0,
    1
  ],
  "averageAngularVelocity" : 0.41824549436569214,
  "time" : 918509.79085925024,
  "cameraGrain" : 0,
  "exposureDuration" : 0.01666666753590107
}