{
  "frame_index" : 18,
  "motionQuality" : 0.94042831659317017,
  "averageVelocity" : 0.10016985982656479,
  "intrinsics" : [
    1469.004638671875,
    0,
    965.1812744140625,
    0,
    1469.004638671875,
    716.45367431640625,
    0,
    0,
    1
  ],
  "cameraGrain" : 0,
  "exposureDuration" : 0.01666666753590107,
  "cameraPoseARFrame" : [
    -0.27362874150276184,
    -0.91563147306442261,
    -0.2945273220539093,
    0.040809754282236099,
    -0.76780396699905396,
    0.023504076525568962,
    0.64025360345840454,
    0.37873941659927368,
    -0.57931369543075562,
    0.40133103728294373,
    -0.7094569206237793,
    -0.16547012329101562,
    0,
    0,
    0,
    0.99999982118606567
  ],
  "time" : 918512.98955675017,
  "averageAngularVelocity" : 0.20850090682506561,
  "projectionMatrix" : [
    1.5302131175994873,
    0,
    -0.0059180259704589844,
    0,
    0,
    2.0402841567993164,
    -0.0042309761047363281,
    0,
    0,
    0,
    -0.9999997615814209,
    -0.00099999981466680765,
    0,
    0,
    -1,
    0
  ]
}