{
  "projectionMatrix" : [
    1.5466176271438599,
    0,
    -0.0045677423477172852,
    0,
    0,
    2.0621569156646729,
    -0.0045485496520996094,
    0,
    0,
    0,
    -0.9999997615814209,
    -0.00099999981466680765,
    0,
    0,
    -1,
    0
  ],
  "frame_index" : 2,
  "cameraPoseARFrame" : [
    0.15363149344921112,
    0.98318767547607422,
    0.09868844598531723,
    0.1310604065656662,
    -0.55606687068939209,
    0.0034647008869796991,
    0.83113038539886475,
    0.36828356981277466,
    0.81681519746780396,
    -0.18256516754627228,
    0.54725044965744019,
    0.11958745121955872,
    0,
    0,
    0,
    0.99999988079071045
  ],
  "averageAngularVelocity" : 0.0065866857767105103,
  "intrinsics" : [
    1484.7529296875,
    0,
    963.88507080078125,
    0,
    1484.7529296875,
    716.22503662109375,
    0,
    0,
    1
  ],
  "time" : 918504.57387066691,
  "cameraGrain" : 0,
  "exposureDuration" : 0.01666666753590107,
  "motionQuality" : 0.99811810255050659,
  "averageVelocity" : 0.0060201976448297501
}