{
  "cameraPoseARFrame" : [
    -0.61052542924880981,
    0.13153186440467834,
    -0.78099822998046875,
    -0.049086585640907288,
    -0.78603357076644897,
    0.020150372758507729,
    0.61785537004470825,
    0.36201566457748413,
    0.097005076706409454,
    0.99110704660415649,
    0.091086156666278839,
    -0.0017528035677969456,
    0,
    0,
    0,
    0.99999988079071045
  ],
  "cameraGrain" : 0,
  "time" : 918517.15625983349,
  "intrinsics" : [
    1477.4217529296875,
    0,
    965.1221923828125,
    0,
    1477.4217529296875,
    716.13165283203125,
    0,
    0,
    1
  ],
  "frame_index" : 26,
  "projectionMatrix" : [
    1.5389809608459473,
    0,
    -0.0058563947677612305,
    0,
    0,
    2.0519747734069824,
    -0.0046782493591308594,
    0,
    0,
    0,
    -0.9999997615814209,
    -0.00099999981466680765,
    0,
    0,
    -1,
    0
  ],
  "motionQuality" : 0.79395914077758789,
  "exposureDuration" : 0.01666666753590107,
  "averageAngularVelocity" : 0.72114294767379761,
  "averageVelocity" : 0.12540344893932343
}