{
  "projectionMatrix" : [
    1.5400407314300537,
    0,
    -0.0043450593948364258,
    0,
    0,
    2.0533876419067383,
    -0.0049086809158325195,
    0,
    0,
    0,
    -0.9999997615814209,
    -0.00099999981466680765,
    0,
    0,
    -1,
    0
  ],
  "averageVelocity" : 0.12027373909950256,
  "exposureDuration" : 0.01666666753590107,
  "motionQuality" : 0.88117355108261108,
  "cameraGrain" : 0,
  "time" : 918507.6908426669,
  "averageAngularVelocity" : 0.41589251160621643,
  "frame_index" : 8,
  "intrinsics" : [
    1478.4390869140625,
    0,
    963.6712646484375,
    0,
    1478.4390869140625,
    715.96575927734375,
    0,
    0,
    1
  ],
  "cameraPoseARFrame" : [
    0.84822243452072144,
    0.10370426625013351,
    0.51938843727111816,
    0.21730789542198181,
    -0.51686286926269531,
    -0.052026595920324326,
    0.85448598861694336,
    0.42106693983078003,
    0.11563588678836823,
    -0.99324655532836914,
    0.009470740333199501,
    -0.025907238945364952,
    0,
    0,
    0,
    0.99999988079071045
  ]
}