{
  "frame_index" : 11,
  "intrinsics" : [
    1466.8592529296875,
    0,
    963.962158203125,
    0,
    1466.8592529296875,
    715.9930419921875,
    0,
    0,
    1
  ],
  "motionQuality" : 0.9405064582824707,
  "averageVelocity" : 0.087270341813564301,
  "projectionMatrix" : [
    1.5279784202575684,
    0,
    -0.0046480894088745117,
    0,
    0,
    2.0373044013977051,
    -0.0048707723617553711,
    0,
    0,
    0,
    -0.9999997615814209,
    -0.00099999981466680765,
    0,
    0,
    -1,
    0
  ],
  "cameraPoseARFrame" : [
    0.64013659954071045,
    -0.64856463670730591,
    0.4118119478225708,
    0.19139499962329865,
    -0.54652833938598633,
    -0.0077083180658519268,
    0.83740526437759399,
    0.44954174757003784,
    -0.53993701934814453,
    -0.7611204981803894,
    -0.35939332842826843,
    -0.096685811877250671,
    0,
    0,
    0,
    1
  ],
  "averageAngularVelocity" : 0.20822745561599731,
  "time" : 918509.28907150018,
  "cameraGrain" : 0,
  "exposureDuration" : 0.01666666753590107
}