{
  "frame_index" : 30,
  "cameraPoseARFrame" : [
    -0.46300068497657776,
    0.49332150816917419,
    -0.73638594150543213,
    -0.055485296994447708,
    -0.85914313793182373,
    -0.045489266514778137,
    0.50970965623855591,
    0.32672077417373657,
    0.21795305609703064,
    0.8686566948890686,
    0.44489535689353943,
    0.07751261442899704,
    0,
    0,
    0,
    0.99999988079071045
  ],
  "averageVelocity" : 0.049690656363964081,
  "cameraGrain" : 0,
  "intrinsics" : [
    1481.2843017578125,
    0,
    966.31011962890625,
    0,
    1481.2843017578125,
    715.7694091796875,
    0,
    0,
    1
  ],
  "averageAngularVelocity" : 0.28952547907829285,
  "motionQuality" : 0.91727840900421143,
  "time" : 918519.25636362517,
  "exposureDuration" : 0.01666666753590107,
  "projectionMatrix" : [
    1.5430045127868652,
    0,
    -0.0070939064025878906,
    0,
    0,
    2.0573391914367676,
    -0.005181431770324707,
    0,
    0,
    0,
    -0.9999997615814209,
    -0.00099999981466680765,
    0,
    0,
    -1,
    0
  ]
}