{
  "frame_index" : 19,
  "motionQuality" : 0.89913254976272583,
  "averageVelocity" : 0.13086049258708954,
  "intrinsics" : [
    1478.3548583984375,
    0,
    965.53179931640625,
    0,
    1478.3548583984375,
    716.32733154296875,
    0,
    0,
    1
  ],
  "cameraGrain" : 0,
  "exposureDuration" : 0.01666666753590107,
  "cameraPoseARFrame" : [
    -0.19213627278804779,
    -0.93030059337615967,
    -0.31244876980781555,
    0.040456078946590424,
    -0.87965768575668335,
    0.022113269194960594,
    0.47509285807609558,
    0.31715911626815796,
    -0.43506991863250732,
    0.366130530834198,
    -0.82259494066238403,
    -0.17494364082813263,
    0,
    0,
    0,
    0.99999970197677612
  ],
  "time" : 918513.49115779181,
  "averageAngularVelocity" : 0.35303613543510437,
  "projectionMatrix" : [
    1.5399529933929443,
    0,
    -0.0062831640243530273,
    0,
    0,
    2.0532705783843994,
    -0.0044064521789550781,
    0,
    0,
    0,
    -0.9999997615814209,
    -0.00099999981466680765,
    0,
    0,
    -1,
    0
  ]
}