{
  "frame_index" : 20,
  "motionQuality" : 0.98713350296020508,
  "averageVelocity" : 0,
  "intrinsics" : [
    1491.2388916015625,
    0,
    966.3515625,
    0,
    1491.2388916015625,
    716.29425048828125,
    0,
    0,
    1
  ],
  "cameraGrain" : 0,
  "exposureDuration" : 0.01666666753590107,
  "cameraPoseARFrame" : [
    -0.19365875422954559,
    -0.92870908975601196,
    -0.31622105836868286,
    0.056001700460910797,
    -0.90475279092788696,
    0.044424701482057571,
    0.4236140251159668,
    0.27478903532028198,
    -0.37936612963676453,
    0.36813846230506897,
    -0.84885531663894653,
    -0.18059699237346649,
    0,
    0,
    0,
    0.99999982118606567
  ],
  "time" : 918514.02286900021,
  "averageAngularVelocity" : 0,
  "projectionMatrix" : [
    1.5533738136291504,
    0,
    -0.0071370601654052734,
    0,
    0,
    2.0711650848388672,
    -0.0044524669647216797,
    0,
    0,
    0,
    -0.9999997615814209,
    -0.00099999981466680765,
    0,
    0,
    -1,
    0
  ]
}