{
  "exposureDuration" : 0.01666666753590107,
  "time" : 918508.75578483357,
  "motionQuality" : 0.87484723329544067,
  "averageVelocity" : 0.07764928787946701,
  "intrinsics" : [
    1466.3238525390625,
    0,
    964.14581298828125,
    0,
    1466.3238525390625,
    715.8814697265625,
    0,
    0,
    1
  ],
  "averageAngularVelocity" : 0.43803471326828003,
  "cameraPoseARFrame" : [
    0.74257200956344604,
    -0.48132964968681335,
    0.46573448181152344,
    0.22561860084533691,
    -0.54053223133087158,
    -0.020074166357517242,
    0.841083824634552,
    0.42947345972061157,
    -0.39548936486244202,
    -0.87630975246429443,
    -0.27508068084716797,
    -0.074595026671886444,
    0,
    0,
    0,
    0.99999988079071045
  ],
  "frame_index" : 10,
  "cameraGrain" : 0,
  "projectionMatrix" : [
    1.5274206399917603,
    0,
    -0.0048394203186035156,
    0,
    0,
    2.0365610122680664,
    -0.0050257444381713867,
    0,
    0,
    0,
    -0.9999997615814209,
    -0.00099999981466680765,
    0,
    0,
    -1,
    0
  ]
}