{
  "averageVelocity" : 0.16067072749137878,
  "motionQuality" : 0.84503507614135742,
  "exposureDuration" : 0.01666666753590107,
  "intrinsics" : [
    1483.7127685546875,
    0,
    966.25115966796875,
    0,
    1483.7127685546875,
    716.46624755859375,
    0,
    0,
    1
  ],
  "frame_index" : 22,
  "projectionMatrix" : [
    1.5455341339111328,
    0,
    -0.0070325136184692383,
    0,
    0,
    2.0607120990753174,
    -0.0042135715484619141,
    0,
    0,
    0,
    -0.9999997615814209,
    -0.00099999981466680765,
    0,
    0,
    -1,
    0
  ],
  "time" : 918515.0896102502,
  "cameraGrain" : 0,
  "cameraPoseARFrame" : [
    -0.36562615633010864,
    -0.81216895580291748,
    -0.45464164018630981,
    0.022351279854774475,
    -0.77692526578903198,
    -0.0026747509837150574,
    0.62958717346191406,
    0.33194810152053833,
    -0.51254731416702271,
    0.58341604471206665,
    -0.63001668453216553,
    -0.17422471940517426,
    0,
    0,
    0,
    0.99999988079071045
  ],
  "averageAngularVelocity" : 0.54237717390060425
}