{
  "intrinsics" : [
    1456.6981201171875,
    0,
    961.76568603515625,
    0,
    1456.6981201171875,
    716.22052001953125,
    0,
    0,
    1
  ],
  "exposureDuration" : 0.01666666753590107,
  "averageVelocity" : 0.073437832295894623,
  "projectionMatrix" : [
    1.5173938274383545,
    0,
    -0.0023601055145263672,
    0,
    0,
    2.0231919288635254,
    -0.0045548677444458008,
    0,
    0,
    0,
    -0.9999997615814209,
    -0.00099999981466680765,
    0,
    0,
    -1,
    0
  ],
  "cameraPoseARFrame" : [
    -0.015234692953526974,
    0.99981957674026489,
    -0.011338288895785809,
    0.084087498486042023,
    -0.10984452068805695,
    0.0095974337309598923,
    0.99390244483947754,
    0.51260083913803101,
    0.99383199214935303,
    0.016387278214097023,
    0.10967850685119629,
    0.0060192025266587734,
    0,
    0,
    0,
    0.99999988079071045
  ],
  "frame_index" : 40,
  "time" : 918524.52358454186,
  "cameraGrain" : 0,
  "averageAngularVelocity" : 0.36399832367897034,
  "motionQuality" : 0.89600050449371338
}