{
  "cameraGrain" : 0,
  "projectionMatrix" : [
    1.5475059747695923,
    0,
    -0.0045839548110961914,
    0,
    0,
    2.0633413791656494,
    -0.0045459270477294922,
    0,
    0,
    0,
    -0.9999997615814209,
    -0.00099999981466680765,
    0,
    0,
    -1,
    0
  ],
  "averageAngularVelocity" : 0.027008073404431343,
  "time" : 918504.03895129182,
  "exposureDuration" : 0.01666666753590107,
  "cameraPoseARFrame" : [
    0.15460339188575745,
    0.98318767547607422,
    0.097158685326576233,
    0.12922570109367371,
    -0.54764795303344727,
    0.0034331141505390406,
    0.83670192956924438,
    0.36456948518753052,
    0.82230138778686523,
    -0.18256571888923645,
    0.5389714241027832,
    0.1190788671374321,
    0,
    0,
    0,
    0.99999988079071045
  ],
  "frame_index" : 1,
  "intrinsics" : [
    1485.605712890625,
    0,
    963.900634765625,
    0,
    1485.605712890625,
    716.2269287109375,
    0,
    0,
    1
  ],
  "motionQuality" : 0.9922834038734436,
  "averageVelocity" : 0
}