{
  "intrinsics" : [
    1457.9371337890625,
    0,
    960.5723876953125,
    0,
    1457.9371337890625,
    716.31390380859375,
    0,
    0,
    1
  ],
  "exposureDuration" : 0.01666666753590107,
  "averageVelocity" : 0.019030207768082619,
  "projectionMatrix" : [
    1.5186845064163208,
    0,
    -0.0011171102523803711,
    0,
    0,
    2.0249125957489014,
    -0.0044251680374145508,
    0,
    0,
    0,
    -0.9999997615814209,
    -0.00099999981466680765,
    0,
    0,
    -1,
    0
  ],
  "cameraPoseARFrame" : [
    -0.046536333858966827,
    0.99879592657089233,
    -0.015523160807788372,
    0.087433680891990662,
    -0.029272867366671562,
    0.014169758185744286,
    0.99947100877761841,
    0.50256413221359253,
    0.99848759174346924,
    0.046966083347797394,
    0.028578214347362518,
    -0.0087697841227054596,
    0,
    0,
    0,
    0.99999988079071045
  ],
  "frame_index" : 41,
  "time" : 918525.0577981252,
  "cameraGrain" : 0,
  "averageAngularVelocity" : 0.053759396076202393,
  "motionQuality" : 0.98464018106460571
}