{
  "exposureDuration" : 0.01666666753590107,
  "time" : 918508.22479616688,
  "motionQuality" : 0.91895407438278198,
  "averageVelocity" : 0.0396592877805233,
  "intrinsics" : [
    1469.1077880859375,
    0,
    963.8134765625,
    0,
    1469.1077880859375,
    715.65179443359375,
    0,
    0,
    1
  ],
  "averageAngularVelocity" : 0.28366076946258545,
  "cameraPoseARFrame" : [
    0.80477851629257202,
    -0.20015941560268402,
    0.55880916118621826,
    0.24568261206150055,
    -0.57669568061828613,
    -0.040749534964561462,
    0.81594216823577881,
    0.44247740507125854,
    -0.1405472606420517,
    -0.9789155125617981,
    -0.14822542667388916,
    -0.057477779686450958,
    0,
    0,
    0,
    0.99999982118606567
  ],
  "frame_index" : 9,
  "cameraGrain" : 0,
  "projectionMatrix" : [
    1.5303206443786621,
    0,
    -0.0044932365417480469,
    0,
    0,
    2.0404274463653564,
    -0.0053447484970092773,
    0,
    0,
    0,
    -0.9999997615814209,
    -0.00099999981466680765,
    0,
    0,
    -1,
    0
  ]
}