{
  "averageAngularVelocity" : 0.48879531025886536,
  "cameraGrain" : 0,
  "projectionMatrix" : [
    1.5396182537078857,
    0,
    -0.0069668292999267578,
    0,
    0,
    2.0528244972229004,
    -0.0049270391464233398,
    0,
    0,
    0,
    -0.9999997615814209,
    -0.00099999981466680765,
    0,
    0,
    -1,
    0
  ],
  "exposureDuration" : 0.01666666753590107,
  "intrinsics" : [
    1478.0335693359375,
    0,
    966.1881103515625,
    0,
    1478.0335693359375,
    715.9525146484375,
    0,
    0,
    1
  ],
  "time" : 918520.2894327502,
  "motionQuality" : 0.86034417152404785,
  "cameraPoseARFrame" : [
    -0.28437471389770508,
    0.82674270868301392,
    -0.48541492223739624,
    -0.0009142985800281167,
    -0.85633796453475952,
    0.0086123747751116753,
    0.51634401082992554,
    0.34861928224563599,
    0.43106421828269958,
    0.56251424551010132,
    0.70552200078964233,
    0.13370810449123383,
    0,
    0,
    0,
    0.99999988079071045
  ],
  "averageVelocity" : 0.10997606813907623,
  "frame_index" : 32
}