{
  "projectionMatrix" : [
    1.5354955196380615,
    0,
    -0.00075185298919677734,
    0,
    0,
    2.0473272800445557,
    -0.003747105598449707,
    0,
    0,
    0,
    -0.9999997615814209,
    -0.00099999981466680765,
    0,
    0,
    -1,
    0
  ],
  "intrinsics" : [
    1474.07568359375,
    0,
    960.2218017578125,
    0,
    1474.07568359375,
    716.80206298828125,
    0,
    0,
    1
  ],
  "cameraPoseARFrame" : [
    -0.18853543698787689,
    -0.97768443822860718,
    0.092668309807777405,
    0.02478753961622715,
    -0.1167391836643219,
    0.11600287258625031,
    0.98636466264724731,
    0.19465442001819611,
    -0.97510319948196411,
    0.1751466691493988,
    -0.13600476086139679,
    -0.03457893431186676,
    0,
    0,
    0,
    0.99999988079071045
  ],
  "motionQuality" : 0.95814394950866699,
  "averageVelocity" : 0.036005806177854538,
  "frame_index" : 26,
  "averageAngularVelocity" : 0.14649607241153717,
  "exposureDuration" : 0.01666666753590107,
  "time" : 321757.66040183342,
  "cameraGrain" : 0
}