{
  "averageAngularVelocity" : 0,
  "frame_index" : 20,
  "motionQuality" : 0.97471803426742554,
  "intrinsics" : [
    1465.2529296875,
    0,
    960.50079345703125,
    0,
    1465.2529296875,
    716.13482666015625,
    0,
    0,
    1
  ],
  "averageVelocity" : 0,
  "cameraPoseARFrame" : [
    -0.9122052788734436,
    -0.39926719665527344,
    -0.092017889022827148,
    -0.0073082251474261284,
    -0.1119898185133934,
    0.026929983869194984,
    0.99334442615509033,
    0.21415789425373077,
    -0.3941318690776825,
    0.9164389967918396,
    -0.06927955150604248,
    -0.030343890190124512,
    0,
    0,
    0,
    0.99999994039535522
  ],
  "cameraGrain" : 0.10903821885585785,
  "exposureDuration" : 0.01666666753590107,
  "time" : 321754.52643800009,
  "projectionMatrix" : [
    1.526305079460144,
    0,
    -0.001042485237121582,
    0,
    0,
    2.0350735187530518,
    -0.0046738386154174805,
    0,
    0,
    0,
    -0.9999997615814209,
    -0.00099999981466680765,
    0,
    0,
    -1,
    0
  ]
}