{
  "exposureDuration" : 0.01666666753590107,
  "motionQuality" : 0.96425747871398926,
  "projectionMatrix" : [
    1.5291136503219604,
    0,
    -0.0013196468353271484,
    0,
    0,
    2.0388181209564209,
    -0.0041669607162475586,
    0,
    0,
    0,
    -0.9999997615814209,
    -0.00099999981466680765,
    0,
    0,
    -1,
    0
  ],
  "cameraGrain" : 0,
  "frame_index" : 39,
  "cameraPoseARFrame" : [
    0.97212100028991699,
    0.11800386011600494,
    0.2026216983795166,
    0.03214104101061821,
    -0.20934504270553589,
    0.047550782561302185,
    0.97668486833572388,
    0.22756226360797882,
    0.10561781376600266,
    -0.99187380075454712,
    0.070928663015365601,
    0.0037753279320895672,
    0,
    0,
    0,
    0.9999997615814209
  ],
  "intrinsics" : [
    1467.9490966796875,
    0,
    960.766845703125,
    0,
    1467.9490966796875,
    716.499755859375,
    0,
    0,
    1
  ],
  "time" : 321764.52523966675,
  "averageVelocity" : 0.042276285588741302,
  "averageAngularVelocity" : 0.12509873509407043
}