{
  "projectionMatrix" : [
    1.5309141874313354,
    0,
    -0.0014817714691162109,
    0,
    0,
    2.0412189960479736,
    -0.0039879083633422852,
    0,
    0,
    0,
    -0.9999997615814209,
    -0.00099999981466680765,
    0,
    0,
    -1,
    0
  ],
  "time" : 321762.92565179174,
  "motionQuality" : 0.97656303644180298,
  "averageVelocity" : 0,
  "cameraPoseARFrame" : [
    0.97224628925323486,
    -0.069973506033420563,
    0.22325021028518677,
    0.046947486698627472,
    -0.22022558748722076,
    0.048408400267362595,
    0.97424697875976562,
    0.21526350080966949,
    -0.07897862046957016,
    -0.99637341499328613,
    0.031654957681894302,
    -0.0024218254256993532,
    0,
    0,
    0,
    0.9999997615814209
  ],
  "frame_index" : 36,
  "intrinsics" : [
    1469.6776123046875,
    0,
    960.9224853515625,
    0,
    1469.6776123046875,
    716.62872314453125,
    0,
    0,
    1
  ],
  "averageAngularVelocity" : 0,
  "exposureDuration" : 0.01666666753590107,
  "cameraGrain" : 0
}