{
  "averageVelocity" : 0.038898807018995285,
  "cameraGrain" : 0,
  "intrinsics" : [
    1470.1556396484375,
    0,
    960.82952880859375,
    0,
    1470.1556396484375,
    716.471923828125,
    0,
    0,
    1
  ],
  "time" : 321763.99428487505,
  "averageAngularVelocity" : 0.065149545669555664,
  "motionQuality" : 0.98138582706451416,
  "cameraPoseARFrame" : [
    0.98423218727111816,
    0.0072668790817260742,
    0.17673198878765106,
    0.02628987655043602,
    -0.17684057354927063,
    0.061869196593761444,
    0.98229300975799561,
    0.21237756311893463,
    -0.0037960149347782135,
    -0.9980577826499939,
    0.062178745865821838,
    0.0028192060999572277,
    0,
    0,
    0,
    0.99999988079071045
  ],
  "frame_index" : 38,
  "projectionMatrix" : [
    1.5314121246337891,
    0,
    -0.0013849735260009766,
    0,
    0,
    2.0418827533721924,
    -0.0042057037353515625,
    0,
    0,
    0,
    -0.9999997615814209,
    -0.00099999981466680765,
    0,
    0,
    -1,
    0
  ],
  "exposureDuration" : 0.01666666753590107
}