{
  "cameraPoseARFrame" : [
    0.37877035140991211,
    0.92486941814422607,
    0.033902082592248917,
    0.010304630734026432,
    -0.26040157675743103,
    0.071349978446960449,
    0.96286040544509888,
    0.17218442261219025,
    0.88810133934020996,
    -0.37353110313415527,
    0.26786276698112488,
    0.056353472173213959,
    0,
    0,
    0,
    0.99999988079071045
  ],
  "cameraGrain" : 0,
  "intrinsics" : [
    1483.0587158203125,
    0,
    961.40130615234375,
    0,
    1483.0587158203125,
    716.561279296875,
    0,
    0,
    1
  ],
  "averageAngularVelocity" : 0.011478303000330925,
  "motionQuality" : 0.99477434158325195,
  "exposureDuration" : 0.01666666753590107,
  "averageVelocity" : 0.01828983798623085,
  "frame_index" : 5,
  "projectionMatrix" : [
    1.5448528528213501,
    0,
    -0.0019805431365966797,
    0,
    0,
    2.0598037242889404,
    -0.0040816068649291992,
    0,
    0,
    0,
    -0.9999997615814209,
    -0.00099999981466680765,
    0,
    0,
    -1,
    0
  ],
  "time" : 321746.69300783338
}