{
  "motionQuality" : 0.9612889289855957,
  "time" : 321749.29304554174,
  "projectionMatrix" : [
    1.5348101854324341,
    0,
    -0.0019290447235107422,
    0,
    0,
    2.0464134216308594,
    -0.0042126178741455078,
    0,
    0,
    0,
    -0.9999997615814209,
    -0.00099999981466680765,
    0,
    0,
    -1,
    0
  ],
  "averageAngularVelocity" : 0.13548882305622101,
  "averageVelocity" : 0.079102776944637299,
  "exposureDuration" : 0.01666666753590107,
  "intrinsics" : [
    1473.417724609375,
    0,
    961.35186767578125,
    0,
    1473.417724609375,
    716.4669189453125,
    0,
    0,
    1
  ],
  "cameraGrain" : 0,
  "frame_index" : 10,
  "cameraPoseARFrame" : [
    -0.16326063871383667,
    0.98433166742324829,
    -0.066610105335712433,
    -0.0092656416818499565,
    -0.23164016008377075,
    0.02738407626748085,
    0.97241604328155518,
    0.21133770048618317,
    0.95900416374206543,
    0.17418685555458069,
    0.2235400378704071,
    0.052950717508792877,
    0,
    0,
    0,
    0.99999988079071045
  ]
}