{
  "averageAngularVelocity" : 0.18638879060745239,
  "frame_index" : 21,
  "motionQuality" : 0.94674605131149292,
  "intrinsics" : [
    1469.0657958984375,
    0,
    960.4354248046875,
    0,
    1469.0657958984375,
    716.2896728515625,
    0,
    0,
    1
  ],
  "averageVelocity" : 0,
  "cameraPoseARFrame" : [
    -0.78761482238769531,
    -0.61201876401901245,
    -0.071385547518730164,
    -0.0056073316372931004,
    -0.13342764973640442,
    0.05629991739988327,
    0.98945814371109009,
    0.19285733997821808,
    -0.6015479564666748,
    0.78883665800094604,
    -0.12600289285182953,
    -0.030718406662344933,
    0,
    0,
    0,
    0.99999988079071045
  ],
  "cameraGrain" : 0.09691445529460907,
  "exposureDuration" : 0.01666666753590107,
  "time" : 321755.06326800009,
  "projectionMatrix" : [
    1.530276894569397,
    0,
    -0.00097441673278808594,
    0,
    0,
    2.0403692722320557,
    -0.0044587850570678711,
    0,
    0,
    0,
    -0.9999997615814209,
    -0.00099999981466680765,
    0,
    0,
    -1,
    0
  ]
}