{
  "cameraPoseARFrame" : [
    0.38363713026046753,
    0.92277723550796509,
    0.036120016127824783,
    0.010191836394369602,
    -0.25291424989700317,
    0.067368790507316589,
    0.96514028310775757,
    0.15454013645648956,
    0.88817614316940308,
    -0.37939882278442383,
    0.25922873616218567,
    0.057240519672632217,
    0,
    0,
    0,
    0.99999982118606567
  ],
  "cameraGrain" : 0,
  "intrinsics" : [
    1490.29052734375,
    0,
    961.26885986328125,
    0,
    1490.29052734375,
    716.5560302734375,
    0,
    0,
    1
  ],
  "averageAngularVelocity" : 0,
  "motionQuality" : 1,
  "exposureDuration" : 0.01666666753590107,
  "averageVelocity" : 0,
  "frame_index" : 0,
  "projectionMatrix" : [
    1.5523859262466431,
    0,
    -0.0018426179885864258,
    0,
    0,
    2.0698480606079102,
    -0.0040888786315917969,
    0,
    0,
    0,
    -0.9999997615814209,
    -0.00099999981466680765,
    0,
    0,
    -1,
    0
  ],
  "time" : 321744.09500633343
}