{
  "cameraPoseARFrame" : [
    0.37480619549751282,
    0.92663592100143433,
    0.029429621994495392,
    0.010240736417472363,
    -0.25272005796432495,
    0.071575820446014404,
    0.96488833427429199,
    0.16171695291996002,
    0.89199376106262207,
    -0.36908349394798279,
    0.26100659370422363,
    0.057579513639211655,
    0,
    0,
    0,
    0.99999988079071045
  ],
  "cameraGrain" : 0,
  "intrinsics" : [
    1486.890625,
    0,
    961.33953857421875,
    0,
    1486.890625,
    716.4849853515625,
    0,
    0,
    1
  ],
  "averageAngularVelocity" : 0.044914130121469498,
  "motionQuality" : 0.98716741800308228,
  "exposureDuration" : 0.01666666753590107,
  "averageVelocity" : 0.013938547112047672,
  "frame_index" : 2,
  "projectionMatrix" : [
    1.5488444566726685,
    0,
    -0.0019161701202392578,
    0,
    0,
    2.0651259422302246,
    -0.004187464714050293,
    0,
    0,
    0,
    -0.9999997615814209,
    -0.00099999981466680765,
    0,
    0,
    -1,
    0
  ],
  "time" : 321745.15750054171
}