{
  "projectionMatrix" : [
    1.5244966745376587,
    0,
    -0.0013043880462646484,
    0,
    0,
    2.0326623916625977,
    -0.0042884349822998047,
    0,
    0,
    0,
    -0.9999997615814209,
    -0.00099999981466680765,
    0,
    0,
    -1,
    0
  ],
  "intrinsics" : [
    1463.516845703125,
    0,
    960.752197265625,
    0,
    1463.516845703125,
    716.412353515625,
    0,
    0,
    1
  ],
  "averageVelocity" : 0,
  "cameraPoseARFrame" : [
    -0.98459434509277344,
    0.0038586084265261889,
    -0.17481048405170441,
    -0.0056468616239726543,
    -0.17453335225582123,
    0.038742378354072571,
    0.98388868570327759,
    0.24257637560367584,
    0.010569010861217976,
    0.99924165010452271,
    -0.037472091615200043,
    -0.030757253989577293,
    0,
    0,
    0,
    0.9999997615814209
  ],
  "time" : 321753.49370712508,
  "averageAngularVelocity" : 0.082917623221874237,
  "cameraGrain" : 0.030621282756328583,
  "motionQuality" : 0.97630923986434937,
  "exposureDuration" : 0.01666666753590107,
  "frame_index" : 18
}