{
  "exposureDuration" : 0.01666666753590107,
  "averageVelocity" : 0.01633111760020256,
  "cameraGrain" : 0,
  "time" : 321751.95786504174,
  "intrinsics" : [
    1466.46533203125,
    0,
    961.025634765625,
    0,
    1466.46533203125,
    716.25787353515625,
    0,
    0,
    1
  ],
  "frame_index" : 15,
  "motionQuality" : 0.9632534384727478,
  "averageAngularVelocity" : 0.1286129504442215,
  "projectionMatrix" : [
    1.5275681018829346,
    0,
    -0.0015891790390014648,
    0,
    0,
    2.0367574691772461,
    -0.0045030117034912109,
    0,
    0,
    0,
    -0.9999997615814209,
    -0.00099999981466680765,
    0,
    0,
    -1,
    0
  ],
  "cameraPoseARFrame" : [
    -0.8559378981590271,
    0.48810121417045593,
    -0.17066758871078491,
    -0.021624691784381866,
    -0.17956067621707916,
    0.028945250436663628,
    0.98332095146179199,
    0.21885932981967926,
    0.48490014672279358,
    0.87230682373046875,
    0.062868453562259674,
    -0.004880217369645834,
    0,
    0,
    0,
    0.99999988079071045
  ]
}